asset	asset_address	type	mode	destination	source	entry_address
asset_logo_and_icons	$888000	VRAM	normal	$2000	VRAM_968000	$888002
asset_logo_and_icons	$888000	VRAM	normal	$1000	VRAM_968AB9	$888007
asset_logo_and_icons	$888000	VRAM	normal	$0000	VRAM_968CAC	$88800C
asset_logo_and_icons	$888000	VRAM	normal	$0100	VRAM_968CD7	$888011
asset_logo_and_icons	$888000	VRAM	normal	$5800	VRAM_A1878F	$888016
asset_system_font	$88801C	VRAM	normal	$4000	VRAM_968CFB	$88801E
asset_888024	$888024	VRAM	normal	$0000	VRAM_968EF3	$888026
asset_888024	$888024	VRAM	normal	$1000	VRAM_96B9C2	$88802B
asset_888024	$888024	VRAM	normal	$5000	VRAM_969D44	$888030
asset_888024	$888024	VRAM	normal	$2B00	VRAM_ABE372	$888035
asset_888024	$888024	VRAM	normal	$2000	VRAM_969177	$88803A
asset_888024	$888024	VRAM	normal	$4800	VRAM_969E44	$88803F
asset_888024	$888024	VRAM	normal	$6000	VRAM_96A2FF	$888044
asset_logo_sprites	$88804A	SPRITE	last	$3000	SPRITE_96A203	$88804B
asset_888051	$888051	SPRITE		$3000	SPRITE_BEF872	$888052
asset_888051	$888051	SPRITE		$33A2	SPRITE_BEDCDD	$888057
asset_888051	$888051	SPRITE	last	$371C	SPRITE_AEF8F3	$88805C
asset_888051	$888051	VRAM	normal	$2000	VRAM_A59B61	$888063
asset_888051	$888051	VRAM	normal	$2900	VRAM_BFB6FB	$888068
asset_888051	$888051	VRAM	normal	$0000	VRAM_BFCA23	$88806D
asset_888051	$888051	VRAM	normal	$1000	VRAM_BFCB85	$888072
asset_888051	$888051	VRAM	normal	$4000	VRAM_BFBADC	$888077
asset_888051	$888051	VRAM	normal	$5000	VRAM_BFCE4D	$88807C
asset_888051	$888051	VRAM	normal	$5400	VRAM_BFCFAA	$888081
asset_888051	$888051	VRAM	normal	$5800	VRAM_BFD894	$888086
asset_888051	$888051	VRAM	normal	$5C00	VRAM_BFDD6C	$88808B
asset_888051	$888051	VRAM	normal	$6000	VRAM_97923E	$888090
asset_888051	$888051	VRAM	normal	$7000	VRAM_BFDEB5	$888095
asset_888051	$888051	VRAM	normal	$3000	VRAM_BFBDBF	$88809A
asset_888051	$888051	VRAM	normal	$1400	VRAM_BFCCE3	$88809F
asset_888051	$888051	VRAM	normal	$1800	VRAM_BFCD8F	$8880A4
asset_888051	$888051	VRAM	normal	$1C00	VRAM_BFDAE3	$8880A9
asset_888051	$888051	VRAM	normal	$0400	VRAM_BFD064	$8880AE
asset_888051	$888051	VRAM	normal	$0800	VRAM_BFD3A8	$8880B3
asset_888051	$888051	VRAM	normal	$0C00	VRAM_BFD63F	$8880B8
asset_8880BE	$8880BE	VRAM	deferred	$6A00	VRAM_988000	$8880C0
asset_8880C6	$8880C6	SPRITE	last	$3000	SPRITE_94E769	$8880C7
asset_8880C6	$8880C6	VRAM	normal	$2000	VRAM_87E500	$8880CE
asset_8880C6	$8880C6	VRAM	normal	$3000	VRAM_9BF132	$8880D3
asset_8880C6	$8880C6	VRAM	normal	$5800	VRAM_A1878F	$8880D8
asset_8880C6	$8880C6	VRAM	normal	$6000	VRAM_93F0B9	$8880DD
asset_8880E3	$8880E3	WRAM	normal	$7F0000	FILE_87F89D	$8880E5
asset_8880E3	$8880E3	WRAM	normal	$7F0800	FILE_87FA5B	$8880EB
asset_8880E3	$8880E3	WRAM	normal	$7F1000	FILE_87FC50	$8880F1
asset_8880E3	$8880E3	WRAM	normal	$7F1800	FILE_87FD83	$8880F7
asset_8880E3	$8880E3	WRAM	normal	$7F2000	FILE_A8F8E9	$8880FD
asset_8880E3	$8880E3	WRAM	normal	$7F2800	FILE_A8F955	$888103
asset_8880E3	$8880E3	WRAM	normal	$7F3000	FILE_A8F9C1	$888109
asset_8880E3	$8880E3	WRAM	normal	$7F3800	FILE_A8FB24	$88810F
asset_8880E3	$8880E3	WRAM	normal	$7F4000	FILE_A8FBF4	$888115
asset_88811E	$88811E	VRAM	normal	$2000	VRAM_9FE745	$888120
asset_88811E	$88811E	VRAM	normal	$4400	VRAM_9FFB3F	$888125
asset_88811E	$88811E	VRAM	normal	$5000	VRAM_A0EB80	$88812A
asset_88811E	$88811E	VRAM	normal	$5800	VRAM_A1878F	$88812F
asset_888135	$888135	WRAM	normal	$7F0000	FILE_9FFB46	$888137
asset_888135	$888135	WRAM	normal	$7F0800	FILE_BFEDDC	$88813D
asset_888135	$888135	WRAM	normal	$7F1000	FILE_A2FE3E	$888143
asset_88814C	$88814C	SPRITE	last	$3000	SPRITE_96EC8D	$88814D
asset_88814C	$88814C	VRAM	normal	$2000	VRAM_96DBC2	$888154
asset_88814C	$88814C	VRAM	normal	$3000	VRAM_A3AEAD	$888159
asset_88814C	$88814C	VRAM	normal	$3400	VRAM_A3B41D	$88815E
asset_88814C	$88814C	VRAM	normal	$5800	VRAM_A1878F	$888163
asset_88814C	$88814C	VRAM	normal	$5D00	VRAM_969E44	$888168
asset_88814C	$88814C	VRAM	normal	$6000	VRAM_96E3D4	$88816D
asset_888173	$888173	WRAM	normal	$7F0000	FILE_96E9DD	$888175
asset_888173	$888173	WRAM	normal	$7F0800	FILE_96EBAD	$88817B
asset_888173	$888173	WRAM	normal	$7F0C00	FILE_87F89D	$888181
asset_888173	$888173	WRAM	normal	$7F1400	FILE_87FA5B	$888187
asset_888173	$888173	WRAM	normal	$7F1C00	FILE_A8F9C1	$88818D
asset_888196	$888196	SPRITE	last	$3000	SPRITE_96F5A3	$888197
asset_888196	$888196	VRAM	normal	$2000	VRAM_A8EA3D	$88819E
asset_888196	$888196	VRAM	normal	$4400	VRAM_9FFB3F	$8881A3
asset_888196	$888196	VRAM	normal	$5000	VRAM_A0EB80	$8881A8
asset_888196	$888196	VRAM	normal	$5800	VRAM_A1878F	$8881AD
asset_888196	$888196	VRAM	normal	$6000	VRAM_96ED93	$8881B2
asset_8881B8	$8881B8	WRAM	normal	$7F0000	FILE_96F364	$8881BA
asset_8881B8	$8881B8	WRAM	normal	$7F0400	FILE_96F49B	$8881C0
asset_8881C9	$8881C9	VRAM	normal	$0000	VRAM_958000	$8881CB
asset_8881D1	$8881D1	VRAM	normal	$0000	VRAM_958000	$8881D3
asset_8881D9	$8881D9	VRAM	normal	$5000	VRAM_A5FB01	$8881DB
asset_8881D9	$8881D9	VRAM	normal	$5800	VRAM_A1878F	$8881E0
asset_8881E6	$8881E6	VRAM	deferred	$5000	VRAM_A5FB01	$8881E8
asset_8881E6	$8881E6	VRAM	deferred	$5800	VRAM_A1878F	$8881ED
asset_8881F3	$8881F3	VRAM	normal	$4C00	VRAM_A196FD	$8881F5
asset_8881F3	$8881F3	VRAM	normal	$4E00	VRAM_A1943C	$8881FA
asset_8881F3	$8881F3	VRAM	normal	$5000	VRAM_A0EE5B	$8881FF
asset_8881F3	$8881F3	VRAM	normal	$2000	VRAM_969177	$888204
asset_8881F3	$8881F3	VRAM	normal	$0000	VRAM_968EF3	$888209
asset_8881F3	$8881F3	VRAM	normal	$6000	VRAM_96A2FF	$88820E
asset_888214	$888214	WRAM	normal	$7F0000	VRAM_A1878F	$888216
asset_88821E	$88821E	VRAM	normal	$5000	VRAM_A18681	$888220
asset_88821E	$88821E	VRAM	normal	$5400	VRAM_A18681	$888225
asset_88822B	$88822B	VRAM	normal	$4C00	VRAM_98BB69	$88822D
asset_88822B	$88822B	VRAM	normal	$5000	VRAM_98BADB	$888232
asset_888238	$888238	VRAM	normal	$4C00	VRAM_A78000	$88823A
asset_888238	$888238	VRAM	normal	$5000	VRAM_A78105	$88823F
asset_888245	$888245	VRAM	normal	$4C00	VRAM_AAF908	$888247
asset_888245	$888245	VRAM	normal	$5000	VRAM_AAFB7C	$88824C
asset_888252	$888252	VRAM	normal	$6FC0	VRAM_93F93A	$888254
asset_88825A	$88825A	VRAM	normal	$6FC0	VRAM_93F991	$88825C
asset_888262	$888262	VRAM	normal	$6FC0	VRAM_93F9CE	$888264
asset_88826A	$88826A	VRAM	normal	$6FC0	VRAM_93FA2E	$88826C
asset_888272	$888272	VRAM	normal	$6FC0	VRAM_93FAA3	$888274
asset_88827A	$88827A	VRAM	normal	$6FC0	VRAM_93FAF5	$88827C
asset_888282	$888282	VRAM	normal	$6FC0	VRAM_93FB5A	$888284
asset_88828A	$88828A	VRAM	normal	$6FC0	VRAM_93FBB7	$88828C
asset_888292	$888292	VRAM	normal	$6FC0	VRAM_93FBDD	$888294
asset_88829A	$88829A	SPRITE		$3000	SPRITE_BEDCDD	$88829B
asset_88829A	$88829A	SPRITE	last	$337A	SPRITE_BEE19C	$8882A0
asset_88829A	$88829A	VRAM	normal	$6000	VRAM_97923E	$8882A7
asset_88829A	$88829A	VRAM	normal	$6A00	VRAM_97B500	$8882AC
asset_88829A	$88829A	VRAM	normal	$5800	VRAM_A1878F	$8882B1
asset_88829A	$88829A	VRAM	normal	$4E00	VRAM_A1943C	$8882B6
asset_8882BC	$8882BC	VRAM	deferred	$6A00	VRAM_97C71B	$8882BE
asset_8882C4	$8882C4	VRAM	normal	$0000	VRAM_99A9A9	$8882C6
asset_8882CC	$8882CC	VRAM	normal	$0000	VRAM_99A71A	$8882CE
asset_8882D4	$8882D4	SPRITE	last	$3000	SPRITE_BEDCDD	$8882D5
asset_8882D4	$8882D4	VRAM	normal	$6000	VRAM_97923E	$8882DC
asset_8882D4	$8882D4	VRAM	normal	$5000	VRAM_97882E	$8882E1
asset_8882D4	$8882D4	VRAM	normal	$4400	VRAM_97B0A1	$8882E6
asset_8882D4	$8882D4	VRAM	normal	$4800	VRAM_A1878F	$8882EB
asset_8882F1	$8882F1	WRAM	normal	$7FC000	FILE_9FFC9E|$400000	$8882F3
asset_8882F1	$8882F1	WRAM	normal	$7FC001	FILE_9FFF0C|$400000	$8882F9
asset_888301	$888301	VRAM	normal	$5800	VRAM_A1A44E	$888303
asset_888309	$888309	VRAM	normal	$5C00	VRAM_A1A44E	$88830B
asset_888311	$888311	VRAM	normal	$5800	VRAM_A1A97D	$888313
asset_888319	$888319	VRAM	normal	$5C00	VRAM_A1A97D	$88831B
asset_888321	$888321	VRAM	normal	$5800	VRAM_A1AEBB	$888323
asset_888329	$888329	VRAM	normal	$5C00	VRAM_A1AEBB	$88832B
asset_888331	$888331	VRAM	normal	$5800	VRAM_A1B400	$888333
asset_888339	$888339	VRAM	normal	$5C00	VRAM_A1B400	$88833B
asset_888341	$888341	VRAM	deferred	$5800	VRAM_A1A44E	$888343
asset_888349	$888349	VRAM	deferred	$5C00	VRAM_A1A44E	$88834B
asset_888351	$888351	VRAM	deferred	$5800	VRAM_A1A97D	$888353
asset_888359	$888359	VRAM	deferred	$5C00	VRAM_A1A97D	$88835B
asset_888361	$888361	VRAM	deferred	$5800	VRAM_A1AEBB	$888363
asset_888369	$888369	VRAM	deferred	$5C00	VRAM_A1AEBB	$88836B
asset_888371	$888371	VRAM	deferred	$5800	VRAM_A1B400	$888373
asset_888379	$888379	VRAM	deferred	$5C00	VRAM_A1B400	$88837B
asset_888381	$888381	VRAM	normal	$1000	VRAM_97882E	$888383
asset_888381	$888381	VRAM	normal	$2000	VRAM_A0ED31	$888388
asset_888381	$888381	VRAM	normal	$0000	VRAM_97B0A1	$88838D
asset_888393	$888393	VRAM	deferred	$1000	VRAM_97882E	$888395
asset_888393	$888393	VRAM	deferred	$2000	VRAM_A0ED31	$88839A
asset_888393	$888393	VRAM	deferred	$0000	VRAM_97B0A1	$88839F
asset_8883A5	$8883A5	VRAM	deferred	$1800	VRAM_A1A44E	$8883A7
asset_8883AD	$8883AD	VRAM	deferred	$1C00	VRAM_A1A44E	$8883AF
asset_8883B5	$8883B5	VRAM	deferred	$1800	VRAM_A1A97D	$8883B7
asset_8883BD	$8883BD	VRAM	deferred	$1C00	VRAM_A1A97D	$8883BF
asset_8883C5	$8883C5	VRAM	deferred	$1800	VRAM_A1AEBB	$8883C7
asset_8883CD	$8883CD	VRAM	deferred	$1C00	VRAM_A1AEBB	$8883CF
asset_8883D5	$8883D5	VRAM	deferred	$1800	VRAM_A1B400	$8883D7
asset_8883DD	$8883DD	VRAM	deferred	$1C00	VRAM_A1B400	$8883DF
asset_8883E5	$8883E5	VRAM	normal	$0000	VRAM_A1B9C5	$8883E7
asset_8883ED	$8883ED	WRAM	normal	$7F8000	FILE_A1DB51|$400000	$8883EF
asset_8883F7	$8883F7	SPRITE		$337A	SPRITE_BEE6E6	$8883F8
asset_8883F7	$8883F7	SPRITE	last	$38F8	SPRITE_BEF810	$8883FD
asset_8883F7	$8883F7	VRAM	normal	$7000	VRAM_97A5C0	$888404
asset_8883F7	$8883F7	VRAM	normal	$7400	VRAM_A1D57F	$888409
asset_8883F7	$8883F7	VRAM	normal	$7C00	VRAM_96F5FC	$88840E
asset_888414	$888414	SPRITE	last	$36EC	SPRITE_BEE6E6	$888415
asset_888414	$888414	VRAM	normal	$7000	VRAM_97A5C0	$88841C
asset_888414	$888414	VRAM	normal	$7400	VRAM_A1D57F	$888421
asset_888414	$888414	VRAM	normal	$7800	VRAM_97C21D	$888426
asset_888414	$888414	VRAM	normal	$7C00	VRAM_97BDA3	$88842B
asset_888431	$888431	VRAM	normal	$0000	VRAM_A1DDB6	$888433
asset_888439	$888439	WRAM	normal	$7F8000	FILE_A1F7D6|$400000	$88843B
asset_888443	$888443	SPRITE		$337A	SPRITE_BEE805	$888444
asset_888443	$888443	SPRITE	last	$34B8	SPRITE_BEF759	$888449
asset_888443	$888443	VRAM	normal	$7000	VRAM_B1984E	$888450
asset_888443	$888443	VRAM	normal	$7800	VRAM_B1A461	$888455
asset_888443	$888443	VRAM	normal	$7C00	VRAM_9CF4CE	$88845A
asset_888460	$888460	VRAM	deferred	$7C00	VRAM_97AB80	$888462
asset_888468	$888468	VRAM	deferred	$7C00	VRAM_9CF4CE	$88846A
asset_888470	$888470	SPRITE	last	$36EC	SPRITE_BEE805	$888471
asset_888470	$888470	VRAM	normal	$7000	VRAM_B1984E	$888478
asset_888470	$888470	VRAM	normal	$7800	VRAM_99FBF4	$88847D
asset_888470	$888470	VRAM	normal	$7C00	VRAM_97AB80	$888482
asset_888488	$888488	VRAM	normal	$0000	VRAM_B1A78E	$88848A
asset_888490	$888490	VRAM	normal	$0000	VRAM_B1C92E	$888492
asset_888498	$888498	WRAM	normal	$7F8000	FILE_B1CCA0|$400000	$88849A
asset_8884A2	$8884A2	SPRITE	last	$337A	SPRITE_BEE9E4	$8884A3
asset_8884A2	$8884A2	VRAM	normal	$7000	VRAM_97A5C0	$8884AA
asset_8884A2	$8884A2	VRAM	normal	$7400	VRAM_97AB80	$8884AF
asset_8884A2	$8884A2	VRAM	normal	$7800	VRAM_B1BE51	$8884B4
asset_8884BA	$8884BA	VRAM	normal	$0000	VRAM_A28C5F	$8884BC
asset_8884C2	$8884C2	VRAM	normal	$0000	VRAM_B3B99D	$8884C4
asset_8884CA	$8884CA	VRAM	normal	$0000	VRAM_B3D845	$8884CC
asset_8884D2	$8884D2	WRAM	normal	$7F8000	FILE_B3E353|$400000	$8884D4
asset_8884DC	$8884DC	VRAM	normal	$0000	VRAM_B3B99D	$8884DE
asset_8884DC	$8884DC	VRAM	normal	$0000	VRAM_B3D845	$8884E3
asset_8884E9	$8884E9	SPRITE		$337A	SPRITE_BEECC4	$8884EA
asset_8884E9	$8884E9	SPRITE		$38B0	SPRITE_BEF7B5	$8884EF
asset_8884E9	$8884E9	SPRITE	last	$38F8	SPRITE_BEF810	$8884F4
asset_8884E9	$8884E9	VRAM	normal	$7000	VRAM_A2AAEF	$8884FB
asset_8884E9	$8884E9	VRAM	normal	$7C00	VRAM_96F5FC	$888500
asset_8884E9	$8884E9	VRAM	normal	$7E00	VRAM_9CF795	$888505
asset_88850B	$88850B	VRAM	deferred	$7C00	VRAM_A2BDE7	$88850D
asset_888513	$888513	VRAM	deferred	$7C00	VRAM_96F5FC	$888515
asset_888513	$888513	VRAM	deferred	$7E00	VRAM_9CF795	$88851A
asset_888520	$888520	VRAM	deferred	$7C00	VRAM_A2C382	$888522
asset_888528	$888528	VRAM	deferred	$7000	VRAM_A2C382	$88852A
asset_888530	$888530	VRAM	normal	$0000	VRAM_A99D15	$888532
asset_888538	$888538	WRAM	normal	$7F8000	FILE_A9C34A|$400000	$88853A
asset_888542	$888542	SPRITE		$337A	SPRITE_BEF2B2	$888543
asset_888542	$888542	SPRITE	last	$38B0	SPRITE_BEF7B5	$888548
asset_888542	$888542	VRAM	normal	$7000	VRAM_A9B7B5	$88854F
asset_888542	$888542	VRAM	normal	$7A00	VRAM_97AB80	$888554
asset_888542	$888542	VRAM	normal	$7E00	VRAM_9CF795	$888559
asset_88855F	$88855F	VRAM	normal	$0000	VRAM_AAEF63	$888561
asset_888567	$888567	VRAM	normal	$0000	VRAM_ACFA65	$888569
asset_88856F	$88856F	VRAM	normal	$0000	VRAM_9AE1E4	$888571
asset_888577	$888577	SPRITE	last	$3522	SPRITE_BEF6BC	$888578
asset_888577	$888577	VRAM	deferred	$7A00	VRAM_9AE411	$88857F
asset_888585	$888585	VRAM	deferred	$7E00	VRAM_AAC911	$888587
asset_88858D	$88858D	VRAM	deferred	$7D00	VRAM_BFECB6	$88858F
asset_88858D	$88858D	VRAM	deferred	$7E00	VRAM_AACB79	$888594
asset_88859A	$88859A	SPRITE	last	$351E	SPRITE_A8BCB4	$88859B
asset_88859A	$88859A	VRAM	deferred	$7000	VRAM_AAB62F	$8885A2
asset_88859A	$88859A	VRAM	deferred	$7E00	VRAM_AACB79	$8885A7
asset_8885AD	$8885AD	VRAM	normal	$2000	VRAM_A2C861	$8885AF
asset_8885B5	$8885B5	VRAM	normal	$3F40	VRAM_A2D8C0	$8885B7
asset_8885BD	$8885BD	VRAM	normal	$6A00	VRAM_BE8821	$8885BF
asset_8885C5	$8885C5	VRAM	normal	$2000	VRAM_A2D937	$8885C7
asset_8885CD	$8885CD	VRAM	normal	$2000	VRAM_BE8000	$8885CF
asset_8885D5	$8885D5	VRAM	normal	$6A00	VRAM_A2E1DE	$8885D7
asset_8885DD	$8885DD	SPRITE		$3000	SPRITE_BEF514	$8885DE
asset_8885DD	$8885DD	SPRITE	last	$304A	SPRITE_BEF57E	$8885E3
asset_8885DD	$8885DD	VRAM	normal	$2000	VRAM_91D960	$8885EA
asset_8885DD	$8885DD	VRAM	normal	$7000	VRAM_A2F130	$8885EF
asset_8885DD	$8885DD	VRAM	normal	$7800	VRAM_A1FAD2	$8885F4
asset_8885DD	$8885DD	VRAM	normal	$0000	VRAM_9AF5E6	$8885F9
asset_8885FF	$8885FF	SPRITE	last	$3000	SPRITE_BEF514	$888600
asset_8885FF	$8885FF	VRAM	normal	$7800	VRAM_A1FAD2	$888607
asset_88860D	$88860D	VRAM	deferred	$7E00	VRAM_9DEF92	$88860F
asset_888615	$888615	VRAM	deferred	$7600	VRAM_B4F1D5	$888617
asset_88861D	$88861D	SPRITE	last	$3196	SPRITE_A88930	$88861E
asset_88861D	$88861D	VRAM	deferred	$7000	VRAM_AAA9F9	$888625
asset_sound_driver	$8888AD	SPC	normal	spc_samples|$400000	spc_driver	$8888B1
asset_8888BB	$8888BB	VRAM	normal	$6A00	VRAM_A2E1DE	$8888BD
asset_8888C3	$8888C3	VRAM	normal	$4C00	VRAM_968CFB	$8888C5
asset_8888C3	$8888C3	VRAM	normal	$5800	VRAM_A1878F	$8888CA
asset_8888C3	$8888C3	VRAM	normal	$4E00	VRAM_A1943C	$8888CF
asset_8888C3	$8888C3	VRAM	normal	$6A00	VRAM_A2E1DE	$8888D4
asset_8888DA	$8888DA	WRAM	normal	$001820	FILE_A19836	$8888DC
asset_8888E4	$8888E4	VRAM	deferred	$5800	VRAM_A1878F	$8888E6
asset_8888E4	$8888E4	VRAM	deferred	$4800	VRAM_A1943C	$8888EB
asset_8888E4	$8888E4	VRAM	deferred	$4C00	VRAM_968CFB	$8888F0
asset_8888E4	$8888E4	VRAM	deferred	$6A00	VRAM_A2E1DE	$8888F5
asset_8888FB	$8888FB	VRAM	normal	$6A00	VRAM_A19B2C	$8888FD
asset_888903	$888903	WRAM	normal	$7F4000	FILE_A1989D	$888905
asset_88890D	$88890D	VRAM	normal	$4C00	VRAM_A196FD	$88890F
asset_88890D	$88890D	VRAM	normal	$6A00	VRAM_A19B2C	$888914
asset_88891A	$88891A	WRAM	normal	$7F4000	FILE_A19A3F	$88891C
asset_888924	$888924	WRAM	normal	$7F4800	FILE_84F6F0	$888926
asset_888924	$888924	WRAM	normal	$7F4C00	FILE_84F712	$88892C
asset_888924	$888924	WRAM	normal	$7F5400	FILE_84F729	$888932
asset_888924	$888924	WRAM	normal	$7F5800	FILE_84F75B	$888938
asset_888940	$888940	WRAM	normal	$7F4800	FILE_84F77F	$888942
asset_888940	$888940	WRAM	normal	$7F4C00	FILE_84F7A6	$888948
asset_888940	$888940	WRAM	normal	$7F5400	FILE_84F7C6	$88894E
asset_888940	$888940	WRAM	normal	$7F5800	FILE_84F7FA	$888954
asset_88895C	$88895C	WRAM	normal	$7F4800	FILE_84F835	$88895E
asset_88895C	$88895C	WRAM	normal	$7F4C00	FILE_84F87A	$888964
asset_88895C	$88895C	WRAM	normal	$7F5400	FILE_84F88E	$88896A
asset_88895C	$88895C	WRAM	normal	$7F5800	FILE_84F8D6	$888970
asset_888978	$888978	WRAM	normal	$7F4800	FILE_84F8F0	$88897A
asset_888978	$888978	WRAM	normal	$7F4C00	FILE_84F93F	$888980
asset_888978	$888978	WRAM	normal	$7F5400	FILE_84F96D	$888986
asset_888978	$888978	WRAM	normal	$7F5800	FILE_84F9C8	$88898C
asset_888994	$888994	WRAM	normal	$7F4800	FILE_84F9FE	$888996
asset_888994	$888994	WRAM	normal	$7F4C00	FILE_84FA4E	$88899C
asset_888994	$888994	WRAM	normal	$7F5400	FILE_84FA8F	$8889A2
asset_888994	$888994	WRAM	normal	$7F5800	FILE_84FAE8	$8889A8
asset_8889B0	$8889B0	WRAM	normal	$7F4800	FILE_84FB38	$8889B2
asset_8889B0	$8889B0	WRAM	normal	$7F4C00	FILE_84FB8D	$8889B8
asset_8889B0	$8889B0	WRAM	normal	$7F5400	FILE_84FBC6	$8889BE
asset_8889B0	$8889B0	WRAM	normal	$7F5800	FILE_84FC2B	$8889C4
asset_8889CC	$8889CC	WRAM	normal	$7F4800	FILE_84FC6F	$8889CE
asset_8889CC	$8889CC	WRAM	normal	$7F4C00	FILE_84FCD9	$8889D4
asset_8889CC	$8889CC	WRAM	normal	$7F5400	FILE_84FD05	$8889DA
asset_8889CC	$8889CC	WRAM	normal	$7F5800	FILE_84FD62	$8889E0
asset_8889E8	$8889E8	WRAM	normal	$7F4800	FILE_84FDAF	$8889EA
asset_8889E8	$8889E8	WRAM	normal	$7F5400	FILE_84FDCB	$8889F0
asset_8889F8	$8889F8	WRAM	normal	$7F4800	FILE_84F8F0	$8889FA
asset_8889F8	$8889F8	WRAM	normal	$7F4C00	FILE_84F93F	$888A00
asset_8889F8	$8889F8	WRAM	normal	$7F5400	FILE_84F96D	$888A06
asset_8889F8	$8889F8	WRAM	normal	$7F5800	FILE_84F9C8	$888A0C
asset_888A14	$888A14	WRAM	normal	$7F4800	FILE_84FDE0	$888A16
asset_888A14	$888A14	WRAM	normal	$7F5400	FILE_84FDF5	$888A1C
asset_888A24	$888A24	WRAM	normal	$7F4800	FILE_84FE03	$888A26
asset_888A24	$888A24	WRAM	normal	$7F5400	FILE_84FE18	$888A2C
asset_888A34	$888A34	WRAM	normal	$7F4800	FILE_84FE25	$888A36
asset_888A3E	$888A3E	WRAM	normal	$7FC000	FILE_A48152	$888A40
asset_888A3E	$888A3E	WRAM	normal	$7FA000	FILE_A4FECE|$400000	$888A46
asset_888A3E	$888A3E	WRAM	normal	$7FA001	FILE_A4FF95|$400000	$888A4C
asset_888A3E	$888A3E	WRAM	normal	$7E8000	FILE_A4FFB5	$888A52
asset_888A5A	$888A5A	VRAM	normal	$2000	VRAM_A38A50	$888A5C
asset_888A5A	$888A5A	VRAM	normal	$3000	VRAM_A39A5D	$888A61
asset_888A5A	$888A5A	VRAM	normal	$4000	VRAM_A3AEAD	$888A66
asset_888A5A	$888A5A	VRAM	normal	$4400	VRAM_A3B41D	$888A6B
asset_888A5A	$888A5A	VRAM	normal	$1000	VRAM_A585FB	$888A70
asset_888A5A	$888A5A	VRAM	normal	$5000	VRAM_A18681	$888A75
asset_888A5A	$888A5A	VRAM	normal	$7000	VRAM_A9F6CF	$888A7A
asset_888A5A	$888A5A	VRAM	normal	$7600	VRAM_B4F1D5	$888A7F
asset_888A9E	$888A9E	WRAM	normal	$7FC000	FILE_A3804B	$888AA0
asset_888A9E	$888A9E	WRAM	normal	$7FA000	FILE_A381A1|$400000	$888AA6
asset_888A9E	$888A9E	WRAM	normal	$7FA001	FILE_A385FF|$400000	$888AAC
asset_888A9E	$888A9E	WRAM	normal	$7FF000	FILE_A38159	$888AB2
asset_888A9E	$888A9E	WRAM	normal	$7FD000	FILE_A387C3|$400000	$888AB8
asset_888A9E	$888A9E	WRAM	normal	$7FD001	FILE_A38939|$400000	$888ABE
asset_888A9E	$888A9E	WRAM	normal	$7F7000	FILE_A389C9	$888AC4
asset_888ACC	$888ACC	VRAM	normal	$2000	VRAM_A38A50	$888ACE
asset_888ACC	$888ACC	VRAM	normal	$3000	VRAM_A39A5D	$888AD3
asset_888ACC	$888ACC	VRAM	normal	$4000	VRAM_A3AEAD	$888AD8
asset_888ACC	$888ACC	VRAM	normal	$4400	VRAM_A3B41D	$888ADD
asset_888ACC	$888ACC	VRAM	normal	$5000	VRAM_A18681	$888AE2
asset_888ACC	$888ACC	VRAM	normal	$7000	VRAM_98BB94	$888AE7
asset_888ACC	$888ACC	VRAM	normal	$7400	VRAM_98C53C	$888AEC
asset_888ACC	$888ACC	VRAM	normal	$7800	VRAM_998000	$888AF1
asset_888ACC	$888ACC	VRAM	normal	$7C00	VRAM_98C082	$888AF6
asset_888AFC	$888AFC	WRAM	normal	$7FC000	FILE_A3B8EA	$888AFE
asset_888AFC	$888AFC	WRAM	normal	$7FA000	FILE_A3BC69|$400000	$888B04
asset_888AFC	$888AFC	WRAM	normal	$7FA001	FILE_A3C45E|$400000	$888B0A
asset_888AFC	$888AFC	WRAM	normal	$7FF000	FILE_A3BC3A	$888B10
asset_888AFC	$888AFC	WRAM	normal	$7FD000	FILE_A4FFC4|$400000	$888B16
asset_888AFC	$888AFC	WRAM	normal	$7FD001	FILE_A4FFD5|$400000	$888B1C
asset_888AFC	$888AFC	WRAM	normal	$7F7000	FILE_A3BB51	$888B22
asset_888B2A	$888B2A	VRAM	normal	$2000	VRAM_A38A50	$888B2C
asset_888B2A	$888B2A	VRAM	normal	$3000	VRAM_A48378	$888B31
asset_888B2A	$888B2A	VRAM	normal	$5000	VRAM_A18681	$888B36
asset_888B2A	$888B2A	VRAM	normal	$7400	VRAM_98C53C	$888B3B
asset_888B2A	$888B2A	VRAM	normal	$7800	VRAM_998000	$888B40
asset_888B5F	$888B5F	VRAM	normal	$2000	VRAM_A38A50	$888B61
asset_888B5F	$888B5F	VRAM	normal	$3000	VRAM_A48378	$888B66
asset_888B5F	$888B5F	VRAM	normal	$4000	VRAM_A39A5D	$888B6B
asset_888B5F	$888B5F	VRAM	normal	$1000	VRAM_A2FFAB	$888B70
asset_888B5F	$888B5F	VRAM	normal	$1400	VRAM_A2FFAB	$888B75
asset_888B5F	$888B5F	VRAM	normal	$1800	VRAM_A2FFAB	$888B7A
asset_888B5F	$888B5F	VRAM	normal	$1C00	VRAM_A2FFAB	$888B7F
asset_888B5F	$888B5F	VRAM	normal	$4E00	VRAM_A1943C	$888B84
asset_888B5F	$888B5F	VRAM	normal	$5000	VRAM_A18681	$888B89
asset_888B5F	$888B5F	VRAM	normal	$7800	VRAM_998000	$888B8E
asset_888B5F	$888B5F	VRAM	normal	$7C00	VRAM_AA9D67	$888B93
asset_888B99	$888B99	WRAM	normal	$7FC000	FILE_A3CD62	$888B9B
asset_888B99	$888B99	WRAM	normal	$7FA000	FILE_A3CEAE|$400000	$888BA1
asset_888B99	$888B99	WRAM	normal	$7FA001	FILE_A3D118|$400000	$888BA7
asset_888B99	$888B99	WRAM	normal	$7FD000	FILE_A6D11A|$400000	$888BAD
asset_888B99	$888B99	WRAM	normal	$7FD001	FILE_A6D1E1|$400000	$888BB3
asset_888B99	$888B99	WRAM	normal	$7E8000	FILE_A2C82F	$888BB9
asset_888BC1	$888BC1	VRAM	normal	$2000	VRAM_A3D1B9	$888BC3
asset_888BC1	$888BC1	VRAM	normal	$4000	VRAM_A6D209	$888BC8
asset_888BC1	$888BC1	VRAM	normal	$1000	VRAM_A2FFAB	$888BCD
asset_888BC1	$888BC1	VRAM	normal	$1400	VRAM_A2FFAB	$888BD2
asset_888BC1	$888BC1	VRAM	normal	$1800	VRAM_A2FFAB	$888BD7
asset_888BC1	$888BC1	VRAM	normal	$1C00	VRAM_A2FFAB	$888BDC
asset_888BC1	$888BC1	VRAM	normal	$4C00	VRAM_98BB69	$888BE1
asset_888BC1	$888BC1	VRAM	normal	$5000	VRAM_98BADB	$888BE6
asset_888BC1	$888BC1	VRAM	normal	$7000	VRAM_A6DE24	$888BEB
asset_888BC1	$888BC1	VRAM	normal	$7C00	VRAM_998000	$888BF0
asset_888BF6	$888BF6	VRAM	normal	$4C00	VRAM_98BB69	$888BF8
asset_888BFE	$888BFE	WRAM	normal	$7FC000	FILE_A3E2FA	$888C00
asset_888BFE	$888BFE	WRAM	normal	$7FA000	FILE_A3E365|$400000	$888C06
asset_888BFE	$888BFE	WRAM	normal	$7FA001	FILE_A3E53C|$400000	$888C0C
asset_888BFE	$888BFE	WRAM	normal	$7E8000	FILE_A3E5DF	$888C12
asset_888C1A	$888C1A	VRAM	normal	$2000	VRAM_A38A50	$888C1C
asset_888C1A	$888C1A	VRAM	normal	$3000	VRAM_A48378	$888C21
asset_888C1A	$888C1A	VRAM	normal	$4000	VRAM_A3D1B9	$888C26
asset_888C1A	$888C1A	VRAM	normal	$1000	VRAM_A2FFAB	$888C2B
asset_888C1A	$888C1A	VRAM	normal	$5000	VRAM_A18681	$888C30
asset_888C1A	$888C1A	VRAM	normal	$7800	VRAM_998000	$888C35
asset_888C3B	$888C3B	WRAM	normal	$7FC000	FILE_A3E61A	$888C3D
asset_888C3B	$888C3B	WRAM	normal	$7FA000	FILE_A3E6D0|$400000	$888C43
asset_888C3B	$888C3B	WRAM	normal	$7FA001	FILE_A3EA68|$400000	$888C49
asset_888C3B	$888C3B	WRAM	normal	$7F7000	FILE_A3EBDE	$888C4F
asset_888C57	$888C57	VRAM	normal	$2000	VRAM_A38A50	$888C59
asset_888C57	$888C57	VRAM	normal	$3000	VRAM_A48378	$888C5E
asset_888C57	$888C57	VRAM	normal	$4000	VRAM_A3D1B9	$888C63
asset_888C57	$888C57	VRAM	normal	$1000	VRAM_A3EC3C	$888C68
asset_888C57	$888C57	VRAM	normal	$1400	VRAM_A3EC3C	$888C6D
asset_888C57	$888C57	VRAM	normal	$1800	VRAM_A3EC3C	$888C72
asset_888C57	$888C57	VRAM	normal	$1C00	VRAM_A3EC3C	$888C77
asset_888C57	$888C57	VRAM	normal	$5000	VRAM_A18681	$888C7C
asset_888C57	$888C57	VRAM	normal	$7000	VRAM_98BB94	$888C81
asset_888C57	$888C57	VRAM	normal	$7800	VRAM_998000	$888C86
asset_888C57	$888C57	VRAM	normal	$7C00	VRAM_AA9D67	$888C8B
asset_888C91	$888C91	WRAM	normal	$7FC000	FILE_A3ED2D	$888C93
asset_888C91	$888C91	WRAM	normal	$7FA000	FILE_A3EE0E|$400000	$888C99
asset_888C91	$888C91	WRAM	normal	$7FA001	FILE_A3F0FB|$400000	$888C9F
asset_888C91	$888C91	WRAM	normal	$7F7000	FILE_A3F27B	$888CA5
asset_888CAD	$888CAD	VRAM	normal	$2000	VRAM_A48378	$888CAF
asset_888CAD	$888CAD	VRAM	normal	$3000	VRAM_A3AEAD	$888CB4
asset_888CAD	$888CAD	VRAM	normal	$3400	VRAM_A3B41D	$888CB9
asset_888CAD	$888CAD	VRAM	normal	$4000	VRAM_A3D1B9	$888CBE
asset_888CAD	$888CAD	VRAM	normal	$1000	VRAM_A3F2F8	$888CC3
asset_888CAD	$888CAD	VRAM	normal	$1400	VRAM_A3F2F8	$888CC8
asset_888CAD	$888CAD	VRAM	normal	$1800	VRAM_A3F439	$888CCD
asset_888CAD	$888CAD	VRAM	normal	$1C00	VRAM_A3F439	$888CD2
asset_888CAD	$888CAD	VRAM	normal	$5000	VRAM_A18681	$888CD7
asset_888CAD	$888CAD	VRAM	normal	$7000	VRAM_98BB94	$888CDC
asset_888CAD	$888CAD	VRAM	normal	$7400	VRAM_978581	$888CE1
asset_888CAD	$888CAD	VRAM	normal	$7800	VRAM_998000	$888CE6
asset_888CEC	$888CEC	WRAM	normal	$7FC000	FILE_A3F510	$888CEE
asset_888CEC	$888CEC	WRAM	normal	$7FA000	FILE_A3F5B8|$400000	$888CF4
asset_888CEC	$888CEC	WRAM	normal	$7FA001	FILE_A3F8F0|$400000	$888CFA
asset_888CEC	$888CEC	WRAM	normal	$7F7000	FILE_A3FAB4	$888D00
asset_888D08	$888D08	VRAM	normal	$2000	VRAM_A38A50	$888D0A
asset_888D08	$888D08	VRAM	normal	$3000	VRAM_A48378	$888D0F
asset_888D08	$888D08	VRAM	normal	$4000	VRAM_A3AEAD	$888D14
asset_888D08	$888D08	VRAM	normal	$4400	VRAM_A3B41D	$888D19
asset_888D08	$888D08	VRAM	normal	$1000	VRAM_A3FAF8	$888D1E
asset_888D08	$888D08	VRAM	normal	$1400	VRAM_A3FAF8	$888D23
asset_888D08	$888D08	VRAM	normal	$1800	VRAM_A3FAF8	$888D28
asset_888D08	$888D08	VRAM	normal	$1C00	VRAM_A3FAF8	$888D2D
asset_888D08	$888D08	VRAM	normal	$5000	VRAM_A18681	$888D32
asset_888D08	$888D08	VRAM	normal	$7000	VRAM_98BB94	$888D37
asset_888D08	$888D08	VRAM	normal	$7800	VRAM_998000	$888D3C
asset_888D42	$888D42	WRAM	normal	$7FC000	FILE_A3FBD5	$888D44
asset_888D42	$888D42	WRAM	normal	$7FA000	FILE_A3FBEB|$400000	$888D4A
asset_888D42	$888D42	WRAM	normal	$7FA001	FILE_A3FC16|$400000	$888D50
asset_888D42	$888D42	WRAM	normal	$7E8000	FILE_A2FFA3	$888D56
asset_888D5E	$888D5E	VRAM	normal	$1000	VRAM_A3AEAD	$888D60
asset_888D5E	$888D5E	VRAM	normal	$1400	VRAM_A3B41D	$888D65
asset_888D5E	$888D5E	VRAM	normal	$1C00	VRAM_A3FC29	$888D6A
asset_888D5E	$888D5E	VRAM	normal	$5000	VRAM_A18681	$888D6F
asset_888D5E	$888D5E	VRAM	normal	$7000	VRAM_98BB94	$888D74
asset_888D5E	$888D5E	VRAM	normal	$7400	VRAM_98C082	$888D79
asset_888D5E	$888D5E	VRAM	normal	$7800	VRAM_AA8000	$888D7E
asset_888D5E	$888D5E	VRAM	normal	$7A00	VRAM_AA8215	$888D83
asset_888D89	$888D89	VRAM	normal	$2000	VRAM_A7C970	$888D8B
asset_888D91	$888D91	VRAM	normal	$2000	VRAM_A7CF4F	$888D93
asset_888D91	$888D91	VRAM	normal	$3000	VRAM_A7CF4F	$888D98
asset_888D9E	$888D9E	WRAM	normal	$7FC000	FILE_A48000	$888DA0
asset_888D9E	$888D9E	WRAM	normal	$7FA000	FILE_A3FCC0|$400000	$888DA6
asset_888D9E	$888D9E	WRAM	normal	$7FA001	FILE_A3FF2C|$400000	$888DAC
asset_888D9E	$888D9E	WRAM	normal	$7FD000	FILE_A6D11A|$400000	$888DB2
asset_888D9E	$888D9E	WRAM	normal	$7FD001	FILE_A6D1E1|$400000	$888DB8
asset_888D9E	$888D9E	WRAM	normal	$7E8000	FILE_A4806B	$888DBE
asset_888DC6	$888DC6	VRAM	normal	$2000	VRAM_A48378	$888DC8
asset_888DC6	$888DC6	VRAM	normal	$3000	VRAM_A3D1B9	$888DCD
asset_888DC6	$888DC6	VRAM	normal	$4000	VRAM_A6D209	$888DD2
asset_888DC6	$888DC6	VRAM	normal	$1000	VRAM_A2FFAB	$888DD7
asset_888DC6	$888DC6	VRAM	normal	$1400	VRAM_A2FFAB	$888DDC
asset_888DC6	$888DC6	VRAM	normal	$1800	VRAM_A2FFAB	$888DE1
asset_888DC6	$888DC6	VRAM	normal	$1C00	VRAM_A2FFAB	$888DE6
asset_888DC6	$888DC6	VRAM	normal	$5000	VRAM_A18681	$888DEB
asset_888DC6	$888DC6	VRAM	normal	$7000	VRAM_A6DE24	$888DF0
asset_888DC6	$888DC6	VRAM	normal	$7C00	VRAM_A6EEC4	$888DF5
asset_888DFB	$888DFB	WRAM	normal	$7FC000	FILE_A4807C	$888DFD
asset_888DFB	$888DFB	WRAM	normal	$7FA000	FILE_A58000|$400000	$888E03
asset_888DFB	$888DFB	WRAM	normal	$7FA001	FILE_A581F5|$400000	$888E09
asset_888DFB	$888DFB	WRAM	normal	$7F7000	FILE_A48112	$888E0F
asset_888E17	$888E17	VRAM	normal	$2000	VRAM_A38A50	$888E19
asset_888E17	$888E17	VRAM	normal	$3000	VRAM_A39A5D	$888E1E
asset_888E17	$888E17	VRAM	normal	$4000	VRAM_A3AEAD	$888E23
asset_888E17	$888E17	VRAM	normal	$4400	VRAM_A3B41D	$888E28
asset_888E17	$888E17	VRAM	normal	$1000	VRAM_A48178	$888E2D
asset_888E17	$888E17	VRAM	normal	$1400	VRAM_A48178	$888E32
asset_888E17	$888E17	VRAM	normal	$1800	VRAM_A48259	$888E37
asset_888E17	$888E17	VRAM	normal	$1C00	VRAM_A48259	$888E3C
asset_888E17	$888E17	VRAM	normal	$5000	VRAM_A18681	$888E41
asset_888E17	$888E17	VRAM	normal	$7000	VRAM_98BB94	$888E46
asset_888E17	$888E17	VRAM	normal	$7400	VRAM_98C082	$888E4B
asset_888E17	$888E17	VRAM	normal	$7800	VRAM_AAA058	$888E50
asset_888E17	$888E17	VRAM	normal	$7C00	VRAM_AA9D67	$888E55
asset_888E5B	$888E5B	WRAM	normal	$7FC000	FILE_A68000	$888E5D
asset_888E5B	$888E5B	WRAM	normal	$7FA000	FILE_A68046|$400000	$888E63
asset_888E5B	$888E5B	WRAM	normal	$7FA001	FILE_A681BC|$400000	$888E69
asset_888E5B	$888E5B	WRAM	normal	$7E8000	FILE_A5FEB4	$888E6F
asset_888E77	$888E77	VRAM	normal	$2000	VRAM_A38A50	$888E79
asset_888E77	$888E77	VRAM	normal	$3000	VRAM_A48378	$888E7E
asset_888E77	$888E77	VRAM	normal	$4000	VRAM_A3AEAD	$888E83
asset_888E77	$888E77	VRAM	normal	$4400	VRAM_A3B41D	$888E88
asset_888E77	$888E77	VRAM	normal	$1000	VRAM_A68292	$888E8D
asset_888E77	$888E77	VRAM	normal	$1400	VRAM_A6838C	$888E92
asset_888E77	$888E77	VRAM	normal	$5000	VRAM_A18681	$888E97
asset_888E77	$888E77	VRAM	normal	$7800	VRAM_AAA058	$888E9C
asset_888EA2	$888EA2	WRAM	normal	$7FC000	FILE_A684BC	$888EA4
asset_888EA2	$888EA2	WRAM	normal	$7FA000	FILE_A6855D|$400000	$888EAA
asset_888EA2	$888EA2	WRAM	normal	$7FA001	FILE_A68780|$400000	$888EB0
asset_888EA2	$888EA2	WRAM	normal	$7E8000	FILE_A5FF3F	$888EB6
asset_888EBE	$888EBE	VRAM	normal	$2000	VRAM_A38A50	$888EC0
asset_888EBE	$888EBE	VRAM	normal	$3000	VRAM_A48378	$888EC5
asset_888EBE	$888EBE	VRAM	normal	$4000	VRAM_A3D1B9	$888ECA
asset_888EBE	$888EBE	VRAM	normal	$5000	VRAM_A18681	$888ECF
asset_888EBE	$888EBE	VRAM	normal	$7000	VRAM_98BB94	$888ED4
asset_888EBE	$888EBE	VRAM	normal	$7800	VRAM_AAA058	$888ED9
asset_888EBE	$888EBE	VRAM	normal	$7C00	VRAM_AA94FE	$888EDE
asset_888EE4	$888EE4	WRAM	normal	$7FC000	FILE_A688A1	$888EE6
asset_888EE4	$888EE4	WRAM	normal	$7FA000	FILE_A68046|$400000	$888EEC
asset_888EE4	$888EE4	WRAM	normal	$7FA001	FILE_A681BC|$400000	$888EF2
asset_888EE4	$888EE4	WRAM	normal	$7E8000	FILE_A5FEB4	$888EF8
asset_888F00	$888F00	VRAM	normal	$2000	VRAM_A38A50	$888F02
asset_888F00	$888F00	VRAM	normal	$3000	VRAM_A48378	$888F07
asset_888F00	$888F00	VRAM	normal	$4000	VRAM_A3AEAD	$888F0C
asset_888F00	$888F00	VRAM	normal	$4400	VRAM_A3B41D	$888F11
asset_888F00	$888F00	VRAM	normal	$1000	VRAM_A68292	$888F16
asset_888F00	$888F00	VRAM	normal	$5000	VRAM_A18681	$888F1B
asset_888F00	$888F00	VRAM	normal	$7000	VRAM_978581	$888F20
asset_888F00	$888F00	VRAM	normal	$7200	VRAM_AA9787	$888F25
asset_888F00	$888F00	VRAM	normal	$7800	VRAM_AAA058	$888F2A
asset_888F30	$888F30	WRAM	normal	$7FC000	FILE_A688C7	$888F32
asset_888F30	$888F30	WRAM	normal	$7FA000	FILE_A6898E|$400000	$888F38
asset_888F30	$888F30	WRAM	normal	$7FA001	FILE_A68B7B|$400000	$888F3E
asset_888F30	$888F30	WRAM	normal	$7E8000	FILE_A68BE8	$888F44
asset_888F4C	$888F4C	VRAM	normal	$2000	VRAM_A38A50	$888F4E
asset_888F4C	$888F4C	VRAM	normal	$3000	VRAM_A39A5D	$888F53
asset_888F4C	$888F4C	VRAM	normal	$4000	VRAM_A3AEAD	$888F58
asset_888F4C	$888F4C	VRAM	normal	$4400	VRAM_A3B41D	$888F5D
asset_888F4C	$888F4C	VRAM	normal	$1000	VRAM_A48259	$888F62
asset_888F4C	$888F4C	VRAM	normal	$5000	VRAM_A18681	$888F67
asset_888F4C	$888F4C	VRAM	normal	$7000	VRAM_98BB94	$888F6C
asset_888F4C	$888F4C	VRAM	normal	$7800	VRAM_AAA058	$888F71
asset_888F77	$888F77	WRAM	normal	$7FC000	FILE_A68C11	$888F79
asset_888F77	$888F77	WRAM	normal	$7FA000	FILE_A68CEF|$400000	$888F7F
asset_888F77	$888F77	WRAM	normal	$7FA001	FILE_A694B3|$400000	$888F85
asset_888F77	$888F77	WRAM	normal	$7E8000	FILE_A69981	$888F8B
asset_888F93	$888F93	VRAM	normal	$2000	VRAM_A38A50	$888F95
asset_888F93	$888F93	VRAM	normal	$3F00	VRAM_A3D1B9	$888F9A
asset_888F93	$888F93	VRAM	normal	$3000	VRAM_A48378	$888F9F
asset_888F93	$888F93	VRAM	normal	$4400	VRAM_A3B41D	$888FA4
asset_888F93	$888F93	VRAM	normal	$1000	VRAM_A68292	$888FA9
asset_888F93	$888F93	VRAM	normal	$1400	VRAM_A68292	$888FAE
asset_888F93	$888F93	VRAM	normal	$5000	VRAM_A18681	$888FB3
asset_888F93	$888F93	VRAM	normal	$7000	VRAM_98BB94	$888FB8
asset_888F93	$888F93	VRAM	normal	$7400	VRAM_AA9D67	$888FBD
asset_888F93	$888F93	VRAM	normal	$7800	VRAM_AAA058	$888FC2
asset_888FC8	$888FC8	WRAM	normal	$7FC000	FILE_A69A04	$888FCA
asset_888FC8	$888FC8	WRAM	normal	$7FA000	FILE_A69AFA|$400000	$888FD0
asset_888FC8	$888FC8	WRAM	normal	$7FA001	FILE_A69FC1|$400000	$888FD6
asset_888FC8	$888FC8	WRAM	normal	$7F7000	FILE_A6A217	$888FDC
asset_888FE4	$888FE4	VRAM	normal	$2000	VRAM_A38A50	$888FE6
asset_888FE4	$888FE4	VRAM	normal	$3000	VRAM_A39A5D	$888FEB
asset_888FE4	$888FE4	VRAM	normal	$4000	VRAM_A3AEAD	$888FF0
asset_888FE4	$888FE4	VRAM	normal	$4400	VRAM_A3B41D	$888FF5
asset_888FE4	$888FE4	VRAM	normal	$1000	VRAM_A6A284	$888FFA
asset_888FE4	$888FE4	VRAM	normal	$1400	VRAM_A6A284	$888FFF
asset_888FE4	$888FE4	VRAM	normal	$5000	VRAM_A18681	$889004
asset_888FE4	$888FE4	VRAM	normal	$7000	VRAM_98BB94	$889009
asset_888FE4	$888FE4	VRAM	normal	$7400	VRAM_AA9D67	$88900E
asset_888FE4	$888FE4	VRAM	normal	$7800	VRAM_AAA058	$889013
asset_889019	$889019	WRAM	normal	$7FC000	FILE_A6A3A5	$88901B
asset_889019	$889019	WRAM	normal	$7FA000	FILE_A68CEF|$400000	$889021
asset_889019	$889019	WRAM	normal	$7FA001	FILE_A694B3|$400000	$889027
asset_889019	$889019	WRAM	normal	$7E8000	FILE_A69981	$88902D
asset_889035	$889035	VRAM	normal	$2000	VRAM_A38A50	$889037
asset_889035	$889035	VRAM	normal	$3F00	VRAM_A3D1B9	$88903C
asset_889035	$889035	VRAM	normal	$3000	VRAM_A48378	$889041
asset_889035	$889035	VRAM	normal	$4400	VRAM_A3B41D	$889046
asset_889035	$889035	VRAM	normal	$1000	VRAM_A68292	$88904B
asset_889035	$889035	VRAM	normal	$1400	VRAM_A68292	$889050
asset_889035	$889035	VRAM	normal	$5000	VRAM_A18681	$889055
asset_889035	$889035	VRAM	normal	$7000	VRAM_98BB94	$88905A
asset_889035	$889035	VRAM	normal	$7400	VRAM_AA9D67	$88905F
asset_889035	$889035	VRAM	normal	$7800	VRAM_AAA058	$889064
asset_88906A	$88906A	WRAM	normal	$7FC000	FILE_A6A49C	$88906C
asset_88906A	$88906A	WRAM	normal	$7FA000	FILE_A68CEF|$400000	$889072
asset_88906A	$88906A	WRAM	normal	$7FA001	FILE_A694B3|$400000	$889078
asset_88906A	$88906A	WRAM	normal	$7E8000	FILE_A69981	$88907E
asset_889086	$889086	VRAM	normal	$2000	VRAM_A38A50	$889088
asset_889086	$889086	VRAM	normal	$3F00	VRAM_A3D1B9	$88908D
asset_889086	$889086	VRAM	normal	$3000	VRAM_A48378	$889092
asset_889086	$889086	VRAM	normal	$4400	VRAM_A3B41D	$889097
asset_889086	$889086	VRAM	normal	$1000	VRAM_A68292	$88909C
asset_889086	$889086	VRAM	normal	$1400	VRAM_A68292	$8890A1
asset_889086	$889086	VRAM	normal	$5000	VRAM_A18681	$8890A6
asset_889086	$889086	VRAM	normal	$7000	VRAM_98BB94	$8890AB
asset_889086	$889086	VRAM	normal	$7400	VRAM_AA9D67	$8890B0
asset_889086	$889086	VRAM	normal	$7800	VRAM_AAA058	$8890B5
asset_8890BB	$8890BB	WRAM	normal	$7FC000	FILE_A6A5BF	$8890BD
asset_8890BB	$8890BB	WRAM	normal	$7FA000	FILE_A69AFA|$400000	$8890C3
asset_8890BB	$8890BB	WRAM	normal	$7FA001	FILE_A69FC1|$400000	$8890C9
asset_8890BB	$8890BB	WRAM	normal	$7E8000	FILE_A6A1AD	$8890CF
asset_8890D7	$8890D7	VRAM	normal	$2000	VRAM_A38A50	$8890D9
asset_8890D7	$8890D7	VRAM	normal	$3000	VRAM_A39A5D	$8890DE
asset_8890D7	$8890D7	VRAM	normal	$4000	VRAM_A3AEAD	$8890E3
asset_8890D7	$8890D7	VRAM	normal	$4400	VRAM_A3B41D	$8890E8
asset_8890D7	$8890D7	VRAM	normal	$3800	VRAM_A6B1C0	$8890ED
asset_8890D7	$8890D7	VRAM	normal	$1000	VRAM_A6A6BC	$8890F2
asset_8890D7	$8890D7	VRAM	normal	$1400	VRAM_A6A6BC	$8890F7
asset_8890D7	$8890D7	VRAM	normal	$5000	VRAM_A18681	$8890FC
asset_8890D7	$8890D7	VRAM	normal	$7000	VRAM_98BB94	$889101
asset_8890D7	$8890D7	VRAM	normal	$7400	VRAM_AA9D67	$889106
asset_8890D7	$8890D7	VRAM	normal	$7800	VRAM_AAA058	$88910B
asset_889111	$889111	WRAM	normal	$7FC000	FILE_A6A7E3	$889113
asset_889111	$889111	WRAM	normal	$7FA000	FILE_A68CEF|$400000	$889119
asset_889111	$889111	WRAM	normal	$7FA001	FILE_A694B3|$400000	$88911F
asset_889111	$889111	WRAM	normal	$7E8000	FILE_A69981	$889125
asset_88912D	$88912D	VRAM	normal	$2000	VRAM_A38A50	$88912F
asset_88912D	$88912D	VRAM	normal	$3F00	VRAM_A3D1B9	$889134
asset_88912D	$88912D	VRAM	normal	$3000	VRAM_A48378	$889139
asset_88912D	$88912D	VRAM	normal	$4400	VRAM_A3B41D	$88913E
asset_88912D	$88912D	VRAM	normal	$1000	VRAM_A68292	$889143
asset_88912D	$88912D	VRAM	normal	$1400	VRAM_A68292	$889148
asset_88912D	$88912D	VRAM	normal	$5000	VRAM_A18681	$88914D
asset_88912D	$88912D	VRAM	normal	$7000	VRAM_98BB94	$889152
asset_88912D	$88912D	VRAM	normal	$7400	VRAM_AA9D67	$889157
asset_88912D	$88912D	VRAM	normal	$7800	VRAM_AAA058	$88915C
asset_889162	$889162	WRAM	normal	$7FC000	FILE_A6A907	$889164
asset_889162	$889162	WRAM	normal	$7FA000	FILE_A69AFA|$400000	$88916A
asset_889162	$889162	WRAM	normal	$7FA001	FILE_A69FC1|$400000	$889170
asset_889162	$889162	WRAM	normal	$7F7000	FILE_A6AAE3	$889176
asset_88917E	$88917E	VRAM	normal	$2000	VRAM_A38A50	$889180
asset_88917E	$88917E	VRAM	normal	$3000	VRAM_A39A5D	$889185
asset_88917E	$88917E	VRAM	normal	$4000	VRAM_A3AEAD	$88918A
asset_88917E	$88917E	VRAM	normal	$4400	VRAM_A3B41D	$88918F
asset_88917E	$88917E	VRAM	normal	$3800	VRAM_A6B1C0	$889194
asset_88917E	$88917E	VRAM	normal	$1000	VRAM_A6AA0E	$889199
asset_88917E	$88917E	VRAM	normal	$1400	VRAM_A6AA0E	$88919E
asset_88917E	$88917E	VRAM	normal	$5000	VRAM_A18681	$8891A3
asset_88917E	$88917E	VRAM	normal	$7000	VRAM_98BB94	$8891A8
asset_88917E	$88917E	VRAM	normal	$7400	VRAM_98C082	$8891AD
asset_88917E	$88917E	VRAM	normal	$7800	VRAM_AAA058	$8891B2
asset_88917E	$88917E	VRAM	normal	$7C00	VRAM_AA9D67	$8891B7
asset_8891BD	$8891BD	WRAM	normal	$7FC000	FILE_A6AB5F	$8891BF
asset_8891BD	$8891BD	WRAM	normal	$7FA000	FILE_A68CEF|$400000	$8891C5
asset_8891BD	$8891BD	WRAM	normal	$7FA001	FILE_A694B3|$400000	$8891CB
asset_8891BD	$8891BD	WRAM	normal	$7E8000	FILE_A69981	$8891D1
asset_8891D9	$8891D9	VRAM	normal	$2000	VRAM_A38A50	$8891DB
asset_8891D9	$8891D9	VRAM	normal	$3F00	VRAM_A3D1B9	$8891E0
asset_8891D9	$8891D9	VRAM	normal	$3000	VRAM_A48378	$8891E5
asset_8891D9	$8891D9	VRAM	normal	$4400	VRAM_A3B41D	$8891EA
asset_8891D9	$8891D9	VRAM	normal	$1000	VRAM_A68292	$8891EF
asset_8891D9	$8891D9	VRAM	normal	$1400	VRAM_A68292	$8891F4
asset_8891D9	$8891D9	VRAM	normal	$5000	VRAM_A18681	$8891F9
asset_8891D9	$8891D9	VRAM	normal	$7000	VRAM_98BB94	$8891FE
asset_8891D9	$8891D9	VRAM	normal	$7800	VRAM_AAA058	$889203
asset_889209	$889209	WRAM	normal	$7FC000	FILE_A6AC6D	$88920B
asset_889209	$889209	WRAM	normal	$7FA000	FILE_A69AFA|$400000	$889211
asset_889209	$889209	WRAM	normal	$7FA001	FILE_A69FC1|$400000	$889217
asset_889209	$889209	WRAM	normal	$7F7000	FILE_A6AD54	$88921D
asset_889225	$889225	VRAM	normal	$2000	VRAM_A38A50	$889227
asset_889225	$889225	VRAM	normal	$3000	VRAM_A39A5D	$88922C
asset_889225	$889225	VRAM	normal	$4000	VRAM_A3AEAD	$889231
asset_889225	$889225	VRAM	normal	$4400	VRAM_A3B41D	$889236
asset_889225	$889225	VRAM	normal	$3800	VRAM_A6B1C0	$88923B
asset_889225	$889225	VRAM	normal	$1000	VRAM_A48178	$889240
asset_889225	$889225	VRAM	normal	$1400	VRAM_A48178	$889245
asset_889225	$889225	VRAM	normal	$5000	VRAM_A18681	$88924A
asset_889225	$889225	VRAM	normal	$7000	VRAM_98BB94	$88924F
asset_889225	$889225	VRAM	normal	$7400	VRAM_98C082	$889254
asset_889225	$889225	VRAM	normal	$7800	VRAM_AAA058	$889259
asset_889225	$889225	VRAM	normal	$7C00	VRAM_AA9D67	$88925E
asset_889264	$889264	WRAM	normal	$7FC000	FILE_A6B295	$889266
asset_889264	$889264	WRAM	normal	$7FA000	FILE_A58000|$400000	$88926C
asset_889264	$889264	WRAM	normal	$7FA001	FILE_A581F5|$400000	$889272
asset_889264	$889264	WRAM	normal	$7E8000	FILE_A480EB	$889278
asset_889280	$889280	VRAM	normal	$2000	VRAM_A38A50	$889282
asset_889280	$889280	VRAM	normal	$3000	VRAM_A39A5D	$889287
asset_889280	$889280	VRAM	normal	$4000	VRAM_A3AEAD	$88928C
asset_889280	$889280	VRAM	normal	$4400	VRAM_A3B41D	$889291
asset_889280	$889280	VRAM	normal	$1000	VRAM_A48178	$889296
asset_889280	$889280	VRAM	normal	$5000	VRAM_A18681	$88929B
asset_889280	$889280	VRAM	normal	$7400	VRAM_98C082	$8892A0
asset_889280	$889280	VRAM	normal	$7C00	VRAM_AA9D67	$8892A5
asset_889280	$889280	VRAM	normal	$7800	VRAM_AAA058	$8892AA
asset_8892B0	$8892B0	WRAM	normal	$7FC000	FILE_A6B2B7	$8892B2
asset_8892B0	$8892B0	WRAM	normal	$7FA000	FILE_9BE100|$400000	$8892B8
asset_8892B0	$8892B0	WRAM	normal	$7FA001	FILE_9BE7B0|$400000	$8892BE
asset_8892B0	$8892B0	WRAM	normal	$7E8000	FILE_A6B322	$8892C4
asset_8892CC	$8892CC	VRAM	normal	$2000	VRAM_A3D1B9	$8892CE
asset_8892CC	$8892CC	VRAM	normal	$1000	VRAM_A6B3B3	$8892D3
asset_8892CC	$8892CC	VRAM	normal	$1400	VRAM_A6B3B3	$8892D8
asset_8892CC	$8892CC	VRAM	normal	$4C00	VRAM_98BB69	$8892DD
asset_8892CC	$8892CC	VRAM	normal	$5000	VRAM_98BADB	$8892E2
asset_8892CC	$8892CC	VRAM	normal	$7000	VRAM_AA9041	$8892E7
asset_8892CC	$8892CC	VRAM	normal	$7800	VRAM_AAA058	$8892EC
asset_8892F2	$8892F2	VRAM	normal	$4C00	VRAM_98BB69	$8892F4
asset_8892FA	$8892FA	WRAM	normal	$7FC000	FILE_A6B71A	$8892FC
asset_8892FA	$8892FA	WRAM	normal	$7FA000	FILE_9BE100|$400000	$889302
asset_8892FA	$8892FA	WRAM	normal	$7FA001	FILE_9BE7B0|$400000	$889308
asset_8892FA	$8892FA	WRAM	normal	$7E8000	FILE_A6B322	$88930E
asset_889316	$889316	VRAM	normal	$2000	VRAM_A3D1B9	$889318
asset_889316	$889316	VRAM	normal	$1000	VRAM_A6B7C3	$88931D
asset_889316	$889316	VRAM	normal	$1800	VRAM_A6B7C3	$889322
asset_889316	$889316	VRAM	normal	$4C00	VRAM_98BB69	$889327
asset_889316	$889316	VRAM	normal	$5000	VRAM_98BADB	$88932C
asset_889316	$889316	VRAM	normal	$7000	VRAM_AA9041	$889331
asset_889316	$889316	VRAM	normal	$7800	VRAM_AAA058	$889336
asset_88933C	$88933C	WRAM	normal	$7FC000	FILE_A6BB34	$88933E
asset_88933C	$88933C	WRAM	normal	$7FA000	FILE_9BE100|$400000	$889344
asset_88933C	$88933C	WRAM	normal	$7FA001	FILE_9BE7B0|$400000	$88934A
asset_88933C	$88933C	WRAM	normal	$7E8000	FILE_A6B322	$889350
asset_889358	$889358	VRAM	normal	$2000	VRAM_A3D1B9	$88935A
asset_889358	$889358	VRAM	normal	$1000	VRAM_A6B3B3	$88935F
asset_889358	$889358	VRAM	normal	$1400	VRAM_A6B3B3	$889364
asset_889358	$889358	VRAM	normal	$4C00	VRAM_98BB69	$889369
asset_889358	$889358	VRAM	normal	$5000	VRAM_98BADB	$88936E
asset_889358	$889358	VRAM	normal	$7000	VRAM_AA9041	$889373
asset_889358	$889358	VRAM	normal	$7800	VRAM_AAA058	$889378
asset_88937E	$88937E	WRAM	normal	$7FC000	FILE_A6BBB2	$889380
asset_88937E	$88937E	WRAM	normal	$7FA000	FILE_9BE100|$400000	$889386
asset_88937E	$88937E	WRAM	normal	$7FA001	FILE_9BE7B0|$400000	$88938C
asset_88937E	$88937E	WRAM	normal	$7E8000	FILE_A6B322	$889392
asset_88939A	$88939A	VRAM	normal	$2000	VRAM_A3D1B9	$88939C
asset_88939A	$88939A	VRAM	normal	$1000	VRAM_A6B3B3	$8893A1
asset_88939A	$88939A	VRAM	normal	$1400	VRAM_A6B3B3	$8893A6
asset_88939A	$88939A	VRAM	normal	$4C00	VRAM_98BB69	$8893AB
asset_88939A	$88939A	VRAM	normal	$5000	VRAM_98BADB	$8893B0
asset_88939A	$88939A	VRAM	normal	$7400	VRAM_978581	$8893B5
asset_88939A	$88939A	VRAM	normal	$7000	VRAM_AA9041	$8893BA
asset_88939A	$88939A	VRAM	normal	$7800	VRAM_AAA058	$8893BF
asset_8893C5	$8893C5	WRAM	normal	$7FC000	FILE_A5FEE3	$8893C7
asset_8893C5	$8893C5	WRAM	normal	$7FA000	FILE_9BE100|$400000	$8893CD
asset_8893C5	$8893C5	WRAM	normal	$7FA001	FILE_9BE7B0|$400000	$8893D3
asset_8893C5	$8893C5	WRAM	normal	$7E8000	FILE_A6B322	$8893D9
asset_8893E1	$8893E1	VRAM	normal	$2000	VRAM_A3D1B9	$8893E3
asset_8893E1	$8893E1	VRAM	normal	$1000	VRAM_A6B7C3	$8893E8
asset_8893E1	$8893E1	VRAM	normal	$1400	VRAM_A6B7C3	$8893ED
asset_8893E1	$8893E1	VRAM	normal	$4C00	VRAM_98BB69	$8893F2
asset_8893E1	$8893E1	VRAM	normal	$5000	VRAM_98BADB	$8893F7
asset_8893E1	$8893E1	VRAM	normal	$7000	VRAM_98BB94	$8893FC
asset_8893E1	$8893E1	VRAM	normal	$7400	VRAM_AA9D67	$889401
asset_8893E1	$8893E1	VRAM	normal	$7800	VRAM_AAA058	$889406
asset_88940C	$88940C	WRAM	normal	$7FC000	FILE_A6BC3D	$88940E
asset_88940C	$88940C	WRAM	normal	$7FA000	FILE_9BE100|$400000	$889414
asset_88940C	$88940C	WRAM	normal	$7FA001	FILE_9BE7B0|$400000	$88941A
asset_88940C	$88940C	WRAM	normal	$7E8000	FILE_A6B322	$889420
asset_889428	$889428	VRAM	normal	$2000	VRAM_A3D1B9	$88942A
asset_889428	$889428	VRAM	normal	$1000	VRAM_A6B3B3	$88942F
asset_889428	$889428	VRAM	normal	$1400	VRAM_A6B3B3	$889434
asset_889428	$889428	VRAM	normal	$4C00	VRAM_98BB69	$889439
asset_889428	$889428	VRAM	normal	$5000	VRAM_98BADB	$88943E
asset_889428	$889428	VRAM	normal	$7000	VRAM_98BB94	$889443
asset_889428	$889428	VRAM	normal	$7400	VRAM_98C082	$889448
asset_889428	$889428	VRAM	normal	$7800	VRAM_AAA058	$88944D
asset_889428	$889428	VRAM	normal	$7C00	VRAM_AA9D67	$889452
asset_889458	$889458	WRAM	normal	$7FC000	FILE_A6BCE6	$88945A
asset_889458	$889458	WRAM	normal	$7FA000	FILE_A6BD83|$400000	$889460
asset_889458	$889458	WRAM	normal	$7FA001	FILE_A6C487|$400000	$889466
asset_889458	$889458	WRAM	normal	$7E8000	FILE_A6C8A3	$88946C
asset_889474	$889474	VRAM	normal	$2000	VRAM_A3D1B9	$889476
asset_889474	$889474	VRAM	normal	$1000	VRAM_A6B3B3	$88947B
asset_889474	$889474	VRAM	normal	$1400	VRAM_A6B3B3	$889480
asset_889474	$889474	VRAM	normal	$4C00	VRAM_98BB69	$889485
asset_889474	$889474	VRAM	normal	$5000	VRAM_98BADB	$88948A
asset_889474	$889474	VRAM	normal	$7000	VRAM_98BB94	$88948F
asset_889474	$889474	VRAM	normal	$7400	VRAM_98C082	$889494
asset_889474	$889474	VRAM	normal	$7800	VRAM_AAA058	$889499
asset_889474	$889474	VRAM	normal	$7C00	VRAM_AA9D67	$88949E
asset_8894A4	$8894A4	WRAM	normal	$7FC000	FILE_A6C943	$8894A6
asset_8894A4	$8894A4	WRAM	normal	$7FA000	FILE_A6BD83|$400000	$8894AC
asset_8894A4	$8894A4	WRAM	normal	$7FA001	FILE_A6C487|$400000	$8894B2
asset_8894A4	$8894A4	WRAM	normal	$7E8000	FILE_A6C8A3	$8894B8
asset_8894C0	$8894C0	VRAM	normal	$2000	VRAM_A3D1B9	$8894C2
asset_8894C0	$8894C0	VRAM	normal	$1000	VRAM_A6CADF	$8894C7
asset_8894C0	$8894C0	VRAM	normal	$1800	VRAM_A6CADF	$8894CC
asset_8894C0	$8894C0	VRAM	normal	$4C00	VRAM_98BB69	$8894D1
asset_8894C0	$8894C0	VRAM	normal	$5000	VRAM_98BADB	$8894D6
asset_8894C0	$8894C0	VRAM	normal	$7000	VRAM_AA9041	$8894DB
asset_8894C0	$8894C0	VRAM	normal	$7800	VRAM_AAA9F9	$8894E0
asset_8894C0	$8894C0	VRAM	normal	$7C00	VRAM_AA9D67	$8894E5
asset_8894EB	$8894EB	WRAM	normal	$7FC000	FILE_A7B0A1	$8894ED
asset_8894EB	$8894EB	WRAM	normal	$7FA000	FILE_A7B193|$400000	$8894F3
asset_8894EB	$8894EB	WRAM	normal	$7FA001	FILE_A7B67B|$400000	$8894F9
asset_8894EB	$8894EB	WRAM	normal	$7E8000	FILE_A7B907	$8894FF
asset_889507	$889507	VRAM	normal	$2000	VRAM_A3D1B9	$889509
asset_889507	$889507	VRAM	normal	$1000	VRAM_A6B3B3	$88950E
asset_889507	$889507	VRAM	normal	$1400	VRAM_A6B3B3	$889513
asset_889507	$889507	VRAM	normal	$4C00	VRAM_98BB69	$889518
asset_889507	$889507	VRAM	normal	$5000	VRAM_98BADB	$88951D
asset_889507	$889507	VRAM	normal	$7000	VRAM_AA9041	$889522
asset_889507	$889507	VRAM	normal	$7800	VRAM_AAA9F9	$889527
asset_889507	$889507	VRAM	normal	$7C00	VRAM_AA9D67	$88952C
asset_889507	$889507	VRAM	normal	$7E00	VRAM_978581	$889531
asset_889537	$889537	WRAM	normal	$7FC000	FILE_A7B968	$889539
asset_889537	$889537	WRAM	normal	$7FA000	FILE_A7B193|$400000	$88953F
asset_889537	$889537	WRAM	normal	$7FA001	FILE_A7B67B|$400000	$889545
asset_889537	$889537	WRAM	normal	$7F7000	FILE_A7BB62	$88954B
asset_889553	$889553	VRAM	normal	$2000	VRAM_A3D1B9	$889555
asset_889553	$889553	VRAM	normal	$1000	VRAM_A6B7C3	$88955A
asset_889553	$889553	VRAM	normal	$1400	VRAM_A6B7C3	$88955F
asset_889553	$889553	VRAM	normal	$1800	VRAM_A6B7C3	$889564
asset_889553	$889553	VRAM	normal	$1C00	VRAM_A6B7C3	$889569
asset_889553	$889553	VRAM	normal	$4C00	VRAM_98BB69	$88956E
asset_889553	$889553	VRAM	normal	$5000	VRAM_98BADB	$889573
asset_889553	$889553	VRAM	normal	$7000	VRAM_AA9041	$889578
asset_889553	$889553	VRAM	normal	$7400	VRAM_98BB94	$88957D
asset_889553	$889553	VRAM	normal	$7800	VRAM_AAA9F9	$889582
asset_889553	$889553	VRAM	normal	$7C00	VRAM_AA9D67	$889587
asset_889553	$889553	VRAM	normal	$7E00	VRAM_978581	$88958C
asset_889592	$889592	WRAM	normal	$7FC000	FILE_A7BC2C	$889594
asset_889592	$889592	WRAM	normal	$7FA000	FILE_A7B193|$400000	$88959A
asset_889592	$889592	WRAM	normal	$7FA001	FILE_A7B67B|$400000	$8895A0
asset_889592	$889592	WRAM	normal	$7F7000	FILE_A1FA10	$8895A6
asset_8895AE	$8895AE	VRAM	normal	$2000	VRAM_A3D1B9	$8895B0
asset_8895AE	$8895AE	VRAM	normal	$1000	VRAM_A6CADF	$8895B5
asset_8895AE	$8895AE	VRAM	normal	$1400	VRAM_A6CADF	$8895BA
asset_8895AE	$8895AE	VRAM	normal	$1800	VRAM_A6CADF	$8895BF
asset_8895AE	$8895AE	VRAM	normal	$1C00	VRAM_A6CADF	$8895C4
asset_8895AE	$8895AE	VRAM	normal	$4C00	VRAM_98BB69	$8895C9
asset_8895AE	$8895AE	VRAM	normal	$5000	VRAM_98BADB	$8895CE
asset_8895AE	$8895AE	VRAM	normal	$7000	VRAM_AA9041	$8895D3
asset_8895AE	$8895AE	VRAM	normal	$7400	VRAM_98BB94	$8895D8
asset_8895AE	$8895AE	VRAM	normal	$7800	VRAM_AAA9F9	$8895DD
asset_8895E3	$8895E3	WRAM	normal	$7FC000	FILE_A7BD37	$8895E5
asset_8895E3	$8895E3	WRAM	normal	$7FA000	FILE_A7B193|$400000	$8895EB
asset_8895E3	$8895E3	WRAM	normal	$7FA001	FILE_A7B67B|$400000	$8895F1
asset_8895E3	$8895E3	WRAM	normal	$7E8000	FILE_A7B907	$8895F7
asset_8895FF	$8895FF	VRAM	normal	$2000	VRAM_A3D1B9	$889601
asset_8895FF	$8895FF	VRAM	normal	$1000	VRAM_A6B3B3	$889606
asset_8895FF	$8895FF	VRAM	normal	$1400	VRAM_A6B3B3	$88960B
asset_8895FF	$8895FF	VRAM	normal	$4C00	VRAM_98BB69	$889610
asset_8895FF	$8895FF	VRAM	normal	$5000	VRAM_98BADB	$889615
asset_8895FF	$8895FF	VRAM	normal	$7000	VRAM_AA9041	$88961A
asset_8895FF	$8895FF	VRAM	normal	$7800	VRAM_AAA9F9	$88961F
asset_8895FF	$8895FF	VRAM	normal	$7E00	VRAM_978581	$889624
asset_88962A	$88962A	WRAM	normal	$7FC000	FILE_A7BD98	$88962C
asset_88962A	$88962A	WRAM	normal	$7FA000	FILE_A7BE3F|$400000	$889632
asset_88962A	$88962A	WRAM	normal	$7FA001	FILE_A7C0A8|$400000	$889638
asset_88962A	$88962A	WRAM	normal	$7F7000	FILE_A1FA7E	$88963E
asset_889646	$889646	VRAM	normal	$2000	VRAM_A3D1B9	$889648
asset_889646	$889646	VRAM	normal	$1000	VRAM_91FB8B	$88964D
asset_889646	$889646	VRAM	normal	$1400	VRAM_91FB8B	$889652
asset_889646	$889646	VRAM	normal	$4C00	VRAM_98BB69	$889657
asset_889646	$889646	VRAM	normal	$5000	VRAM_98BADB	$88965C
asset_889646	$889646	VRAM	normal	$7400	VRAM_AA9D67	$889661
asset_889646	$889646	VRAM	normal	$7800	VRAM_AAA9F9	$889666
asset_88966C	$88966C	WRAM	normal	$7FC000	FILE_A7C21E	$88966E
asset_88966C	$88966C	WRAM	normal	$7FA000	FILE_A7C37E|$400000	$889674
asset_88966C	$88966C	WRAM	normal	$7FA001	FILE_A7C652|$400000	$88967A
asset_88966C	$88966C	WRAM	normal	$7E8000	FILE_A7C83C	$889680
asset_889688	$889688	VRAM	normal	$2000	VRAM_A3D1B9	$88968A
asset_889688	$889688	VRAM	normal	$1000	VRAM_A6B7C3	$88968F
asset_889688	$889688	VRAM	normal	$1800	VRAM_A6B7C3	$889694
asset_889688	$889688	VRAM	normal	$1400	VRAM_A7C880	$889699
asset_889688	$889688	VRAM	normal	$4C00	VRAM_98BB69	$88969E
asset_889688	$889688	VRAM	normal	$5000	VRAM_98BADB	$8896A3
asset_889688	$889688	VRAM	normal	$7000	VRAM_98BB94	$8896A8
asset_889688	$889688	VRAM	normal	$7400	VRAM_98C082	$8896AD
asset_889688	$889688	VRAM	normal	$7800	VRAM_AAA9F9	$8896B2
asset_889688	$889688	VRAM	normal	$7C00	VRAM_AA9D67	$8896B7
asset_8896D6	$8896D6	VRAM	normal	$2000	VRAM_91EAF0	$8896D8
asset_8896D6	$8896D6	VRAM	normal	$3000	VRAM_AFD6A6	$8896DD
asset_8896D6	$8896D6	VRAM	normal	$5000	VRAM_A18681	$8896E2
asset_8896D6	$8896D6	VRAM	normal	$7000	VRAM_ABF769	$8896E7
asset_8896D6	$8896D6	VRAM	normal	$7800	VRAM_AB8000	$8896EC
asset_8896D6	$8896D6	VRAM	normal	$7C00	VRAM_AADF5B	$8896F1
asset_8896F7	$8896F7	WRAM	normal	$7FC000	FILE_AFD3F6	$8896F9
asset_8896F7	$8896F7	WRAM	normal	$7FA000	FILE_AFBF67|$400000	$8896FF
asset_8896F7	$8896F7	WRAM	normal	$7FA001	FILE_AFC6B6|$400000	$889705
asset_8896F7	$8896F7	WRAM	normal	$7F7000	FILE_B2FD4F	$88970B
asset_889713	$889713	VRAM	normal	$2000	VRAM_91EAF0	$889715
asset_889713	$889713	VRAM	normal	$3000	VRAM_AFD6A6	$88971A
asset_889713	$889713	VRAM	normal	$1000	VRAM_AFD52F	$88971F
asset_889713	$889713	VRAM	normal	$1400	VRAM_AFD52F	$889724
asset_889713	$889713	VRAM	normal	$5000	VRAM_A18681	$889729
asset_889713	$889713	VRAM	normal	$7000	VRAM_ABF769	$88972E
asset_889713	$889713	VRAM	normal	$7400	VRAM_98C53C	$889733
asset_889713	$889713	VRAM	normal	$7600	VRAM_ABFD14	$889738
asset_889713	$889713	VRAM	normal	$7800	VRAM_AB8000	$88973D
asset_889743	$889743	WRAM	normal	$7FC000	FILE_A48000	$889745
asset_889743	$889743	WRAM	normal	$7FA000	FILE_A3FCC0|$400000	$88974B
asset_889743	$889743	WRAM	normal	$7FA001	FILE_A3FF2C|$400000	$889751
asset_889743	$889743	WRAM	normal	$7E8000	FILE_A4806B	$889757
asset_88975F	$88975F	VRAM	normal	$2000	VRAM_A48378	$889761
asset_88975F	$88975F	VRAM	normal	$3000	VRAM_A3D1B9	$889766
asset_88975F	$88975F	VRAM	normal	$1000	VRAM_A2FFAB	$88976B
asset_88975F	$88975F	VRAM	normal	$1400	VRAM_A2FFAB	$889770
asset_88975F	$88975F	VRAM	normal	$5000	VRAM_A18681	$889775
asset_88977B	$88977B	WRAM	normal	$7FA000	FILE_BEDAF8|$400000	$88977D
asset_88977B	$88977B	WRAM	normal	$7FA001	FILE_BEDB11|$400000	$889783
asset_88977B	$88977B	WRAM	normal	$7F7000	VRAM_A2FFAB	$889789
asset_88977B	$88977B	WRAM	normal	$7F7800	VRAM_A2FFAB	$88978F
asset_88977B	$88977B	WRAM	normal	$7F8000	VRAM_A2FFAB	$889795
asset_88977B	$88977B	WRAM	normal	$7F8800	VRAM_A2FFAB	$88979B
asset_88977B	$88977B	WRAM	normal	$7F9000	VRAM_A2FFAB	$8897A1
asset_88977B	$88977B	WRAM	normal	$7F9800	VRAM_A2FFAB	$8897A7
asset_8897AF	$8897AF	VRAM	normal	$4000	VRAM_A2FFAB	$8897B1
asset_8897AF	$8897AF	VRAM	normal	$4400	VRAM_A2FFAB	$8897B6
asset_8897AF	$8897AF	VRAM	normal	$4600	VRAM_BFB4EB	$8897BB
asset_8897AF	$8897AF	VRAM	normal	$4000	VRAM_BFB659	$8897C0
asset_8897AF	$8897AF	VRAM	normal	$5000	VRAM_A18681	$8897C5
asset_8897AF	$8897AF	VRAM	normal	$7000	VRAM_AB9CDD	$8897CA
asset_8897D0	$8897D0	VRAM	normal	$0000	VRAM_ABB482	$8897D2
asset_8897D0	$8897D0	VRAM	normal	$3000	VRAM_B1CF15	$8897D7
asset_8897DD	$8897DD	WRAM	normal	$7F3000	FILE_ABC1E5	$8897DF
asset_8897E7	$8897E7	VRAM	normal	$0000	VRAM_958000	$8897E9
asset_8897E7	$8897E7	VRAM	normal	$0060	VRAM_ABC095	$8897EE
asset_8897F4	$8897F4	WRAM	normal	$7FC000	FILE_A48000	$8897F6
asset_8897F4	$8897F4	WRAM	normal	$7FA000	FILE_A3FCC0|$400000	$8897FC
asset_8897F4	$8897F4	WRAM	normal	$7FA001	FILE_A3FF2C|$400000	$889802
asset_8897F4	$8897F4	WRAM	normal	$7E8000	FILE_A4806B	$889808
asset_889810	$889810	VRAM	normal	$2000	VRAM_A48378	$889812
asset_889810	$889810	VRAM	normal	$3000	VRAM_A3D1B9	$889817
asset_889810	$889810	VRAM	normal	$1000	VRAM_A2FFAB	$88981C
asset_889810	$889810	VRAM	normal	$1400	VRAM_A2FFAB	$889821
asset_889810	$889810	VRAM	normal	$5000	VRAM_A18681	$889826
asset_889810	$889810	VRAM	normal	$7000	VRAM_98D2A6	$88982B
asset_88984A	$88984A	VRAM	normal	$2000	VRAM_91EAF0	$88984C
asset_88984A	$88984A	VRAM	normal	$3000	VRAM_B09408	$889851
asset_88984A	$88984A	VRAM	normal	$4000	VRAM_B08B90	$889856
asset_88984A	$88984A	VRAM	normal	$5000	VRAM_A18681	$88985B
asset_88984A	$88984A	VRAM	normal	$7000	VRAM_ABF769	$889860
asset_88984A	$88984A	VRAM	normal	$7400	VRAM_AA9D67	$889865
asset_88984A	$88984A	VRAM	normal	$7800	VRAM_AB8000	$88986A
asset_88984A	$88984A	VRAM	normal	$7C00	VRAM_AADF5B	$88986F
asset_889875	$889875	WRAM	normal	$7FC000	FILE_B1FD07	$889877
asset_889875	$889875	WRAM	normal	$7FA000	FILE_B0AEF3|$400000	$88987D
asset_889875	$889875	WRAM	normal	$7FA001	FILE_B0B6DC|$400000	$889883
asset_889875	$889875	WRAM	normal	$7FF000	FILE_B0AE68	$889889
asset_889875	$889875	WRAM	normal	$7FD000	FILE_B0AE85|$400000	$88988F
asset_889875	$889875	WRAM	normal	$7FD001	FILE_B0AED7|$400000	$889895
asset_889875	$889875	WRAM	normal	$7F7000	FILE_9FE6DB	$88989B
asset_8898A3	$8898A3	VRAM	normal	$2000	VRAM_91EAF0	$8898A5
asset_8898A3	$8898A3	VRAM	normal	$3000	VRAM_B09408	$8898AA
asset_8898A3	$8898A3	VRAM	normal	$1000	VRAM_A2FFAB	$8898AF
asset_8898A3	$8898A3	VRAM	normal	$5000	VRAM_A18681	$8898B4
asset_8898A3	$8898A3	VRAM	normal	$7000	VRAM_ABF769	$8898B9
asset_8898A3	$8898A3	VRAM	normal	$7800	VRAM_AB8000	$8898BE
asset_8898A3	$8898A3	VRAM	normal	$7C00	VRAM_AADF5B	$8898C3
asset_8898C9	$8898C9	WRAM	normal	$7FC000	FILE_B0BA5D	$8898CB
asset_8898C9	$8898C9	WRAM	normal	$7FA000	FILE_B0AEF3|$400000	$8898D1
asset_8898C9	$8898C9	WRAM	normal	$7FA001	FILE_B0B6DC|$400000	$8898D7
asset_8898C9	$8898C9	WRAM	normal	$7FF000	FILE_B0AE68	$8898DD
asset_8898C9	$8898C9	WRAM	normal	$7FD000	FILE_B0AE85|$400000	$8898E3
asset_8898C9	$8898C9	WRAM	normal	$7FD001	FILE_B0AED7|$400000	$8898E9
asset_8898C9	$8898C9	WRAM	normal	$7F7000	FILE_B28000	$8898EF
asset_8898F7	$8898F7	VRAM	normal	$2000	VRAM_91EAF0	$8898F9
asset_8898F7	$8898F7	VRAM	normal	$3000	VRAM_B09408	$8898FE
asset_8898F7	$8898F7	VRAM	normal	$1000	VRAM_A2FFAB	$889903
asset_8898F7	$8898F7	VRAM	normal	$5000	VRAM_A18681	$889908
asset_8898F7	$8898F7	VRAM	normal	$7000	VRAM_ABF769	$88990D
asset_8898F7	$8898F7	VRAM	normal	$7800	VRAM_AB8000	$889912
asset_8898F7	$8898F7	VRAM	normal	$7C00	VRAM_AADF5B	$889917
asset_88991D	$88991D	WRAM	normal	$7FC000	FILE_B0BACE	$88991F
asset_88991D	$88991D	WRAM	normal	$7FA000	FILE_B0AEF3|$400000	$889925
asset_88991D	$88991D	WRAM	normal	$7FA001	FILE_B0B6DC|$400000	$88992B
asset_88991D	$88991D	WRAM	normal	$7F7000	FILE_ABFFCA	$889931
asset_889939	$889939	VRAM	normal	$2000	VRAM_91EAF0	$88993B
asset_889939	$889939	VRAM	normal	$3000	VRAM_B09408	$889940
asset_889939	$889939	VRAM	normal	$1000	VRAM_B0BB1A	$889945
asset_889939	$889939	VRAM	normal	$1400	VRAM_B0BB1A	$88994A
asset_889939	$889939	VRAM	normal	$5000	VRAM_A18681	$88994F
asset_889939	$889939	VRAM	normal	$7000	VRAM_ABF769	$889954
asset_889939	$889939	VRAM	normal	$7800	VRAM_AB8000	$889959
asset_889939	$889939	VRAM	normal	$7C00	VRAM_AADF5B	$88995E
asset_88997D	$88997D	VRAM	normal	$2000	VRAM_91EAF0	$88997F
asset_88997D	$88997D	VRAM	normal	$3000	VRAM_B09408	$889984
asset_88997D	$88997D	VRAM	normal	$4000	VRAM_B08B90	$889989
asset_88997D	$88997D	VRAM	normal	$5000	VRAM_A18681	$88998E
asset_88997D	$88997D	VRAM	normal	$7000	VRAM_ABF769	$889993
asset_88997D	$88997D	VRAM	normal	$7800	VRAM_AB8000	$889998
asset_88997D	$88997D	VRAM	normal	$7C00	VRAM_AADF5B	$88999D
asset_8899A3	$8899A3	WRAM	normal	$7FC000	FILE_B0BDAE	$8899A5
asset_8899A3	$8899A3	WRAM	normal	$7FA000	FILE_B0BE02|$400000	$8899AB
asset_8899A3	$8899A3	WRAM	normal	$7FA001	FILE_B0C518|$400000	$8899B1
asset_8899A3	$8899A3	WRAM	normal	$7E8000	FILE_B0C88D	$8899B7
asset_8899BF	$8899BF	VRAM	normal	$2000	VRAM_91EAF0	$8899C1
asset_8899BF	$8899BF	VRAM	normal	$3000	VRAM_B09408	$8899C6
asset_8899BF	$8899BF	VRAM	normal	$4000	VRAM_B08B90	$8899CB
asset_8899BF	$8899BF	VRAM	normal	$1000	VRAM_B0C92B	$8899D0
asset_8899BF	$8899BF	VRAM	normal	$1800	VRAM_B0C92B	$8899D5
asset_8899BF	$8899BF	VRAM	normal	$5000	VRAM_A18681	$8899DA
asset_8899BF	$8899BF	VRAM	normal	$7000	VRAM_ABF769	$8899DF
asset_8899BF	$8899BF	VRAM	normal	$7400	VRAM_978581	$8899E4
asset_8899BF	$8899BF	VRAM	normal	$7800	VRAM_AB8000	$8899E9
asset_8899BF	$8899BF	VRAM	normal	$7C00	VRAM_AADF5B	$8899EE
asset_889A0D	$889A0D	VRAM	normal	$2000	VRAM_91EAF0	$889A0F
asset_889A0D	$889A0D	VRAM	normal	$3000	VRAM_B09408	$889A14
asset_889A0D	$889A0D	VRAM	normal	$3C00	VRAM_B09BBA	$889A19
asset_889A0D	$889A0D	VRAM	normal	$4000	VRAM_B08B90	$889A1E
asset_889A0D	$889A0D	VRAM	normal	$5000	VRAM_A18681	$889A23
asset_889A0D	$889A0D	VRAM	normal	$7000	VRAM_ABF769	$889A28
asset_889A0D	$889A0D	VRAM	normal	$7800	VRAM_AB8000	$889A2D
asset_889A33	$889A33	WRAM	normal	$7FC000	FILE_B0D407	$889A35
asset_889A33	$889A33	WRAM	normal	$7FA000	FILE_B0BE02|$400000	$889A3B
asset_889A33	$889A33	WRAM	normal	$7FA001	FILE_B0C518|$400000	$889A41
asset_889A33	$889A33	WRAM	normal	$7E8000	FILE_B0C88D	$889A47
asset_889A4F	$889A4F	VRAM	normal	$2000	VRAM_91EAF0	$889A51
asset_889A4F	$889A4F	VRAM	normal	$3000	VRAM_B09408	$889A56
asset_889A4F	$889A4F	VRAM	normal	$4000	VRAM_B08B90	$889A5B
asset_889A4F	$889A4F	VRAM	normal	$1000	VRAM_B0C92B	$889A60
asset_889A4F	$889A4F	VRAM	normal	$1800	VRAM_B0C92B	$889A65
asset_889A4F	$889A4F	VRAM	normal	$5000	VRAM_A18681	$889A6A
asset_889A4F	$889A4F	VRAM	normal	$7000	VRAM_ABF769	$889A6F
asset_889A4F	$889A4F	VRAM	normal	$7800	VRAM_AB8000	$889A74
asset_889A7A	$889A7A	WRAM	normal	$7FC000	FILE_B0D453	$889A7C
asset_889A7A	$889A7A	WRAM	normal	$7FA000	FILE_B0BE02|$400000	$889A82
asset_889A7A	$889A7A	WRAM	normal	$7FA001	FILE_B0C518|$400000	$889A88
asset_889A7A	$889A7A	WRAM	normal	$7E8000	FILE_B0C88D	$889A8E
asset_889A96	$889A96	VRAM	normal	$2000	VRAM_91EAF0	$889A98
asset_889A96	$889A96	VRAM	normal	$3000	VRAM_B09408	$889A9D
asset_889A96	$889A96	VRAM	normal	$4000	VRAM_B08B90	$889AA2
asset_889A96	$889A96	VRAM	normal	$1000	VRAM_B0C92B	$889AA7
asset_889A96	$889A96	VRAM	normal	$1400	VRAM_B0C92B	$889AAC
asset_889A96	$889A96	VRAM	normal	$5000	VRAM_A18681	$889AB1
asset_889A96	$889A96	VRAM	normal	$7000	VRAM_ABF769	$889AB6
asset_889A96	$889A96	VRAM	normal	$7800	VRAM_AB8000	$889ABB
asset_889AC1	$889AC1	WRAM	normal	$7FC000	FILE_B0D484	$889AC3
asset_889AC1	$889AC1	WRAM	normal	$7FA000	FILE_B0AEF3|$400000	$889AC9
asset_889AC1	$889AC1	WRAM	normal	$7FA001	FILE_B0B6DC|$400000	$889ACF
asset_889AC1	$889AC1	WRAM	normal	$7F7000	FILE_B0D55B	$889AD5
asset_889ADD	$889ADD	VRAM	normal	$2000	VRAM_91EAF0	$889ADF
asset_889ADD	$889ADD	VRAM	normal	$3000	VRAM_B09408	$889AE4
asset_889ADD	$889ADD	VRAM	normal	$1000	VRAM_B0BB1A	$889AE9
asset_889ADD	$889ADD	VRAM	normal	$1400	VRAM_B0BB1A	$889AEE
asset_889ADD	$889ADD	VRAM	normal	$1800	VRAM_B0BB1A	$889AF3
asset_889ADD	$889ADD	VRAM	normal	$1C00	VRAM_B0BB1A	$889AF8
asset_889ADD	$889ADD	VRAM	normal	$5000	VRAM_A18681	$889AFD
asset_889ADD	$889ADD	VRAM	normal	$7000	VRAM_B1D690	$889B02
asset_889ADD	$889ADD	VRAM	normal	$7400	VRAM_AA9D67	$889B07
asset_889ADD	$889ADD	VRAM	normal	$7800	VRAM_AB8000	$889B0C
asset_889B12	$889B12	WRAM	normal	$7FC000	FILE_B0D5C5	$889B14
asset_889B12	$889B12	WRAM	normal	$7FA000	FILE_B0BE02|$400000	$889B1A
asset_889B12	$889B12	WRAM	normal	$7FA001	FILE_B0C518|$400000	$889B20
asset_889B12	$889B12	WRAM	normal	$7E8000	FILE_B0C88D	$889B26
asset_889B2E	$889B2E	VRAM	normal	$2000	VRAM_91EAF0	$889B30
asset_889B2E	$889B2E	VRAM	normal	$3000	VRAM_B09408	$889B35
asset_889B2E	$889B2E	VRAM	normal	$4000	VRAM_B08B90	$889B3A
asset_889B2E	$889B2E	VRAM	normal	$1000	VRAM_B0D616	$889B3F
asset_889B2E	$889B2E	VRAM	normal	$1400	VRAM_B0D616	$889B44
asset_889B2E	$889B2E	VRAM	normal	$5000	VRAM_A18681	$889B49
asset_889B2E	$889B2E	VRAM	normal	$7000	VRAM_99A44E	$889B4E
asset_889B2E	$889B2E	VRAM	normal	$7800	VRAM_AB8000	$889B53
asset_889B59	$889B59	WRAM	normal	$7FC000	FILE_B0D72D	$889B5B
asset_889B59	$889B59	WRAM	normal	$7FA000	FILE_B0BE02|$400000	$889B61
asset_889B59	$889B59	WRAM	normal	$7FA001	FILE_B0C518|$400000	$889B67
asset_889B59	$889B59	WRAM	normal	$7F7000	FILE_B0D7E1	$889B6D
asset_889B75	$889B75	VRAM	normal	$2000	VRAM_91EAF0	$889B77
asset_889B75	$889B75	VRAM	normal	$3000	VRAM_B09408	$889B7C
asset_889B75	$889B75	VRAM	normal	$4000	VRAM_B08B90	$889B81
asset_889B75	$889B75	VRAM	normal	$1000	VRAM_B0C92B	$889B86
asset_889B75	$889B75	VRAM	normal	$1400	VRAM_B0C92B	$889B8B
asset_889B75	$889B75	VRAM	normal	$5000	VRAM_A18681	$889B90
asset_889B75	$889B75	VRAM	normal	$7000	VRAM_B1D690	$889B95
asset_889B75	$889B75	VRAM	normal	$7800	VRAM_AB8000	$889B9A
asset_889BA0	$889BA0	WRAM	normal	$7FC000	FILE_B0D86F	$889BA2
asset_889BA0	$889BA0	WRAM	normal	$7FA000	FILE_B0BE02|$400000	$889BA8
asset_889BA0	$889BA0	WRAM	normal	$7FA001	FILE_B0C518|$400000	$889BAE
asset_889BA0	$889BA0	WRAM	normal	$7E8000	FILE_B0C88D	$889BB4
asset_889BBC	$889BBC	VRAM	normal	$2000	VRAM_91EAF0	$889BBE
asset_889BBC	$889BBC	VRAM	normal	$3000	VRAM_B09408	$889BC3
asset_889BBC	$889BBC	VRAM	normal	$4000	VRAM_B08B90	$889BC8
asset_889BBC	$889BBC	VRAM	normal	$1000	VRAM_B0C92B	$889BCD
asset_889BBC	$889BBC	VRAM	normal	$1400	VRAM_B0C92B	$889BD2
asset_889BBC	$889BBC	VRAM	normal	$5000	VRAM_A18681	$889BD7
asset_889BBC	$889BBC	VRAM	normal	$7000	VRAM_ABF769	$889BDC
asset_889BBC	$889BBC	VRAM	normal	$7800	VRAM_AB8000	$889BE1
asset_889BE7	$889BE7	WRAM	normal	$7FC000	FILE_AFFF28	$889BE9
asset_889BE7	$889BE7	WRAM	normal	$7FA000	FILE_B0BE02|$400000	$889BEF
asset_889BE7	$889BE7	WRAM	normal	$7FA001	FILE_B0C518|$400000	$889BF5
asset_889BE7	$889BE7	WRAM	normal	$7E8000	FILE_B0C88D	$889BFB
asset_889C03	$889C03	VRAM	normal	$2000	VRAM_91EAF0	$889C05
asset_889C03	$889C03	VRAM	normal	$3000	VRAM_B09408	$889C0A
asset_889C03	$889C03	VRAM	normal	$4000	VRAM_B08B90	$889C0F
asset_889C03	$889C03	VRAM	normal	$1000	VRAM_B0C92B	$889C14
asset_889C03	$889C03	VRAM	normal	$1800	VRAM_B0C92B	$889C19
asset_889C03	$889C03	VRAM	normal	$5000	VRAM_A18681	$889C1E
asset_889C03	$889C03	VRAM	normal	$7800	VRAM_AB8000	$889C23
asset_889C29	$889C29	WRAM	normal	$7FC000	FILE_B0D8BB	$889C2B
asset_889C29	$889C29	WRAM	normal	$7FA000	FILE_B0AEF3|$400000	$889C31
asset_889C29	$889C29	WRAM	normal	$7FA001	FILE_B0B6DC|$400000	$889C37
asset_889C29	$889C29	WRAM	normal	$7E8000	FILE_B0B9A0	$889C3D
asset_889C45	$889C45	VRAM	normal	$2000	VRAM_91EAF0	$889C47
asset_889C45	$889C45	VRAM	normal	$3000	VRAM_B09408	$889C4C
asset_889C45	$889C45	VRAM	normal	$1000	VRAM_A2FFAB	$889C51
asset_889C45	$889C45	VRAM	normal	$5000	VRAM_A18681	$889C56
asset_889C45	$889C45	VRAM	normal	$7000	VRAM_99A44E	$889C5B
asset_889C61	$889C61	WRAM	normal	$7FC000	FILE_B0D8E7	$889C63
asset_889C61	$889C61	WRAM	normal	$7FA000	FILE_B0DA0A|$400000	$889C69
asset_889C61	$889C61	WRAM	normal	$7FA001	FILE_B0E1BE|$400000	$889C6F
asset_889C61	$889C61	WRAM	normal	$7E8000	FILE_B0E545	$889C75
asset_889C7D	$889C7D	VRAM	normal	$2000	VRAM_91EAF0	$889C7F
asset_889C7D	$889C7D	VRAM	normal	$3000	VRAM_B09408	$889C84
asset_889C7D	$889C7D	VRAM	normal	$4000	VRAM_AFD6A6	$889C89
asset_889C7D	$889C7D	VRAM	normal	$1000	VRAM_A2FFAB	$889C8E
asset_889C7D	$889C7D	VRAM	normal	$5000	VRAM_A18681	$889C93
asset_889C7D	$889C7D	VRAM	normal	$7000	VRAM_B1D690	$889C98
asset_889C7D	$889C7D	VRAM	normal	$7800	VRAM_AB8000	$889C9D
asset_889C7D	$889C7D	VRAM	normal	$7E00	VRAM_978581	$889CA2
asset_889CA8	$889CA8	WRAM	normal	$7FC000	FILE_B0D8BB	$889CAA
asset_889CA8	$889CA8	WRAM	normal	$7FA000	FILE_B0AEF3|$400000	$889CB0
asset_889CA8	$889CA8	WRAM	normal	$7FA001	FILE_B0B6DC|$400000	$889CB6
asset_889CA8	$889CA8	WRAM	normal	$7E8000	FILE_B0B9A0	$889CBC
asset_889CC4	$889CC4	VRAM	normal	$2000	VRAM_91EAF0	$889CC6
asset_889CC4	$889CC4	VRAM	normal	$3000	VRAM_B09408	$889CCB
asset_889CC4	$889CC4	VRAM	normal	$1000	VRAM_A2FFAB	$889CD0
asset_889CC4	$889CC4	VRAM	normal	$5000	VRAM_A18681	$889CD5
asset_889CC4	$889CC4	VRAM	normal	$7000	VRAM_99A44E	$889CDA
asset_889CE0	$889CE0	WRAM	normal	$7FC000	FILE_B0E615	$889CE2
asset_889CE0	$889CE0	WRAM	normal	$7FA000	FILE_B0DA0A|$400000	$889CE8
asset_889CE0	$889CE0	WRAM	normal	$7FA001	FILE_B0E1BE|$400000	$889CEE
asset_889CE0	$889CE0	WRAM	normal	$7E8000	FILE_B0E545	$889CF4
asset_889CFC	$889CFC	VRAM	normal	$2000	VRAM_91EAF0	$889CFE
asset_889CFC	$889CFC	VRAM	normal	$3000	VRAM_B09408	$889D03
asset_889CFC	$889CFC	VRAM	normal	$4000	VRAM_AFD6A6	$889D08
asset_889CFC	$889CFC	VRAM	normal	$1000	VRAM_B0E68E	$889D0D
asset_889CFC	$889CFC	VRAM	normal	$1400	VRAM_B0E68E	$889D12
asset_889CFC	$889CFC	VRAM	normal	$1800	VRAM_B0E68E	$889D17
asset_889CFC	$889CFC	VRAM	normal	$1C00	VRAM_B0E68E	$889D1C
asset_889CFC	$889CFC	VRAM	normal	$5000	VRAM_A18681	$889D21
asset_889CFC	$889CFC	VRAM	normal	$7000	VRAM_ABF769	$889D26
asset_889CFC	$889CFC	VRAM	normal	$7800	VRAM_AB8000	$889D2B
asset_889D31	$889D31	WRAM	normal	$7FC000	FILE_B0E950	$889D33
asset_889D31	$889D31	WRAM	normal	$7FA000	FILE_B0DA0A|$400000	$889D39
asset_889D31	$889D31	WRAM	normal	$7FA001	FILE_B0E1BE|$400000	$889D3F
asset_889D31	$889D31	WRAM	normal	$7E8000	FILE_B0E545	$889D45
asset_889D4D	$889D4D	VRAM	normal	$2000	VRAM_91EAF0	$889D4F
asset_889D4D	$889D4D	VRAM	normal	$3000	VRAM_B09408	$889D54
asset_889D4D	$889D4D	VRAM	normal	$4000	VRAM_AFD6A6	$889D59
asset_889D4D	$889D4D	VRAM	normal	$1000	VRAM_B0F4F0	$889D5E
asset_889D4D	$889D4D	VRAM	normal	$1400	VRAM_B0F4F0	$889D63
asset_889D4D	$889D4D	VRAM	normal	$1800	VRAM_B0F4F0	$889D68
asset_889D4D	$889D4D	VRAM	normal	$1C00	VRAM_B0F4F0	$889D6D
asset_889D4D	$889D4D	VRAM	normal	$5000	VRAM_A18681	$889D72
asset_889D4D	$889D4D	VRAM	normal	$7000	VRAM_ABF769	$889D77
asset_889D4D	$889D4D	VRAM	normal	$7800	VRAM_AB8000	$889D7C
asset_889D9B	$889D9B	VRAM	normal	$2000	VRAM_91EAF0	$889D9D
asset_889D9B	$889D9B	VRAM	normal	$3000	VRAM_B09408	$889DA2
asset_889D9B	$889D9B	VRAM	normal	$4000	VRAM_B08B90	$889DA7
asset_889D9B	$889D9B	VRAM	normal	$5000	VRAM_A18681	$889DAC
asset_889D9B	$889D9B	VRAM	normal	$7000	VRAM_ABF769	$889DB1
asset_889D9B	$889D9B	VRAM	normal	$7800	VRAM_AB8000	$889DB6
asset_889DBC	$889DBC	WRAM	normal	$7FC000	FILE_B0F4A7	$889DBE
asset_889DBC	$889DBC	WRAM	normal	$7FA000	FILE_B0DA0A|$400000	$889DC4
asset_889DBC	$889DBC	WRAM	normal	$7FA001	FILE_B0E1BE|$400000	$889DCA
asset_889DBC	$889DBC	WRAM	normal	$7E8000	FILE_B0E545	$889DD0
asset_889DD8	$889DD8	VRAM	normal	$2000	VRAM_91EAF0	$889DDA
asset_889DD8	$889DD8	VRAM	normal	$3000	VRAM_B09408	$889DDF
asset_889DD8	$889DD8	VRAM	normal	$4000	VRAM_AFD6A6	$889DE4
asset_889DD8	$889DD8	VRAM	normal	$1000	VRAM_B0F4F0	$889DE9
asset_889DD8	$889DD8	VRAM	normal	$1400	VRAM_B0F4F0	$889DEE
asset_889DD8	$889DD8	VRAM	normal	$1800	VRAM_B0F4F0	$889DF3
asset_889DD8	$889DD8	VRAM	normal	$1C00	VRAM_B0F4F0	$889DF8
asset_889DD8	$889DD8	VRAM	normal	$5000	VRAM_A18681	$889DFD
asset_889DD8	$889DD8	VRAM	normal	$7800	VRAM_AB8000	$889E02
asset_889E08	$889E08	WRAM	normal	$7FC000	FILE_B0F661	$889E0A
asset_889E08	$889E08	WRAM	normal	$7FA000	FILE_B0EA26|$400000	$889E10
asset_889E08	$889E08	WRAM	normal	$7FA001	FILE_B0F18C|$400000	$889E16
asset_889E08	$889E08	WRAM	normal	$7E8000	FILE_B0F422	$889E1C
asset_889E24	$889E24	VRAM	normal	$2000	VRAM_91EAF0	$889E26
asset_889E24	$889E24	VRAM	normal	$3000	VRAM_B09408	$889E2B
asset_889E24	$889E24	VRAM	normal	$4000	VRAM_B08B90	$889E30
asset_889E24	$889E24	VRAM	normal	$1000	VRAM_B0C92B	$889E35
asset_889E24	$889E24	VRAM	normal	$1400	VRAM_B0C92B	$889E3A
asset_889E24	$889E24	VRAM	normal	$5000	VRAM_A18681	$889E3F
asset_889E24	$889E24	VRAM	normal	$7800	VRAM_AB8000	$889E44
asset_889E24	$889E24	VRAM	normal	$7C00	VRAM_AADF5B	$889E49
asset_889E4F	$889E4F	WRAM	normal	$7FC000	FILE_B0F6BE	$889E51
asset_889E4F	$889E4F	WRAM	normal	$7FA000	FILE_B0EA26|$400000	$889E57
asset_889E4F	$889E4F	WRAM	normal	$7FA001	FILE_B0F18C|$400000	$889E5D
asset_889E4F	$889E4F	WRAM	normal	$7E8000	FILE_B0F422	$889E63
asset_889E6B	$889E6B	VRAM	normal	$2000	VRAM_91EAF0	$889E6D
asset_889E6B	$889E6B	VRAM	normal	$3000	VRAM_B09408	$889E72
asset_889E6B	$889E6B	VRAM	normal	$4000	VRAM_B08B90	$889E77
asset_889E6B	$889E6B	VRAM	normal	$1000	VRAM_B0C92B	$889E7C
asset_889E6B	$889E6B	VRAM	normal	$1800	VRAM_B0C92B	$889E81
asset_889E6B	$889E6B	VRAM	normal	$5000	VRAM_A18681	$889E86
asset_889E6B	$889E6B	VRAM	normal	$7800	VRAM_AB8000	$889E8B
asset_889E91	$889E91	WRAM	normal	$7FC000	FILE_B2F6A0	$889E93
asset_889E91	$889E91	WRAM	normal	$7FA000	FILE_B0EA26|$400000	$889E99
asset_889E91	$889E91	WRAM	normal	$7FA001	FILE_B0F18C|$400000	$889E9F
asset_889E91	$889E91	WRAM	normal	$7E8000	FILE_B0F422	$889EA5
asset_889EAD	$889EAD	VRAM	normal	$2000	VRAM_91EAF0	$889EAF
asset_889EAD	$889EAD	VRAM	normal	$3000	VRAM_B09408	$889EB4
asset_889EAD	$889EAD	VRAM	normal	$4000	VRAM_B08B90	$889EB9
asset_889EAD	$889EAD	VRAM	normal	$1000	VRAM_B0C92B	$889EBE
asset_889EAD	$889EAD	VRAM	normal	$5000	VRAM_A18681	$889EC3
asset_889EAD	$889EAD	VRAM	normal	$7800	VRAM_AB8000	$889EC8
asset_889EE7	$889EE7	VRAM	normal	$2000	VRAM_91EAF0	$889EE9
asset_889EE7	$889EE7	VRAM	normal	$3000	VRAM_B09408	$889EEE
asset_889EE7	$889EE7	VRAM	normal	$4000	VRAM_B08B90	$889EF3
asset_889EE7	$889EE7	VRAM	normal	$5000	VRAM_A18681	$889EF8
asset_889EE7	$889EE7	VRAM	normal	$7600	VRAM_A5FBCF	$889EFD
asset_889EE7	$889EE7	VRAM	normal	$7800	VRAM_AB8000	$889F02
asset_889EE7	$889EE7	VRAM	normal	$7C00	VRAM_AADF5B	$889F07
asset_889F0D	$889F0D	WRAM	normal	$7FC000	FILE_B0F7DF	$889F0F
asset_889F0D	$889F0D	WRAM	normal	$7FA000	FILE_B0EA26|$400000	$889F15
asset_889F0D	$889F0D	WRAM	normal	$7FA001	FILE_B0F18C|$400000	$889F1B
asset_889F0D	$889F0D	WRAM	normal	$7E8000	FILE_B0F422	$889F21
asset_889F29	$889F29	VRAM	normal	$2000	VRAM_91EAF0	$889F2B
asset_889F29	$889F29	VRAM	normal	$3000	VRAM_B09408	$889F30
asset_889F29	$889F29	VRAM	normal	$4000	VRAM_B08B90	$889F35
asset_889F29	$889F29	VRAM	normal	$1000	VRAM_B0C92B	$889F3A
asset_889F29	$889F29	VRAM	normal	$1400	VRAM_B0C92B	$889F3F
asset_889F29	$889F29	VRAM	normal	$5000	VRAM_A18681	$889F44
asset_889F29	$889F29	VRAM	normal	$7E00	VRAM_9DEF92	$889F49
asset_889F4F	$889F4F	WRAM	normal	$7FC000	FILE_BFAE5E	$889F51
asset_889F4F	$889F4F	WRAM	normal	$7FA000	FILE_BFAA93|$400000	$889F57
asset_889F4F	$889F4F	WRAM	normal	$7FA001	FILE_BFAD0C|$400000	$889F5D
asset_889F4F	$889F4F	WRAM	normal	$7E8000	FILE_BFAE19	$889F63
asset_889F6B	$889F6B	VRAM	normal	$2000	VRAM_B4896E	$889F6D
asset_889F6B	$889F6B	VRAM	normal	$3000	VRAM_B49A72	$889F72
asset_889F6B	$889F6B	VRAM	normal	$3000	VRAM_B4B0DE	$889F77
asset_889F6B	$889F6B	VRAM	normal	$1000	VRAM_A2FFAB	$889F7C
asset_889F6B	$889F6B	VRAM	normal	$1400	VRAM_A2FFAB	$889F81
asset_889F6B	$889F6B	VRAM	normal	$5000	VRAM_A18681	$889F86
asset_889F6B	$889F6B	VRAM	normal	$7000	VRAM_B2E2EC	$889F8B
asset_889F6B	$889F6B	VRAM	normal	$7C00	VRAM_AEC024	$889F90
asset_889F96	$889F96	WRAM	normal	$7FC000	FILE_B3F8C2	$889F98
asset_889F96	$889F96	WRAM	normal	$7FA000	FILE_B4B373|$400000	$889F9E
asset_889F96	$889F96	WRAM	normal	$7FA001	FILE_B4B847|$400000	$889FA4
asset_889F96	$889F96	WRAM	normal	$7F7000	FILE_B2FF54	$889FAA
asset_889FB2	$889FB2	VRAM	normal	$2000	VRAM_B4896E	$889FB4
asset_889FB2	$889FB2	VRAM	normal	$3000	VRAM_B49A72	$889FB9
asset_889FB2	$889FB2	VRAM	normal	$4000	VRAM_BF85D4	$889FBE
asset_889FB2	$889FB2	VRAM	normal	$1000	VRAM_BF890F	$889FC3
asset_889FB2	$889FB2	VRAM	normal	$1400	VRAM_BF890F	$889FC8
asset_889FB2	$889FB2	VRAM	normal	$5000	VRAM_A18681	$889FCD
asset_889FB2	$889FB2	VRAM	normal	$7000	VRAM_98CA76	$889FD2
asset_889FB2	$889FB2	VRAM	normal	$7400	VRAM_AA9787	$889FD7
asset_889FB2	$889FB2	VRAM	normal	$7800	VRAM_AEC024	$889FDC
asset_889FE2	$889FE2	WRAM	normal	$7FC000	FILE_B3F960	$889FE4
asset_889FE2	$889FE2	WRAM	normal	$7FA000	FILE_B4DAD5|$400000	$889FEA
asset_889FE2	$889FE2	WRAM	normal	$7FA001	FILE_B4E1B7|$400000	$889FF0
asset_889FE2	$889FE2	WRAM	normal	$7E8000	FILE_B4E48C	$889FF6
asset_889FFE	$889FFE	VRAM	normal	$2000	VRAM_B4896E	$88A000
asset_889FFE	$889FFE	VRAM	normal	$3000	VRAM_B49A72	$88A005
asset_889FFE	$889FFE	VRAM	normal	$4000	VRAM_B4B0DE	$88A00A
asset_889FFE	$889FFE	VRAM	normal	$4040	VRAM_94D951	$88A00F
asset_889FFE	$889FFE	VRAM	normal	$1000	VRAM_BF8A6F	$88A014
asset_889FFE	$889FFE	VRAM	normal	$1800	VRAM_BF8A6F	$88A019
asset_889FFE	$889FFE	VRAM	normal	$5000	VRAM_A18681	$88A01E
asset_889FFE	$889FFE	VRAM	normal	$7000	VRAM_AA9D67	$88A023
asset_889FFE	$889FFE	VRAM	normal	$7400	VRAM_AA9453	$88A028
asset_889FFE	$889FFE	VRAM	normal	$7800	VRAM_AEC024	$88A02D
asset_88A033	$88A033	WRAM	normal	$7FC000	FILE_B4FFA0	$88A035
asset_88A033	$88A033	WRAM	normal	$7FA000	FILE_B4DAD5|$400000	$88A03B
asset_88A033	$88A033	WRAM	normal	$7FA001	FILE_B4E1B7|$400000	$88A041
asset_88A033	$88A033	WRAM	normal	$7F7000	FILE_B3F88B	$88A047
asset_88A04F	$88A04F	VRAM	normal	$2000	VRAM_B4896E	$88A051
asset_88A04F	$88A04F	VRAM	normal	$3000	VRAM_B49A72	$88A056
asset_88A04F	$88A04F	VRAM	normal	$4000	VRAM_B4B0DE	$88A05B
asset_88A04F	$88A04F	VRAM	normal	$1000	VRAM_A2FFAB	$88A060
asset_88A04F	$88A04F	VRAM	normal	$5000	VRAM_A18681	$88A065
asset_88A04F	$88A04F	VRAM	normal	$7000	VRAM_AA9787	$88A06A
asset_88A04F	$88A04F	VRAM	normal	$7600	VRAM_A5FBCF	$88A06F
asset_88A04F	$88A04F	VRAM	normal	$7800	VRAM_AEC024	$88A074
asset_88A07A	$88A07A	WRAM	normal	$7FC000	FILE_B4B9C2	$88A07C
asset_88A07A	$88A07A	WRAM	normal	$7FA000	FILE_B4DAD5|$400000	$88A082
asset_88A07A	$88A07A	WRAM	normal	$7FA001	FILE_B4E1B7|$400000	$88A088
asset_88A07A	$88A07A	WRAM	normal	$7F7000	FILE_B4C7A0	$88A08E
asset_88A096	$88A096	VRAM	normal	$2000	VRAM_B4896E	$88A098
asset_88A096	$88A096	VRAM	normal	$3000	VRAM_B49A72	$88A09D
asset_88A096	$88A096	VRAM	normal	$4000	VRAM_BF85D4	$88A0A2
asset_88A096	$88A096	VRAM	normal	$1000	VRAM_BF890F	$88A0A7
asset_88A096	$88A096	VRAM	normal	$1400	VRAM_BF890F	$88A0AC
asset_88A096	$88A096	VRAM	normal	$5000	VRAM_A18681	$88A0B1
asset_88A096	$88A096	VRAM	normal	$7800	VRAM_AEC024	$88A0B6
asset_88A0BC	$88A0BC	WRAM	normal	$7FC000	FILE_B4BA2D	$88A0BE
asset_88A0BC	$88A0BC	WRAM	normal	$7FA000	FILE_B4BB35|$400000	$88A0C4
asset_88A0BC	$88A0BC	WRAM	normal	$7FA001	FILE_B4C391|$400000	$88A0CA
asset_88A0BC	$88A0BC	WRAM	normal	$7E8000	FILE_B4C714	$88A0D0
asset_88A0D8	$88A0D8	VRAM	normal	$2000	VRAM_B4896E	$88A0DA
asset_88A0D8	$88A0D8	VRAM	normal	$3000	VRAM_B49A72	$88A0DF
asset_88A0D8	$88A0D8	VRAM	normal	$4000	VRAM_B4B0DE	$88A0E4
asset_88A0D8	$88A0D8	VRAM	normal	$1000	VRAM_A2FFAB	$88A0E9
asset_88A0D8	$88A0D8	VRAM	normal	$5000	VRAM_A18681	$88A0EE
asset_88A0D8	$88A0D8	VRAM	normal	$7000	VRAM_AA8526	$88A0F3
asset_88A0D8	$88A0D8	VRAM	normal	$7800	VRAM_AEC024	$88A0F8
asset_88A0FE	$88A0FE	WRAM	normal	$7FC000	FILE_B4C7E2	$88A100
asset_88A0FE	$88A0FE	WRAM	normal	$7FA000	FILE_B4DAD5|$400000	$88A106
asset_88A0FE	$88A0FE	WRAM	normal	$7FA001	FILE_B4E1B7|$400000	$88A10C
asset_88A0FE	$88A0FE	WRAM	normal	$7E8000	FILE_B4E48C	$88A112
asset_88A11A	$88A11A	VRAM	normal	$2000	VRAM_B4896E	$88A11C
asset_88A11A	$88A11A	VRAM	normal	$3000	VRAM_B49A72	$88A121
asset_88A11A	$88A11A	VRAM	normal	$4000	VRAM_B4B0DE	$88A126
asset_88A11A	$88A11A	VRAM	normal	$1000	VRAM_A2FFAB	$88A12B
asset_88A11A	$88A11A	VRAM	normal	$5000	VRAM_A18681	$88A130
asset_88A11A	$88A11A	VRAM	normal	$7600	VRAM_A5FBCF	$88A135
asset_88A11A	$88A11A	VRAM	normal	$7800	VRAM_AEC024	$88A13A
asset_88A159	$88A159	VRAM	normal	$2000	VRAM_B4896E	$88A15B
asset_88A159	$88A159	VRAM	normal	$3000	VRAM_B49A72	$88A160
asset_88A159	$88A159	VRAM	normal	$5000	VRAM_A18681	$88A165
asset_88A159	$88A159	VRAM	normal	$7400	VRAM_A6FAF2	$88A16A
asset_88A159	$88A159	VRAM	normal	$7800	VRAM_AB8000	$88A16F
asset_88A175	$88A175	WRAM	normal	$7FC000	FILE_B2FF29	$88A177
asset_88A175	$88A175	WRAM	normal	$7FA000	FILE_B4DAD5|$400000	$88A17D
asset_88A175	$88A175	WRAM	normal	$7FA001	FILE_B4E1B7|$400000	$88A183
asset_88A175	$88A175	WRAM	normal	$7F7000	FILE_B4C87C	$88A189
asset_88A191	$88A191	VRAM	normal	$2000	VRAM_B4896E	$88A193
asset_88A191	$88A191	VRAM	normal	$3000	VRAM_B49A72	$88A198
asset_88A191	$88A191	VRAM	normal	$4000	VRAM_BF85D4	$88A19D
asset_88A191	$88A191	VRAM	normal	$1000	VRAM_BF890F	$88A1A2
asset_88A191	$88A191	VRAM	normal	$1400	VRAM_BF890F	$88A1A7
asset_88A191	$88A191	VRAM	normal	$5000	VRAM_A18681	$88A1AC
asset_88A191	$88A191	VRAM	normal	$7800	VRAM_AEC024	$88A1B1
asset_88A1D0	$88A1D0	VRAM	normal	$2000	VRAM_B4896E	$88A1D2
asset_88A1D0	$88A1D0	VRAM	normal	$3000	VRAM_B49A72	$88A1D7
asset_88A1D0	$88A1D0	VRAM	normal	$4000	VRAM_B4B0DE	$88A1DC
asset_88A1D0	$88A1D0	VRAM	normal	$4040	VRAM_94D951	$88A1E1
asset_88A1D0	$88A1D0	VRAM	normal	$1000	VRAM_BF8A6F	$88A1E6
asset_88A1D0	$88A1D0	VRAM	normal	$1800	VRAM_BF8A6F	$88A1EB
asset_88A1D0	$88A1D0	VRAM	normal	$5000	VRAM_A18681	$88A1F0
asset_88A1D0	$88A1D0	VRAM	normal	$7000	VRAM_AA891D	$88A1F5
asset_88A1D0	$88A1D0	VRAM	normal	$7400	VRAM_AAA659	$88A1FA
asset_88A1D0	$88A1D0	VRAM	normal	$7800	VRAM_AEC024	$88A1FF
asset_88A1D0	$88A1D0	VRAM	normal	$7C00	VRAM_98CE95	$88A204
asset_88A20A	$88A20A	WRAM	normal	$7FC000	FILE_B4C90B	$88A20C
asset_88A20A	$88A20A	WRAM	normal	$7FA000	FILE_B4B373|$400000	$88A212
asset_88A20A	$88A20A	WRAM	normal	$7FA001	FILE_B4B847|$400000	$88A218
asset_88A20A	$88A20A	WRAM	normal	$7E8000	FILE_B4FF4A	$88A21E
asset_88A226	$88A226	VRAM	normal	$2000	VRAM_B4896E	$88A228
asset_88A226	$88A226	VRAM	normal	$3000	VRAM_B49A72	$88A22D
asset_88A226	$88A226	VRAM	normal	$1000	VRAM_A2FFAB	$88A232
asset_88A226	$88A226	VRAM	normal	$5000	VRAM_A18681	$88A237
asset_88A226	$88A226	VRAM	normal	$7600	VRAM_A5FBCF	$88A23C
asset_88A226	$88A226	VRAM	normal	$7800	VRAM_AEC024	$88A241
asset_88A247	$88A247	WRAM	normal	$7FC000	FILE_B4C960	$88A249
asset_88A247	$88A247	WRAM	normal	$7FA000	FILE_B4B373|$400000	$88A24F
asset_88A247	$88A247	WRAM	normal	$7FA001	FILE_B4B847|$400000	$88A255
asset_88A247	$88A247	WRAM	normal	$7F7000	FILE_B2FEEF	$88A25B
asset_88A263	$88A263	VRAM	normal	$2000	VRAM_B4896E	$88A265
asset_88A263	$88A263	VRAM	normal	$3000	VRAM_B49A72	$88A26A
asset_88A263	$88A263	VRAM	normal	$1000	VRAM_A2FFAB	$88A26F
asset_88A263	$88A263	VRAM	normal	$5000	VRAM_A18681	$88A274
asset_88A263	$88A263	VRAM	normal	$7000	VRAM_A8DEA9	$88A279
asset_88A263	$88A263	VRAM	normal	$7600	VRAM_A5FBCF	$88A27E
asset_88A263	$88A263	VRAM	normal	$7800	VRAM_AEC024	$88A283
asset_88A289	$88A289	WRAM	normal	$7FC000	FILE_B4C9D9	$88A28B
asset_88A289	$88A289	WRAM	normal	$7FA000	FILE_B4CEE0|$400000	$88A291
asset_88A289	$88A289	WRAM	normal	$7FA001	FILE_B4D58D|$400000	$88A297
asset_88A289	$88A289	WRAM	normal	$7F7000	FILE_92F70E	$88A29D
asset_88A2A5	$88A2A5	VRAM	normal	$2000	VRAM_B4896E	$88A2A7
asset_88A2A5	$88A2A5	VRAM	normal	$3000	VRAM_B49A72	$88A2AC
asset_88A2A5	$88A2A5	VRAM	normal	$1000	VRAM_A2FFAB	$88A2B1
asset_88A2A5	$88A2A5	VRAM	normal	$5000	VRAM_A18681	$88A2B6
asset_88A2A5	$88A2A5	VRAM	normal	$7800	VRAM_AEC024	$88A2BB
asset_88A2A5	$88A2A5	VRAM	normal	$7C00	VRAM_AEC753	$88A2C0
asset_88A2C6	$88A2C6	WRAM	normal	$7FC000	FILE_B4CB0B	$88A2C8
asset_88A2C6	$88A2C6	WRAM	normal	$7FA000	FILE_B4B373|$400000	$88A2CE
asset_88A2C6	$88A2C6	WRAM	normal	$7FA001	FILE_B4B847|$400000	$88A2D4
asset_88A2C6	$88A2C6	WRAM	normal	$7E8000	FILE_B4FF4A	$88A2DA
asset_88A2E2	$88A2E2	VRAM	normal	$2000	VRAM_B4896E	$88A2E4
asset_88A2E2	$88A2E2	VRAM	normal	$3000	VRAM_B49A72	$88A2E9
asset_88A2E2	$88A2E2	VRAM	normal	$1000	VRAM_A2FFAB	$88A2EE
asset_88A2E2	$88A2E2	VRAM	normal	$5000	VRAM_A18681	$88A2F3
asset_88A2E2	$88A2E2	VRAM	normal	$7000	VRAM_AA8526	$88A2F8
asset_88A2E2	$88A2E2	VRAM	normal	$7400	VRAM_A5FBCF	$88A2FD
asset_88A2E2	$88A2E2	VRAM	normal	$7800	VRAM_AEC024	$88A302
asset_88A308	$88A308	WRAM	normal	$7FC000	FILE_B4CB77	$88A30A
asset_88A308	$88A308	WRAM	normal	$7FA000	FILE_B4B373|$400000	$88A310
asset_88A308	$88A308	WRAM	normal	$7FA001	FILE_B4B847|$400000	$88A316
asset_88A308	$88A308	WRAM	normal	$7E8000	FILE_B4FF4A	$88A31C
asset_88A324	$88A324	VRAM	normal	$2000	VRAM_B4896E	$88A326
asset_88A324	$88A324	VRAM	normal	$3000	VRAM_B49A72	$88A32B
asset_88A324	$88A324	VRAM	normal	$1000	VRAM_A2FFAB	$88A330
asset_88A324	$88A324	VRAM	normal	$5000	VRAM_A18681	$88A335
asset_88A33B	$88A33B	WRAM	normal	$7FC000	FILE_B4CBAA	$88A33D
asset_88A33B	$88A33B	WRAM	normal	$7FA000	FILE_B4B373|$400000	$88A343
asset_88A33B	$88A33B	WRAM	normal	$7FA001	FILE_B4B847|$400000	$88A349
asset_88A33B	$88A33B	WRAM	normal	$7E8000	FILE_B4FF4A	$88A34F
asset_88A357	$88A357	VRAM	normal	$2000	VRAM_B4896E	$88A359
asset_88A357	$88A357	VRAM	normal	$3000	VRAM_B49A72	$88A35E
asset_88A357	$88A357	VRAM	normal	$1000	VRAM_A2FFAB	$88A363
asset_88A357	$88A357	VRAM	normal	$5000	VRAM_A18681	$88A368
asset_88A357	$88A357	VRAM	normal	$7800	VRAM_AEC024	$88A36D
asset_88A357	$88A357	VRAM	normal	$7C00	VRAM_98CA76	$88A372
asset_88A378	$88A378	WRAM	normal	$7FC000	FILE_B4CC02	$88A37A
asset_88A378	$88A378	WRAM	normal	$7FA000	FILE_B4BB35|$400000	$88A380
asset_88A378	$88A378	WRAM	normal	$7FA001	FILE_B4C391|$400000	$88A386
asset_88A378	$88A378	WRAM	normal	$7E8000	FILE_B4C714	$88A38C
asset_88A394	$88A394	VRAM	normal	$2000	VRAM_B4896E	$88A396
asset_88A394	$88A394	VRAM	normal	$3000	VRAM_B49A72	$88A39B
asset_88A394	$88A394	VRAM	normal	$4000	VRAM_B4B0DE	$88A3A0
asset_88A394	$88A394	VRAM	normal	$4040	VRAM_94D951	$88A3A5
asset_88A394	$88A394	VRAM	normal	$1000	VRAM_BF8A6F	$88A3AA
asset_88A394	$88A394	VRAM	normal	$1800	VRAM_BF8A6F	$88A3AF
asset_88A394	$88A394	VRAM	normal	$5000	VRAM_A18681	$88A3B4
asset_88A394	$88A394	VRAM	normal	$7000	VRAM_9BECC1	$88A3B9
asset_88A394	$88A394	VRAM	normal	$7400	VRAM_A5FBCF	$88A3BE
asset_88A394	$88A394	VRAM	normal	$7600	VRAM_AEC024	$88A3C3
asset_88A394	$88A394	VRAM	normal	$7A00	VRAM_98CA76	$88A3C8
asset_88A394	$88A394	VRAM	normal	$7D00	VRAM_AAA659	$88A3CD
asset_88A3D3	$88A3D3	WRAM	normal	$7FC000	FILE_B4CD47	$88A3D5
asset_88A3D3	$88A3D3	WRAM	normal	$7FA000	FILE_B4DAD5|$400000	$88A3DB
asset_88A3D3	$88A3D3	WRAM	normal	$7FA001	FILE_B4E1B7|$400000	$88A3E1
asset_88A3D3	$88A3D3	WRAM	normal	$7E8000	FILE_B4E48C	$88A3E7
asset_88A3EF	$88A3EF	VRAM	normal	$2000	VRAM_B4896E	$88A3F1
asset_88A3EF	$88A3EF	VRAM	normal	$3000	VRAM_B49A72	$88A3F6
asset_88A3EF	$88A3EF	VRAM	normal	$4000	VRAM_B4B0DE	$88A3FB
asset_88A3EF	$88A3EF	VRAM	normal	$1000	VRAM_A2FFAB	$88A400
asset_88A3EF	$88A3EF	VRAM	normal	$5000	VRAM_A18681	$88A405
asset_88A3EF	$88A3EF	VRAM	normal	$7800	VRAM_AEC024	$88A40A
asset_88A3EF	$88A3EF	VRAM	normal	$7C00	VRAM_ABF769	$88A40F
asset_88A3EF	$88A3EF	VRAM	normal	$7E00	VRAM_B2FA99	$88A414
asset_88A41A	$88A41A	WRAM	normal	$7FC000	FILE_B4CDC1	$88A41C
asset_88A41A	$88A41A	WRAM	normal	$7FA000	FILE_B4CEE0|$400000	$88A422
asset_88A41A	$88A41A	WRAM	normal	$7FA001	FILE_B4D58D|$400000	$88A428
asset_88A41A	$88A41A	WRAM	normal	$7F7000	FILE_BFEFB2	$88A42E
asset_88A436	$88A436	VRAM	normal	$2000	VRAM_B4896E	$88A438
asset_88A436	$88A436	VRAM	normal	$3000	VRAM_B49A72	$88A43D
asset_88A436	$88A436	VRAM	normal	$1000	VRAM_A2FFAB	$88A442
asset_88A436	$88A436	VRAM	normal	$5000	VRAM_A18681	$88A447
asset_88A436	$88A436	VRAM	normal	$7800	VRAM_AEC024	$88A44C
asset_88A436	$88A436	VRAM	normal	$7C00	VRAM_AEC753	$88A451
asset_88A457	$88A457	WRAM	normal	$7FC000	FILE_B4D917	$88A459
asset_88A457	$88A457	WRAM	normal	$7FA000	FILE_B4CEE0|$400000	$88A45F
asset_88A457	$88A457	WRAM	normal	$7FA001	FILE_B4D58D|$400000	$88A465
asset_88A457	$88A457	WRAM	normal	$7E8000	FILE_B4D873	$88A46B
asset_88A473	$88A473	VRAM	normal	$2000	VRAM_B4896E	$88A475
asset_88A473	$88A473	VRAM	normal	$3000	VRAM_B49A72	$88A47A
asset_88A473	$88A473	VRAM	normal	$1000	VRAM_A2FFAB	$88A47F
asset_88A473	$88A473	VRAM	normal	$5000	VRAM_A18681	$88A484
asset_88A473	$88A473	VRAM	normal	$7000	VRAM_92EE85	$88A489
asset_88A473	$88A473	VRAM	normal	$7600	VRAM_A5FBCF	$88A48E
asset_88A473	$88A473	VRAM	normal	$7800	VRAM_AEC024	$88A493
asset_88A499	$88A499	WRAM	normal	$7FC000	FILE_B4D960	$88A49B
asset_88A499	$88A499	WRAM	normal	$7FA000	FILE_B4CEE0|$400000	$88A4A1
asset_88A499	$88A499	WRAM	normal	$7FA001	FILE_B4D58D|$400000	$88A4A7
asset_88A499	$88A499	WRAM	normal	$7F7000	FILE_BFF085	$88A4AD
asset_88A4B5	$88A4B5	VRAM	normal	$2000	VRAM_B4896E	$88A4B7
asset_88A4B5	$88A4B5	VRAM	normal	$3000	VRAM_B49A72	$88A4BC
asset_88A4B5	$88A4B5	VRAM	normal	$1000	VRAM_A2FFAB	$88A4C1
asset_88A4B5	$88A4B5	VRAM	normal	$5000	VRAM_A18681	$88A4C6
asset_88A4B5	$88A4B5	VRAM	normal	$7000	VRAM_AA891D	$88A4CB
asset_88A4B5	$88A4B5	VRAM	normal	$7800	VRAM_AEC024	$88A4D0
asset_88A4B5	$88A4B5	VRAM	normal	$7C00	VRAM_AEC753	$88A4D5
asset_88A4DB	$88A4DB	WRAM	normal	$7FC000	FILE_B4D9E1	$88A4DD
asset_88A4DB	$88A4DB	WRAM	normal	$7FA000	FILE_B4CEE0|$400000	$88A4E3
asset_88A4DB	$88A4DB	WRAM	normal	$7FA001	FILE_B4D58D|$400000	$88A4E9
asset_88A4DB	$88A4DB	WRAM	normal	$7F7000	FILE_BFEF7E	$88A4EF
asset_88A4F7	$88A4F7	VRAM	normal	$2000	VRAM_B4896E	$88A4F9
asset_88A4F7	$88A4F7	VRAM	normal	$3000	VRAM_B49A72	$88A4FE
asset_88A4F7	$88A4F7	VRAM	normal	$1000	VRAM_A2FFAB	$88A503
asset_88A4F7	$88A4F7	VRAM	normal	$5000	VRAM_A18681	$88A508
asset_88A4F7	$88A4F7	VRAM	normal	$7000	VRAM_92EE85	$88A50D
asset_88A4F7	$88A4F7	VRAM	normal	$7C00	VRAM_AEC753	$88A512
asset_88A531	$88A531	VRAM	normal	$2000	VRAM_B4896E	$88A533
asset_88A531	$88A531	VRAM	normal	$3000	VRAM_B49A72	$88A538
asset_88A531	$88A531	VRAM	normal	$4000	VRAM_B4B0DE	$88A53D
asset_88A531	$88A531	VRAM	normal	$5000	VRAM_A18681	$88A542
asset_88A531	$88A531	VRAM	normal	$7400	VRAM_98CE95	$88A547
asset_88A531	$88A531	VRAM	normal	$7800	VRAM_AEC024	$88A54C
asset_88A531	$88A531	VRAM	normal	$7C00	VRAM_AECD5E	$88A551
asset_88A570	$88A570	VRAM	normal	$2000	VRAM_B4896E	$88A572
asset_88A570	$88A570	VRAM	normal	$3000	VRAM_B49A72	$88A577
asset_88A570	$88A570	VRAM	normal	$4000	VRAM_B4B0DE	$88A57C
asset_88A570	$88A570	VRAM	normal	$5000	VRAM_A18681	$88A581
asset_88A570	$88A570	VRAM	normal	$7600	VRAM_A6CE5E	$88A586
asset_88A570	$88A570	VRAM	normal	$7800	VRAM_AEC024	$88A58B
asset_88A570	$88A570	VRAM	normal	$7C00	VRAM_98CA76	$88A590
asset_88A596	$88A596	WRAM	normal	$7FC000	FILE_B4F094	$88A598
asset_88A596	$88A596	WRAM	normal	$7FA000	FILE_B4E74A|$400000	$88A59E
asset_88A596	$88A596	WRAM	normal	$7FA001	FILE_B4ED3E|$400000	$88A5A4
asset_88A596	$88A596	WRAM	normal	$7E8000	FILE_B4F011	$88A5AA
asset_88A5B2	$88A5B2	VRAM	normal	$2000	VRAM_B4896E	$88A5B4
asset_88A5B2	$88A5B2	VRAM	normal	$3000	VRAM_B49A72	$88A5B9
asset_88A5B2	$88A5B2	VRAM	normal	$4000	VRAM_B4B103	$88A5BE
asset_88A5B2	$88A5B2	VRAM	normal	$4200	VRAM_BF8000	$88A5C3
asset_88A5B2	$88A5B2	VRAM	normal	$1000	VRAM_BF8BC1	$88A5C8
asset_88A5B2	$88A5B2	VRAM	normal	$1400	VRAM_BF8BC1	$88A5CD
asset_88A5B2	$88A5B2	VRAM	normal	$1800	VRAM_BF8BC1	$88A5D2
asset_88A5B2	$88A5B2	VRAM	normal	$1C00	VRAM_BF8BC1	$88A5D7
asset_88A5B2	$88A5B2	VRAM	normal	$5000	VRAM_A18681	$88A5DC
asset_88A5B2	$88A5B2	VRAM	normal	$7000	VRAM_92EE85	$88A5E1
asset_88A5B2	$88A5B2	VRAM	normal	$7600	VRAM_A5FBCF	$88A5E6
asset_88A5B2	$88A5B2	VRAM	normal	$7800	VRAM_AEC024	$88A5EB
asset_88A5B2	$88A5B2	VRAM	normal	$7C00	VRAM_AEC5C1	$88A5F0
asset_88A5F6	$88A5F6	WRAM	normal	$7FC000	FILE_B1FCEE	$88A5F8
asset_88A5F6	$88A5F6	WRAM	normal	$7FA000	FILE_B4E74A|$400000	$88A5FE
asset_88A5F6	$88A5F6	WRAM	normal	$7FA001	FILE_B4ED3E|$400000	$88A604
asset_88A5F6	$88A5F6	WRAM	normal	$7E8000	FILE_B4F011	$88A60A
asset_88A612	$88A612	VRAM	normal	$2000	VRAM_B4896E	$88A614
asset_88A612	$88A612	VRAM	normal	$3000	VRAM_B49A72	$88A619
asset_88A612	$88A612	VRAM	normal	$4000	VRAM_B4B0DE	$88A61E
asset_88A612	$88A612	VRAM	normal	$4040	VRAM_94D951	$88A623
asset_88A612	$88A612	VRAM	normal	$1000	VRAM_BF8A6F	$88A628
asset_88A612	$88A612	VRAM	normal	$5000	VRAM_A18681	$88A62D
asset_88A612	$88A612	VRAM	normal	$7800	VRAM_AEC024	$88A632
asset_88A612	$88A612	VRAM	normal	$7C00	VRAM_AADF5B	$88A637
asset_88A650	$88A650	SPRITE	last	$7FFF	SPRITE_B4F011	$88A651
asset_88A656	$88A656	VRAM	normal	$2000	VRAM_B4896E	$88A658
asset_88A656	$88A656	VRAM	normal	$3000	VRAM_B49A72	$88A65D
asset_88A656	$88A656	VRAM	normal	$4000	VRAM_B4B0DE	$88A662
asset_88A656	$88A656	VRAM	normal	$4040	VRAM_94D951	$88A667
asset_88A656	$88A656	VRAM	normal	$5000	VRAM_A18681	$88A66C
asset_88A656	$88A656	VRAM	normal	$7000	VRAM_AB858F	$88A671
asset_88A677	$88A677	WRAM	normal	$7FC000	FILE_B4F1B8	$88A679
asset_88A677	$88A677	WRAM	normal	$7FA000	FILE_B4E74A|$400000	$88A67F
asset_88A677	$88A677	WRAM	normal	$7FA001	FILE_B4ED3E|$400000	$88A685
asset_88A677	$88A677	WRAM	normal	$7E8000	FILE_B4F011	$88A68B
asset_88A693	$88A693	VRAM	normal	$2000	VRAM_B4896E	$88A695
asset_88A693	$88A693	VRAM	normal	$3000	VRAM_B49A72	$88A69A
asset_88A693	$88A693	VRAM	normal	$4000	VRAM_B4B0DE	$88A69F
asset_88A693	$88A693	VRAM	normal	$4040	VRAM_94D951	$88A6A4
asset_88A693	$88A693	VRAM	normal	$1000	VRAM_BF8D94	$88A6A9
asset_88A693	$88A693	VRAM	normal	$1400	VRAM_BF8D94	$88A6AE
asset_88A693	$88A693	VRAM	normal	$5000	VRAM_A18681	$88A6B3
asset_88A693	$88A693	VRAM	normal	$7000	VRAM_AB858F	$88A6B8
asset_88A6BE	$88A6BE	WRAM	normal	$7FC000	FILE_BFEC5C	$88A6C0
asset_88A6BE	$88A6BE	WRAM	normal	$7FA000	FILE_B3F9C9|$400000	$88A6C6
asset_88A6BE	$88A6BE	WRAM	normal	$7FA001	FILE_B3FB42|$400000	$88A6CC
asset_88A6BE	$88A6BE	WRAM	normal	$7FD000	FILE_A6D11A|$400000	$88A6D2
asset_88A6BE	$88A6BE	WRAM	normal	$7FD001	FILE_A6D1E1|$400000	$88A6D8
asset_88A6BE	$88A6BE	WRAM	normal	$7E8000	FILE_BFEDD5	$88A6DE
asset_88A6E6	$88A6E6	VRAM	normal	$2000	VRAM_A3D1B9	$88A6E8
asset_88A6E6	$88A6E6	VRAM	normal	$2800	VRAM_91EAF0	$88A6ED
asset_88A6E6	$88A6E6	VRAM	normal	$3000	VRAM_A48378	$88A6F2
asset_88A6E6	$88A6E6	VRAM	normal	$4000	VRAM_A6D209	$88A6F7
asset_88A6E6	$88A6E6	VRAM	normal	$1000	VRAM_A2FFAB	$88A6FC
asset_88A6E6	$88A6E6	VRAM	normal	$1400	VRAM_A2FFAB	$88A701
asset_88A6E6	$88A6E6	VRAM	normal	$5000	VRAM_A18681	$88A706
asset_88A6E6	$88A6E6	VRAM	normal	$7000	VRAM_A6DE24	$88A70B
asset_88A6E6	$88A6E6	VRAM	normal	$7C00	VRAM_A6EEC4	$88A710
asset_88A716	$88A716	WRAM	normal	$7FC000	FILE_BEDB33	$88A718
asset_88A716	$88A716	WRAM	normal	$7FA000	FILE_BEDB63|$400000	$88A71E
asset_88A716	$88A716	WRAM	normal	$7FA001	FILE_BEDC69|$400000	$88A724
asset_88A716	$88A716	WRAM	normal	$7FD000	FILE_A6D11A|$400000	$88A72A
asset_88A716	$88A716	WRAM	normal	$7FD001	FILE_A6D1E1|$400000	$88A730
asset_88A716	$88A716	WRAM	normal	$7E8000	FILE_BEDCC4	$88A736
asset_88A73E	$88A73E	VRAM	normal	$2000	VRAM_B4896E	$88A740
asset_88A73E	$88A73E	VRAM	normal	$3000	VRAM_A48378	$88A745
asset_88A73E	$88A73E	VRAM	normal	$4000	VRAM_A6D209	$88A74A
asset_88A73E	$88A73E	VRAM	normal	$1000	VRAM_A2FFAB	$88A74F
asset_88A73E	$88A73E	VRAM	normal	$1400	VRAM_A2FFAB	$88A754
asset_88A73E	$88A73E	VRAM	normal	$5000	VRAM_A18681	$88A759
asset_88A73E	$88A73E	VRAM	normal	$7000	VRAM_A6DE24	$88A75E
asset_88A73E	$88A73E	VRAM	normal	$7C00	VRAM_A6EEC4	$88A763
asset_88A769	$88A769	WRAM	normal	$7FC000	FILE_BFEC5C	$88A76B
asset_88A769	$88A769	WRAM	normal	$7FA000	FILE_B3F9C9|$400000	$88A771
asset_88A769	$88A769	WRAM	normal	$7FA001	FILE_B3FB42|$400000	$88A777
asset_88A769	$88A769	WRAM	normal	$7FD000	FILE_A6D11A|$400000	$88A77D
asset_88A769	$88A769	WRAM	normal	$7FD001	FILE_A6D1E1|$400000	$88A783
asset_88A769	$88A769	WRAM	normal	$7E8000	FILE_BFEDD5	$88A789
asset_88A791	$88A791	VRAM	normal	$2000	VRAM_A3D1B9	$88A793
asset_88A791	$88A791	VRAM	normal	$2800	VRAM_91EAF0	$88A798
asset_88A791	$88A791	VRAM	normal	$3000	VRAM_A48378	$88A79D
asset_88A791	$88A791	VRAM	normal	$4000	VRAM_A6D209	$88A7A2
asset_88A791	$88A791	VRAM	normal	$1000	VRAM_A2FFAB	$88A7A7
asset_88A791	$88A791	VRAM	normal	$1400	VRAM_A2FFAB	$88A7AC
asset_88A791	$88A791	VRAM	normal	$5000	VRAM_A18681	$88A7B1
asset_88A791	$88A791	VRAM	normal	$7000	VRAM_A6DE24	$88A7B6
asset_88A791	$88A791	VRAM	normal	$7C00	VRAM_A6EEC4	$88A7BB
asset_88A7C1	$88A7C1	WRAM	normal	$7FC000	FILE_BEDB1B	$88A7C3
asset_88A7C1	$88A7C1	WRAM	normal	$7FA000	FILE_BFEF0F|$400000	$88A7C9
asset_88A7C1	$88A7C1	WRAM	normal	$7FA001	FILE_BFEF54|$400000	$88A7CF
asset_88A7C1	$88A7C1	WRAM	normal	$7FD000	FILE_A6D11A|$400000	$88A7D5
asset_88A7C1	$88A7C1	WRAM	normal	$7FD001	FILE_A6D1E1|$400000	$88A7DB
asset_88A7C1	$88A7C1	WRAM	normal	$7E8000	FILE_BFEDCC	$88A7E1
asset_88A7E9	$88A7E9	VRAM	normal	$2000	VRAM_A3D1B9	$88A7EB
asset_88A7E9	$88A7E9	VRAM	normal	$4000	VRAM_A6D209	$88A7F0
asset_88A7E9	$88A7E9	VRAM	normal	$1000	VRAM_A2FFAB	$88A7F5
asset_88A7E9	$88A7E9	VRAM	normal	$1400	VRAM_A2FFAB	$88A7FA
asset_88A7E9	$88A7E9	VRAM	normal	$4C00	VRAM_98BB69	$88A7FF
asset_88A7E9	$88A7E9	VRAM	normal	$5000	VRAM_98BADB	$88A804
asset_88A7E9	$88A7E9	VRAM	normal	$7000	VRAM_A6DE24	$88A809
asset_88A7E9	$88A7E9	VRAM	normal	$7C00	VRAM_A6EEC4	$88A80E
asset_88A814	$88A814	WRAM	normal	$7FC000	FILE_A3CD62	$88A816
asset_88A814	$88A814	WRAM	normal	$7FA000	FILE_A3CEAE|$400000	$88A81C
asset_88A814	$88A814	WRAM	normal	$7FA001	FILE_A3D118|$400000	$88A822
asset_88A814	$88A814	WRAM	normal	$7FD000	FILE_A6D11A|$400000	$88A828
asset_88A814	$88A814	WRAM	normal	$7FD001	FILE_A6D1E1|$400000	$88A82E
asset_88A814	$88A814	WRAM	normal	$7E8000	FILE_A2C82F	$88A834
asset_88A83C	$88A83C	VRAM	normal	$2000	VRAM_A3D1B9	$88A83E
asset_88A83C	$88A83C	VRAM	normal	$4000	VRAM_A6D209	$88A843
asset_88A83C	$88A83C	VRAM	normal	$1000	VRAM_A2FFAB	$88A848
asset_88A83C	$88A83C	VRAM	normal	$4C00	VRAM_98BB69	$88A84D
asset_88A83C	$88A83C	VRAM	normal	$5000	VRAM_98BADB	$88A852
asset_88A858	$88A858	WRAM	normal	$7FC000	FILE_A48000	$88A85A
asset_88A858	$88A858	WRAM	normal	$7FA000	FILE_A3FCC0|$400000	$88A860
asset_88A858	$88A858	WRAM	normal	$7FA001	FILE_A3FF2C|$400000	$88A866
asset_88A858	$88A858	WRAM	normal	$7FD000	FILE_A6D11A|$400000	$88A86C
asset_88A858	$88A858	WRAM	normal	$7FD001	FILE_A6D1E1|$400000	$88A872
asset_88A858	$88A858	WRAM	normal	$7E8000	FILE_A4806B	$88A878
asset_88A880	$88A880	VRAM	normal	$2000	VRAM_A48378	$88A882
asset_88A880	$88A880	VRAM	normal	$3000	VRAM_A3D1B9	$88A887
asset_88A880	$88A880	VRAM	normal	$4000	VRAM_A6D209	$88A88C
asset_88A880	$88A880	VRAM	normal	$1000	VRAM_A2FFAB	$88A891
asset_88A880	$88A880	VRAM	normal	$1400	VRAM_A2FFAB	$88A896
asset_88A880	$88A880	VRAM	normal	$5000	VRAM_A18681	$88A89B
asset_88A880	$88A880	VRAM	normal	$7000	VRAM_A6DE24	$88A8A0
asset_88A880	$88A880	VRAM	normal	$7C00	VRAM_A6EEC4	$88A8A5
asset_88A8AB	$88A8AB	WRAM	normal	$7FC000	FILE_A48000	$88A8AD
asset_88A8AB	$88A8AB	WRAM	normal	$7FA000	FILE_A3FCC0|$400000	$88A8B3
asset_88A8AB	$88A8AB	WRAM	normal	$7FA001	FILE_A3FF2C|$400000	$88A8B9
asset_88A8AB	$88A8AB	WRAM	normal	$7FD000	FILE_A6D11A|$400000	$88A8BF
asset_88A8AB	$88A8AB	WRAM	normal	$7FD001	FILE_A6D1E1|$400000	$88A8C5
asset_88A8AB	$88A8AB	WRAM	normal	$7E8000	FILE_A4806B	$88A8CB
asset_88A8D3	$88A8D3	VRAM	normal	$2000	VRAM_A48378	$88A8D5
asset_88A8D3	$88A8D3	VRAM	normal	$3000	VRAM_A3D1B9	$88A8DA
asset_88A8D3	$88A8D3	VRAM	normal	$4000	VRAM_A6D209	$88A8DF
asset_88A8D3	$88A8D3	VRAM	normal	$1000	VRAM_A2FFAB	$88A8E4
asset_88A8D3	$88A8D3	VRAM	normal	$1400	VRAM_A2FFAB	$88A8E9
asset_88A8D3	$88A8D3	VRAM	normal	$5000	VRAM_A18681	$88A8EE
asset_88A8D3	$88A8D3	VRAM	normal	$7000	VRAM_A6DE24	$88A8F3
asset_88A8D3	$88A8D3	VRAM	normal	$7C00	VRAM_A6EEC4	$88A8F8
asset_88A8FE	$88A8FE	WRAM	normal	$7FC000	FILE_A48000	$88A900
asset_88A8FE	$88A8FE	WRAM	normal	$7FA000	FILE_A3FCC0|$400000	$88A906
asset_88A8FE	$88A8FE	WRAM	normal	$7FA001	FILE_A3FF2C|$400000	$88A90C
asset_88A8FE	$88A8FE	WRAM	normal	$7FD000	FILE_A6D11A|$400000	$88A912
asset_88A8FE	$88A8FE	WRAM	normal	$7FD001	FILE_A6D1E1|$400000	$88A918
asset_88A8FE	$88A8FE	WRAM	normal	$7E8000	FILE_A4806B	$88A91E
asset_88A926	$88A926	VRAM	normal	$2000	VRAM_A48378	$88A928
asset_88A926	$88A926	VRAM	normal	$3000	VRAM_A3D1B9	$88A92D
asset_88A926	$88A926	VRAM	normal	$4000	VRAM_A6D209	$88A932
asset_88A926	$88A926	VRAM	normal	$1000	VRAM_A2FFAB	$88A937
asset_88A926	$88A926	VRAM	normal	$1400	VRAM_A2FFAB	$88A93C
asset_88A926	$88A926	VRAM	normal	$5000	VRAM_A18681	$88A941
asset_88A926	$88A926	VRAM	normal	$7000	VRAM_A6DE24	$88A946
asset_88A926	$88A926	VRAM	normal	$7C00	VRAM_A6EEC4	$88A94B
asset_88A951	$88A951	WRAM	normal	$7FC000	FILE_92B0C8	$88A953
asset_88A951	$88A951	WRAM	normal	$7FA000	FILE_92B16E|$400000	$88A959
asset_88A951	$88A951	WRAM	normal	$7FA001	FILE_92B86E|$400000	$88A95F
asset_88A951	$88A951	WRAM	normal	$7E8000	FILE_92BB74	$88A965
asset_88A96D	$88A96D	VRAM	normal	$2000	VRAM_92827E	$88A96F
asset_88A96D	$88A96D	VRAM	normal	$3000	VRAM_929533	$88A974
asset_88A96D	$88A96D	VRAM	normal	$4000	VRAM_BF92B6	$88A979
asset_88A96D	$88A96D	VRAM	normal	$1000	VRAM_BF9A2E	$88A97E
asset_88A96D	$88A96D	VRAM	normal	$1400	VRAM_BF9A2E	$88A983
asset_88A96D	$88A96D	VRAM	normal	$4C00	VRAM_98BB69	$88A988
asset_88A96D	$88A96D	VRAM	normal	$5000	VRAM_98BADB	$88A98D
asset_88A96D	$88A96D	VRAM	normal	$7000	VRAM_AA9041	$88A992
asset_88A96D	$88A96D	VRAM	normal	$7800	VRAM_B4F6B9	$88A997
asset_88A96D	$88A96D	VRAM	normal	$7C00	VRAM_AFFAC2	$88A99C
asset_88A9A2	$88A9A2	WRAM	normal	$7FC000	FILE_92BBF9	$88A9A4
asset_88A9A2	$88A9A2	WRAM	normal	$7FA000	FILE_92B16E|$400000	$88A9AA
asset_88A9A2	$88A9A2	WRAM	normal	$7FA001	FILE_92B86E|$400000	$88A9B0
asset_88A9A2	$88A9A2	WRAM	normal	$7E8000	FILE_92BB74	$88A9B6
asset_88A9BE	$88A9BE	VRAM	normal	$2000	VRAM_92827E	$88A9C0
asset_88A9BE	$88A9BE	VRAM	normal	$3000	VRAM_929533	$88A9C5
asset_88A9BE	$88A9BE	VRAM	normal	$4000	VRAM_BF92B6	$88A9CA
asset_88A9BE	$88A9BE	VRAM	normal	$1000	VRAM_BF9C97	$88A9CF
asset_88A9BE	$88A9BE	VRAM	normal	$1800	VRAM_BF9C97	$88A9D4
asset_88A9BE	$88A9BE	VRAM	normal	$4C00	VRAM_98BB69	$88A9D9
asset_88A9BE	$88A9BE	VRAM	normal	$5000	VRAM_98BADB	$88A9DE
asset_88A9BE	$88A9BE	VRAM	normal	$7000	VRAM_AA8DFB	$88A9E3
asset_88A9BE	$88A9BE	VRAM	normal	$7800	VRAM_B4F6B9	$88A9E8
asset_88A9BE	$88A9BE	VRAM	normal	$7C00	VRAM_AADF5B	$88A9ED
asset_88A9F3	$88A9F3	WRAM	normal	$7FC000	FILE_92BC47	$88A9F5
asset_88A9F3	$88A9F3	WRAM	normal	$7FA000	FILE_92B16E|$400000	$88A9FB
asset_88A9F3	$88A9F3	WRAM	normal	$7FA001	FILE_92B86E|$400000	$88AA01
asset_88A9F3	$88A9F3	WRAM	normal	$7F7000	FILE_AEFDAF	$88AA07
asset_88AA0F	$88AA0F	VRAM	normal	$2000	VRAM_92827E	$88AA11
asset_88AA0F	$88AA0F	VRAM	normal	$3000	VRAM_929533	$88AA16
asset_88AA0F	$88AA0F	VRAM	normal	$4000	VRAM_BF92B6	$88AA1B
asset_88AA0F	$88AA0F	VRAM	normal	$1000	VRAM_BF9A2E	$88AA20
asset_88AA0F	$88AA0F	VRAM	normal	$1400	VRAM_BF9A2E	$88AA25
asset_88AA0F	$88AA0F	VRAM	normal	$4C00	VRAM_98BB69	$88AA2A
asset_88AA0F	$88AA0F	VRAM	normal	$5000	VRAM_98BADB	$88AA2F
asset_88AA0F	$88AA0F	VRAM	normal	$7000	VRAM_92EE85	$88AA34
asset_88AA0F	$88AA0F	VRAM	normal	$7600	VRAM_AAEB99	$88AA39
asset_88AA0F	$88AA0F	VRAM	normal	$7800	VRAM_AEC024	$88AA3E
asset_88AA0F	$88AA0F	VRAM	normal	$7C00	VRAM_B4F6B9	$88AA43
asset_88AA49	$88AA49	WRAM	normal	$7FC000	FILE_92BCB9	$88AA4B
asset_88AA49	$88AA49	WRAM	normal	$7FA000	FILE_92B16E|$400000	$88AA51
asset_88AA49	$88AA49	WRAM	normal	$7FA001	FILE_92B86E|$400000	$88AA57
asset_88AA49	$88AA49	WRAM	normal	$7E8000	FILE_92BB74	$88AA5D
asset_88AA65	$88AA65	VRAM	normal	$2000	VRAM_92827E	$88AA67
asset_88AA65	$88AA65	VRAM	normal	$3000	VRAM_929533	$88AA6C
asset_88AA65	$88AA65	VRAM	normal	$4000	VRAM_BF92B6	$88AA71
asset_88AA65	$88AA65	VRAM	normal	$1000	VRAM_BF9A2E	$88AA76
asset_88AA65	$88AA65	VRAM	normal	$1400	VRAM_BF9A2E	$88AA7B
asset_88AA65	$88AA65	VRAM	normal	$4C00	VRAM_98BB69	$88AA80
asset_88AA65	$88AA65	VRAM	normal	$5000	VRAM_98BADB	$88AA85
asset_88AA65	$88AA65	VRAM	normal	$7000	VRAM_AA9041	$88AA8A
asset_88AA65	$88AA65	VRAM	normal	$7800	VRAM_AEC024	$88AA8F
asset_88AA65	$88AA65	VRAM	normal	$7C00	VRAM_AB8000	$88AA94
asset_88AA65	$88AA65	VRAM	normal	$7C00	VRAM_9FE400	$88AA99
asset_88AA9F	$88AA9F	WRAM	normal	$7FC000	FILE_92BD5A	$88AAA1
asset_88AA9F	$88AA9F	WRAM	normal	$7FA000	FILE_92BDB1|$400000	$88AAA7
asset_88AA9F	$88AA9F	WRAM	normal	$7FA001	FILE_92C4E1|$400000	$88AAAD
asset_88AA9F	$88AA9F	WRAM	normal	$7E8000	FILE_92C7DC	$88AAB3
asset_88AABB	$88AABB	VRAM	normal	$2000	VRAM_92827E	$88AABD
asset_88AABB	$88AABB	VRAM	normal	$3000	VRAM_929533	$88AAC2
asset_88AABB	$88AABB	VRAM	normal	$4000	VRAM_BF92B6	$88AAC7
asset_88AABB	$88AABB	VRAM	normal	$1000	VRAM_BF9EAF	$88AACC
asset_88AABB	$88AABB	VRAM	normal	$1400	VRAM_BF9EAF	$88AAD1
asset_88AABB	$88AABB	VRAM	normal	$4C00	VRAM_98BB69	$88AAD6
asset_88AABB	$88AABB	VRAM	normal	$5000	VRAM_98BADB	$88AADB
asset_88AAE1	$88AAE1	WRAM	normal	$7FC000	FILE_BFEB93	$88AAE3
asset_88AAE1	$88AAE1	WRAM	normal	$7FA000	FILE_92BDB1|$400000	$88AAE9
asset_88AAE1	$88AAE1	WRAM	normal	$7FA001	FILE_92C4E1|$400000	$88AAEF
asset_88AAE1	$88AAE1	WRAM	normal	$7E8000	FILE_92C7DC	$88AAF5
asset_88AAFD	$88AAFD	VRAM	normal	$2000	VRAM_92827E	$88AAFF
asset_88AAFD	$88AAFD	VRAM	normal	$3000	VRAM_929533	$88AB04
asset_88AAFD	$88AAFD	VRAM	normal	$4000	VRAM_BF92B6	$88AB09
asset_88AAFD	$88AAFD	VRAM	normal	$1000	VRAM_BF9EAF	$88AB0E
asset_88AAFD	$88AAFD	VRAM	normal	$1400	VRAM_BF9EAF	$88AB13
asset_88AAFD	$88AAFD	VRAM	normal	$4C00	VRAM_98BB69	$88AB18
asset_88AAFD	$88AAFD	VRAM	normal	$5000	VRAM_98BADB	$88AB1D
asset_88AAFD	$88AAFD	VRAM	normal	$7000	VRAM_AA9041	$88AB22
asset_88AAFD	$88AAFD	VRAM	normal	$7400	VRAM_AA8215	$88AB27
asset_88AB2D	$88AB2D	WRAM	normal	$7FC000	FILE_92C85B	$88AB2F
asset_88AB2D	$88AB2D	WRAM	normal	$7FA000	FILE_92BDB1|$400000	$88AB35
asset_88AB2D	$88AB2D	WRAM	normal	$7FA001	FILE_92C4E1|$400000	$88AB3B
asset_88AB2D	$88AB2D	WRAM	normal	$7E8000	FILE_92C7DC	$88AB41
asset_88AB49	$88AB49	VRAM	normal	$2000	VRAM_92827E	$88AB4B
asset_88AB49	$88AB49	VRAM	normal	$3000	VRAM_929533	$88AB50
asset_88AB49	$88AB49	VRAM	normal	$4000	VRAM_BF92B6	$88AB55
asset_88AB49	$88AB49	VRAM	normal	$1000	VRAM_BF9EAF	$88AB5A
asset_88AB49	$88AB49	VRAM	normal	$1400	VRAM_BF9EAF	$88AB5F
asset_88AB49	$88AB49	VRAM	normal	$4C00	VRAM_98BB69	$88AB64
asset_88AB49	$88AB49	VRAM	normal	$5000	VRAM_98BADB	$88AB69
asset_88AB6F	$88AB6F	WRAM	normal	$7FC000	FILE_BFF39D	$88AB71
asset_88AB6F	$88AB6F	WRAM	normal	$7FA000	FILE_92B16E|$400000	$88AB77
asset_88AB6F	$88AB6F	WRAM	normal	$7FA001	FILE_92B86E|$400000	$88AB7D
asset_88AB6F	$88AB6F	WRAM	normal	$7E8000	FILE_92BB74	$88AB83
asset_88AB8B	$88AB8B	VRAM	normal	$2000	VRAM_92827E	$88AB8D
asset_88AB8B	$88AB8B	VRAM	normal	$3000	VRAM_929533	$88AB92
asset_88AB8B	$88AB8B	VRAM	normal	$4000	VRAM_BF92B6	$88AB97
asset_88AB8B	$88AB8B	VRAM	normal	$1000	VRAM_BF9A2E	$88AB9C
asset_88AB8B	$88AB8B	VRAM	normal	$1400	VRAM_BF9A2E	$88ABA1
asset_88AB8B	$88AB8B	VRAM	normal	$4C00	VRAM_98BB69	$88ABA6
asset_88AB8B	$88AB8B	VRAM	normal	$5000	VRAM_98BADB	$88ABAB
asset_88AB8B	$88AB8B	VRAM	normal	$7000	VRAM_AA8000	$88ABB0
asset_88AB8B	$88AB8B	VRAM	normal	$7400	VRAM_978581	$88ABB5
asset_88AB8B	$88AB8B	VRAM	normal	$7800	VRAM_B4F6B9	$88ABBA
asset_88AB8B	$88AB8B	VRAM	normal	$7C00	VRAM_AFFAC2	$88ABBF
asset_88ABC5	$88ABC5	WRAM	normal	$7FC000	FILE_92C88B	$88ABC7
asset_88ABC5	$88ABC5	WRAM	normal	$7FA000	FILE_92B16E|$400000	$88ABCD
asset_88ABC5	$88ABC5	WRAM	normal	$7FA001	FILE_92B86E|$400000	$88ABD3
asset_88ABC5	$88ABC5	WRAM	normal	$7E8000	FILE_92BB74	$88ABD9
asset_88ABE1	$88ABE1	VRAM	normal	$2000	VRAM_92827E	$88ABE3
asset_88ABE1	$88ABE1	VRAM	normal	$3000	VRAM_929533	$88ABE8
asset_88ABE1	$88ABE1	VRAM	normal	$4000	VRAM_BF92B6	$88ABED
asset_88ABE1	$88ABE1	VRAM	normal	$1000	VRAM_A2FFAB	$88ABF2
asset_88ABE1	$88ABE1	VRAM	normal	$1400	VRAM_A2FFAB	$88ABF7
asset_88ABE1	$88ABE1	VRAM	normal	$4C00	VRAM_98BB69	$88ABFC
asset_88ABE1	$88ABE1	VRAM	normal	$5000	VRAM_98BADB	$88AC01
asset_88ABE1	$88ABE1	VRAM	normal	$7600	VRAM_A5FBCF	$88AC06
asset_88ABE1	$88ABE1	VRAM	normal	$7800	VRAM_B4F6B9	$88AC0B
asset_88AC11	$88AC11	WRAM	normal	$7FC000	FILE_92C937	$88AC13
asset_88AC11	$88AC11	WRAM	normal	$7FA000	FILE_92C9B2|$400000	$88AC19
asset_88AC11	$88AC11	WRAM	normal	$7FA001	FILE_92D137|$400000	$88AC1F
asset_88AC11	$88AC11	WRAM	normal	$7E8000	FILE_92D4AF	$88AC25
asset_88AC2D	$88AC2D	VRAM	normal	$2000	VRAM_92827E	$88AC2F
asset_88AC2D	$88AC2D	VRAM	normal	$3000	VRAM_929533	$88AC34
asset_88AC2D	$88AC2D	VRAM	normal	$4000	VRAM_BF92B6	$88AC39
asset_88AC2D	$88AC2D	VRAM	normal	$1000	VRAM_BF9A2E	$88AC3E
asset_88AC2D	$88AC2D	VRAM	normal	$1400	VRAM_BF9A2E	$88AC43
asset_88AC2D	$88AC2D	VRAM	normal	$4C00	VRAM_98BB69	$88AC48
asset_88AC2D	$88AC2D	VRAM	normal	$5000	VRAM_98BADB	$88AC4D
asset_88AC2D	$88AC2D	VRAM	normal	$7800	VRAM_B4F6B9	$88AC52
asset_88AC58	$88AC58	WRAM	normal	$7FC000	FILE_92D51A	$88AC5A
asset_88AC58	$88AC58	WRAM	normal	$7FA000	FILE_92C9B2|$400000	$88AC60
asset_88AC58	$88AC58	WRAM	normal	$7FA001	FILE_92D137|$400000	$88AC66
asset_88AC58	$88AC58	WRAM	normal	$7E8000	FILE_92D4AF	$88AC6C
asset_88AC74	$88AC74	VRAM	normal	$2000	VRAM_92827E	$88AC76
asset_88AC74	$88AC74	VRAM	normal	$3000	VRAM_929533	$88AC7B
asset_88AC74	$88AC74	VRAM	normal	$4000	VRAM_BF92B6	$88AC80
asset_88AC74	$88AC74	VRAM	normal	$1000	VRAM_BF9A2E	$88AC85
asset_88AC74	$88AC74	VRAM	normal	$1400	VRAM_BF9A2E	$88AC8A
asset_88AC74	$88AC74	VRAM	normal	$1800	VRAM_BF9A2E	$88AC8F
asset_88AC74	$88AC74	VRAM	normal	$1C00	VRAM_BF9A2E	$88AC94
asset_88AC74	$88AC74	VRAM	normal	$4C00	VRAM_98BB69	$88AC99
asset_88AC74	$88AC74	VRAM	normal	$5000	VRAM_98BADB	$88AC9E
asset_88AC74	$88AC74	VRAM	normal	$7000	VRAM_AA9041	$88ACA3
asset_88AC74	$88AC74	VRAM	normal	$7800	VRAM_AEC024	$88ACA8
asset_88AC74	$88AC74	VRAM	normal	$7C00	VRAM_AB8000	$88ACAD
asset_88ACB3	$88ACB3	WRAM	normal	$7FC000	FILE_92D5D0	$88ACB5
asset_88ACB3	$88ACB3	WRAM	normal	$7FA000	FILE_92C9B2|$400000	$88ACBB
asset_88ACB3	$88ACB3	WRAM	normal	$7FA001	FILE_92D137|$400000	$88ACC1
asset_88ACB3	$88ACB3	WRAM	normal	$7E8000	FILE_92D4AF	$88ACC7
asset_88ACCF	$88ACCF	VRAM	normal	$2000	VRAM_92827E	$88ACD1
asset_88ACCF	$88ACCF	VRAM	normal	$3000	VRAM_929533	$88ACD6
asset_88ACCF	$88ACCF	VRAM	normal	$4000	VRAM_BF92B6	$88ACDB
asset_88ACCF	$88ACCF	VRAM	normal	$1000	VRAM_BF9A2E	$88ACE0
asset_88ACCF	$88ACCF	VRAM	normal	$1400	VRAM_BF9A2E	$88ACE5
asset_88ACCF	$88ACCF	VRAM	normal	$4C00	VRAM_98BB69	$88ACEA
asset_88ACCF	$88ACCF	VRAM	normal	$5000	VRAM_98BADB	$88ACEF
asset_88ACCF	$88ACCF	VRAM	normal	$7000	VRAM_98C53C	$88ACF4
asset_88ACCF	$88ACCF	VRAM	normal	$7200	VRAM_ABFD14	$88ACF9
asset_88ACCF	$88ACCF	VRAM	normal	$7400	VRAM_AA8215	$88ACFE
asset_88ACCF	$88ACCF	VRAM	normal	$7600	VRAM_978581	$88AD03
asset_88ACCF	$88ACCF	VRAM	normal	$7800	VRAM_B4F6B9	$88AD08
asset_88ACCF	$88ACCF	VRAM	normal	$7E00	VRAM_A2FC2E	$88AD0D
asset_88AD13	$88AD13	WRAM	normal	$7FC000	FILE_92D6B9	$88AD15
asset_88AD13	$88AD13	WRAM	normal	$7FA000	FILE_92C9B2|$400000	$88AD1B
asset_88AD13	$88AD13	WRAM	normal	$7FA001	FILE_92D137|$400000	$88AD21
asset_88AD13	$88AD13	WRAM	normal	$7E8000	FILE_92D4AF	$88AD27
asset_88AD2F	$88AD2F	VRAM	normal	$2000	VRAM_92827E	$88AD31
asset_88AD2F	$88AD2F	VRAM	normal	$3000	VRAM_929533	$88AD36
asset_88AD2F	$88AD2F	VRAM	normal	$4000	VRAM_BF92B6	$88AD3B
asset_88AD2F	$88AD2F	VRAM	normal	$1000	VRAM_BF9C97	$88AD40
asset_88AD2F	$88AD2F	VRAM	normal	$1800	VRAM_BF9C97	$88AD45
asset_88AD2F	$88AD2F	VRAM	normal	$4C00	VRAM_98BB69	$88AD4A
asset_88AD2F	$88AD2F	VRAM	normal	$5000	VRAM_98BADB	$88AD4F
asset_88AD2F	$88AD2F	VRAM	normal	$7000	VRAM_92EE85	$88AD54
asset_88AD2F	$88AD2F	VRAM	normal	$7600	VRAM_A2FC2E	$88AD59
asset_88AD2F	$88AD2F	VRAM	normal	$7800	VRAM_AEC024	$88AD5E
asset_88AD2F	$88AD2F	VRAM	normal	$7C00	VRAM_AA9041	$88AD63
asset_88AD69	$88AD69	WRAM	normal	$7FC000	FILE_92D722	$88AD6B
asset_88AD69	$88AD69	WRAM	normal	$7FA000	FILE_92BDB1|$400000	$88AD71
asset_88AD69	$88AD69	WRAM	normal	$7FA001	FILE_92C4E1|$400000	$88AD77
asset_88AD69	$88AD69	WRAM	normal	$7E8000	FILE_92C7DC	$88AD7D
asset_88AD85	$88AD85	VRAM	normal	$2000	VRAM_92827E	$88AD87
asset_88AD85	$88AD85	VRAM	normal	$3000	VRAM_929533	$88AD8C
asset_88AD85	$88AD85	VRAM	normal	$4000	VRAM_BF92B6	$88AD91
asset_88AD85	$88AD85	VRAM	normal	$1000	VRAM_BF9EAF	$88AD96
asset_88AD85	$88AD85	VRAM	normal	$1400	VRAM_BF9EAF	$88AD9B
asset_88AD85	$88AD85	VRAM	normal	$4C00	VRAM_98BB69	$88ADA0
asset_88AD85	$88AD85	VRAM	normal	$5000	VRAM_98BADB	$88ADA5
asset_88AD85	$88AD85	VRAM	normal	$7600	VRAM_AA9453	$88ADAA
asset_88AD85	$88AD85	VRAM	normal	$7800	VRAM_B4F6B9	$88ADAF
asset_88ADB5	$88ADB5	WRAM	normal	$7FC000	FILE_92D7A0	$88ADB7
asset_88ADB5	$88ADB5	WRAM	normal	$7FA000	FILE_92D871|$400000	$88ADBD
asset_88ADB5	$88ADB5	WRAM	normal	$7FA001	FILE_92DD65|$400000	$88ADC3
asset_88ADB5	$88ADB5	WRAM	normal	$7E8000	FILE_92DFA7	$88ADC9
asset_88ADD1	$88ADD1	VRAM	normal	$2000	VRAM_92827E	$88ADD3
asset_88ADD1	$88ADD1	VRAM	normal	$3000	VRAM_929533	$88ADD8
asset_88ADD1	$88ADD1	VRAM	normal	$4000	VRAM_BF92B6	$88ADDD
asset_88ADD1	$88ADD1	VRAM	normal	$1000	VRAM_BFA11B	$88ADE2
asset_88ADD1	$88ADD1	VRAM	normal	$1800	VRAM_BFA11B	$88ADE7
asset_88ADD1	$88ADD1	VRAM	normal	$4C00	VRAM_98BB69	$88ADEC
asset_88ADD1	$88ADD1	VRAM	normal	$5000	VRAM_98BADB	$88ADF1
asset_88ADD1	$88ADD1	VRAM	normal	$7800	VRAM_B4F6B9	$88ADF6
asset_88ADFC	$88ADFC	WRAM	normal	$7FC000	FILE_92E019	$88ADFE
asset_88ADFC	$88ADFC	WRAM	normal	$7FA000	FILE_92D871|$400000	$88AE04
asset_88ADFC	$88ADFC	WRAM	normal	$7FA001	FILE_92DD65|$400000	$88AE0A
asset_88ADFC	$88ADFC	WRAM	normal	$7E8000	FILE_92DFA7	$88AE10
asset_88AE18	$88AE18	VRAM	normal	$2000	VRAM_92827E	$88AE1A
asset_88AE18	$88AE18	VRAM	normal	$3000	VRAM_929533	$88AE1F
asset_88AE18	$88AE18	VRAM	normal	$4000	VRAM_BF92B6	$88AE24
asset_88AE18	$88AE18	VRAM	normal	$1000	VRAM_BFA11B	$88AE29
asset_88AE18	$88AE18	VRAM	normal	$1800	VRAM_BFA11B	$88AE2E
asset_88AE18	$88AE18	VRAM	normal	$4C00	VRAM_98BB69	$88AE33
asset_88AE18	$88AE18	VRAM	normal	$5000	VRAM_98BADB	$88AE38
asset_88AE3E	$88AE3E	WRAM	normal	$7FC000	FILE_92E0CA	$88AE40
asset_88AE3E	$88AE3E	WRAM	normal	$7FA000	FILE_92D871|$400000	$88AE46
asset_88AE3E	$88AE3E	WRAM	normal	$7FA001	FILE_92DD65|$400000	$88AE4C
asset_88AE3E	$88AE3E	WRAM	normal	$7E8000	FILE_92DFA7	$88AE52
asset_88AE5A	$88AE5A	VRAM	normal	$2000	VRAM_92827E	$88AE5C
asset_88AE5A	$88AE5A	VRAM	normal	$3000	VRAM_929533	$88AE61
asset_88AE5A	$88AE5A	VRAM	normal	$4000	VRAM_BF92B6	$88AE66
asset_88AE5A	$88AE5A	VRAM	normal	$1000	VRAM_BF9EAF	$88AE6B
asset_88AE5A	$88AE5A	VRAM	normal	$1400	VRAM_BF9EAF	$88AE70
asset_88AE5A	$88AE5A	VRAM	normal	$4C00	VRAM_98BB69	$88AE75
asset_88AE5A	$88AE5A	VRAM	normal	$5000	VRAM_98BADB	$88AE7A
asset_88AE80	$88AE80	WRAM	normal	$7FC000	FILE_92E0FA	$88AE82
asset_88AE80	$88AE80	WRAM	normal	$7FA000	FILE_92BDB1|$400000	$88AE88
asset_88AE80	$88AE80	WRAM	normal	$7FA001	FILE_92C4E1|$400000	$88AE8E
asset_88AE80	$88AE80	WRAM	normal	$7E8000	FILE_92C7DC	$88AE94
asset_88AE9C	$88AE9C	VRAM	normal	$2000	VRAM_92827E	$88AE9E
asset_88AE9C	$88AE9C	VRAM	normal	$3000	VRAM_929533	$88AEA3
asset_88AE9C	$88AE9C	VRAM	normal	$4000	VRAM_BF92B6	$88AEA8
asset_88AE9C	$88AE9C	VRAM	normal	$1000	VRAM_BF9829	$88AEAD
asset_88AE9C	$88AE9C	VRAM	normal	$1400	VRAM_BF9829	$88AEB2
asset_88AE9C	$88AE9C	VRAM	normal	$4C00	VRAM_98BB69	$88AEB7
asset_88AE9C	$88AE9C	VRAM	normal	$5000	VRAM_98BADB	$88AEBC
asset_88AEC2	$88AEC2	WRAM	normal	$7FC000	FILE_92E115	$88AEC4
asset_88AEC2	$88AEC2	WRAM	normal	$7FA000	FILE_92BDB1|$400000	$88AECA
asset_88AEC2	$88AEC2	WRAM	normal	$7FA001	FILE_92C4E1|$400000	$88AED0
asset_88AEC2	$88AEC2	WRAM	normal	$7E8000	FILE_92C7DC	$88AED6
asset_88AEDE	$88AEDE	VRAM	normal	$2000	VRAM_92827E	$88AEE0
asset_88AEDE	$88AEDE	VRAM	normal	$3000	VRAM_929533	$88AEE5
asset_88AEDE	$88AEDE	VRAM	normal	$4000	VRAM_BF92B6	$88AEEA
asset_88AEDE	$88AEDE	VRAM	normal	$1000	VRAM_BF9A2E	$88AEEF
asset_88AEDE	$88AEDE	VRAM	normal	$1800	VRAM_BF9A2E	$88AEF4
asset_88AEDE	$88AEDE	VRAM	normal	$4C00	VRAM_98BB69	$88AEF9
asset_88AEDE	$88AEDE	VRAM	normal	$5000	VRAM_98BADB	$88AEFE
asset_88AF04	$88AF04	WRAM	normal	$7FC000	FILE_92E163	$88AF06
asset_88AF04	$88AF04	WRAM	normal	$7FA000	FILE_92BDB1|$400000	$88AF0C
asset_88AF04	$88AF04	WRAM	normal	$7FA001	FILE_92C4E1|$400000	$88AF12
asset_88AF04	$88AF04	WRAM	normal	$7E8000	FILE_92C7DC	$88AF18
asset_88AF20	$88AF20	VRAM	normal	$2000	VRAM_92827E	$88AF22
asset_88AF20	$88AF20	VRAM	normal	$3000	VRAM_929533	$88AF27
asset_88AF20	$88AF20	VRAM	normal	$4000	VRAM_BF92B6	$88AF2C
asset_88AF20	$88AF20	VRAM	normal	$1000	VRAM_BF9829	$88AF31
asset_88AF20	$88AF20	VRAM	normal	$1400	VRAM_BF9829	$88AF36
asset_88AF20	$88AF20	VRAM	normal	$4C00	VRAM_98BB69	$88AF3B
asset_88AF20	$88AF20	VRAM	normal	$5000	VRAM_98BADB	$88AF40
asset_88AF20	$88AF20	VRAM	normal	$7000	VRAM_AA9041	$88AF45
asset_88AF20	$88AF20	VRAM	normal	$7600	VRAM_AA9453	$88AF4A
asset_88AF20	$88AF20	VRAM	normal	$7800	VRAM_B4F6B9	$88AF4F
asset_88AF20	$88AF20	VRAM	normal	$7C00	VRAM_AAEB99	$88AF54
asset_88AF5A	$88AF5A	WRAM	normal	$7FC000	FILE_92E223	$88AF5C
asset_88AF5A	$88AF5A	WRAM	normal	$7FA000	FILE_92BDB1|$400000	$88AF62
asset_88AF5A	$88AF5A	WRAM	normal	$7FA001	FILE_92C4E1|$400000	$88AF68
asset_88AF5A	$88AF5A	WRAM	normal	$7E8000	FILE_92C7DC	$88AF6E
asset_88AF76	$88AF76	VRAM	normal	$2000	VRAM_92827E	$88AF78
asset_88AF76	$88AF76	VRAM	normal	$3000	VRAM_929533	$88AF7D
asset_88AF76	$88AF76	VRAM	normal	$1000	VRAM_A2FFAB	$88AF82
asset_88AF76	$88AF76	VRAM	normal	$1400	VRAM_A2FFAB	$88AF87
asset_88AF76	$88AF76	VRAM	normal	$4C00	VRAM_98BB69	$88AF8C
asset_88AF76	$88AF76	VRAM	normal	$5000	VRAM_98BADB	$88AF91
asset_88AF76	$88AF76	VRAM	normal	$7800	VRAM_B4F6B9	$88AF96
asset_88AF9C	$88AF9C	WRAM	normal	$7FC000	FILE_92E258	$88AF9E
asset_88AF9C	$88AF9C	WRAM	normal	$7FA000	FILE_92D871|$400000	$88AFA4
asset_88AF9C	$88AF9C	WRAM	normal	$7FA001	FILE_92DD65|$400000	$88AFAA
asset_88AF9C	$88AF9C	WRAM	normal	$7E8000	FILE_92DFA7	$88AFB0
asset_88AFB8	$88AFB8	VRAM	normal	$2000	VRAM_92827E	$88AFBA
asset_88AFB8	$88AFB8	VRAM	normal	$3000	VRAM_929533	$88AFBF
asset_88AFB8	$88AFB8	VRAM	normal	$1000	VRAM_A2FFAB	$88AFC4
asset_88AFB8	$88AFB8	VRAM	normal	$1400	VRAM_A2FFAB	$88AFC9
asset_88AFB8	$88AFB8	VRAM	normal	$4C00	VRAM_98BB69	$88AFCE
asset_88AFB8	$88AFB8	VRAM	normal	$5000	VRAM_98BADB	$88AFD3
asset_88AFD9	$88AFD9	WRAM	normal	$7FC000	FILE_92E29B	$88AFDB
asset_88AFD9	$88AFD9	WRAM	normal	$7FA000	FILE_92E321|$400000	$88AFE1
asset_88AFD9	$88AFD9	WRAM	normal	$7FA001	FILE_92E8C4|$400000	$88AFE7
asset_88AFD9	$88AFD9	WRAM	normal	$7E8000	FILE_92EB36	$88AFED
asset_88AFF5	$88AFF5	VRAM	normal	$2000	VRAM_92827E	$88AFF7
asset_88AFF5	$88AFF5	VRAM	normal	$3000	VRAM_929533	$88AFFC
asset_88AFF5	$88AFF5	VRAM	normal	$4000	VRAM_92A61F	$88B001
asset_88AFF5	$88AFF5	VRAM	normal	$1000	VRAM_A2FFAB	$88B006
asset_88AFF5	$88AFF5	VRAM	normal	$4C00	VRAM_98BB69	$88B00B
asset_88AFF5	$88AFF5	VRAM	normal	$5000	VRAM_98BADB	$88B010
asset_88AFF5	$88AFF5	VRAM	normal	$7800	VRAM_B4F6B9	$88B015
asset_88AFF5	$88AFF5	VRAM	normal	$7C00	VRAM_B0F822	$88B01A
asset_88B020	$88B020	WRAM	normal	$7FC000	FILE_91E4C2	$88B022
asset_88B020	$88B020	WRAM	normal	$7FA000	FILE_92D871|$400000	$88B028
asset_88B020	$88B020	WRAM	normal	$7FA001	FILE_92DD65|$400000	$88B02E
asset_88B020	$88B020	WRAM	normal	$7E8000	FILE_92DFA7	$88B034
asset_88B03C	$88B03C	VRAM	normal	$2000	VRAM_92827E	$88B03E
asset_88B03C	$88B03C	VRAM	normal	$3000	VRAM_929533	$88B043
asset_88B03C	$88B03C	VRAM	normal	$1000	VRAM_A2FFAB	$88B048
asset_88B03C	$88B03C	VRAM	normal	$1400	VRAM_A2FFAB	$88B04D
asset_88B03C	$88B03C	VRAM	normal	$4C00	VRAM_98BB69	$88B052
asset_88B03C	$88B03C	VRAM	normal	$5000	VRAM_98BADB	$88B057
asset_88B076	$88B076	VRAM	normal	$2000	VRAM_92827E	$88B078
asset_88B076	$88B076	VRAM	normal	$3000	VRAM_929533	$88B07D
asset_88B076	$88B076	VRAM	normal	$4000	VRAM_92A61F	$88B082
asset_88B076	$88B076	VRAM	normal	$1000	VRAM_A2FFAB	$88B087
asset_88B076	$88B076	VRAM	normal	$1400	VRAM_A2FFAB	$88B08C
asset_88B076	$88B076	VRAM	normal	$4C00	VRAM_98BB69	$88B091
asset_88B076	$88B076	VRAM	normal	$5000	VRAM_98BADB	$88B096
asset_88B076	$88B076	VRAM	normal	$7800	VRAM_AEC024	$88B09B
asset_88B076	$88B076	VRAM	normal	$7C00	VRAM_B2E058	$88B0A0
asset_88B0A6	$88B0A6	WRAM	normal	$7FC000	FILE_91E709	$88B0A8
asset_88B0A6	$88B0A6	WRAM	normal	$7FA000	FILE_92BDB1|$400000	$88B0AE
asset_88B0A6	$88B0A6	WRAM	normal	$7FA001	FILE_92C4E1|$400000	$88B0B4
asset_88B0A6	$88B0A6	WRAM	normal	$7E8000	FILE_92C7DC	$88B0BA
asset_88B0C2	$88B0C2	VRAM	normal	$2000	VRAM_92827E	$88B0C4
asset_88B0C2	$88B0C2	VRAM	normal	$3000	VRAM_929533	$88B0C9
asset_88B0C2	$88B0C2	VRAM	normal	$4000	VRAM_BF92B6	$88B0CE
asset_88B0C2	$88B0C2	VRAM	normal	$1000	VRAM_BF9829	$88B0D3
asset_88B0C2	$88B0C2	VRAM	normal	$1400	VRAM_BF9829	$88B0D8
asset_88B0C2	$88B0C2	VRAM	normal	$4C00	VRAM_98BB69	$88B0DD
asset_88B0C2	$88B0C2	VRAM	normal	$5000	VRAM_98BADB	$88B0E2
asset_88B0C2	$88B0C2	VRAM	normal	$7600	VRAM_AA9453	$88B0E7
asset_88B0C2	$88B0C2	VRAM	normal	$7C00	VRAM_B2E058	$88B0EC
asset_88B0C2	$88B0C2	VRAM	normal	$7E00	VRAM_A2FC2E	$88B0F1
asset_88B0F7	$88B0F7	WRAM	normal	$7FC000	FILE_91E7EC	$88B0F9
asset_88B0F7	$88B0F7	WRAM	normal	$7FA000	FILE_92BDB1|$400000	$88B0FF
asset_88B0F7	$88B0F7	WRAM	normal	$7FA001	FILE_92C4E1|$400000	$88B105
asset_88B0F7	$88B0F7	WRAM	normal	$7E8000	FILE_92C7DC	$88B10B
asset_88B113	$88B113	VRAM	normal	$2000	VRAM_92827E	$88B115
asset_88B113	$88B113	VRAM	normal	$3000	VRAM_929533	$88B11A
asset_88B113	$88B113	VRAM	normal	$4000	VRAM_BF92B6	$88B11F
asset_88B113	$88B113	VRAM	normal	$1000	VRAM_BF9C97	$88B124
asset_88B113	$88B113	VRAM	normal	$4C00	VRAM_98BB69	$88B129
asset_88B113	$88B113	VRAM	normal	$5000	VRAM_98BADB	$88B12E
asset_88B113	$88B113	VRAM	normal	$7800	VRAM_B4F6B9	$88B133
asset_88B113	$88B113	VRAM	normal	$7C00	VRAM_B2E058	$88B138
asset_88B113	$88B113	VRAM	normal	$7E00	VRAM_A2FC2E	$88B13D
asset_88B15C	$88B15C	VRAM	normal	$2000	VRAM_92827E	$88B15E
asset_88B15C	$88B15C	VRAM	normal	$3000	VRAM_929533	$88B163
asset_88B15C	$88B15C	VRAM	normal	$4000	VRAM_929B75	$88B168
asset_88B15C	$88B15C	VRAM	normal	$4C00	VRAM_98BB69	$88B16D
asset_88B15C	$88B15C	VRAM	normal	$5000	VRAM_98BADB	$88B172
asset_88B15C	$88B15C	VRAM	normal	$7600	VRAM_AA9453	$88B177
asset_88B15C	$88B15C	VRAM	normal	$7800	VRAM_B4F6B9	$88B17C
asset_88B182	$88B182	WRAM	normal	$7FC000	FILE_92F6A4	$88B184
asset_88B182	$88B182	WRAM	normal	$7FA000	FILE_92C9B2|$400000	$88B18A
asset_88B182	$88B182	WRAM	normal	$7FA001	FILE_92D137|$400000	$88B190
asset_88B182	$88B182	WRAM	normal	$7E8000	FILE_92D4AF	$88B196
asset_88B19E	$88B19E	VRAM	normal	$2000	VRAM_92827E	$88B1A0
asset_88B19E	$88B19E	VRAM	normal	$3000	VRAM_929533	$88B1A5
asset_88B19E	$88B19E	VRAM	normal	$1000	VRAM_A2FFAB	$88B1AA
asset_88B19E	$88B19E	VRAM	normal	$1400	VRAM_A2FFAB	$88B1AF
asset_88B19E	$88B19E	VRAM	normal	$1800	VRAM_A2FFAB	$88B1B4
asset_88B19E	$88B19E	VRAM	normal	$1C00	VRAM_A2FFAB	$88B1B9
asset_88B19E	$88B19E	VRAM	normal	$4C00	VRAM_98BB69	$88B1BE
asset_88B19E	$88B19E	VRAM	normal	$5000	VRAM_98BADB	$88B1C3
asset_88B19E	$88B19E	VRAM	normal	$7400	VRAM_A6FAF2	$88B1C8
asset_88B19E	$88B19E	VRAM	normal	$7800	VRAM_B4F6B9	$88B1CD
asset_88B1D3	$88B1D3	WRAM	normal	$7FC000	FILE_91E9DD	$88B1D5
asset_88B1D3	$88B1D3	WRAM	normal	$7FA000	FILE_92C9B2|$400000	$88B1DB
asset_88B1D3	$88B1D3	WRAM	normal	$7FA001	FILE_92D137|$400000	$88B1E1
asset_88B1D3	$88B1D3	WRAM	normal	$7E8000	FILE_92D4AF	$88B1E7
asset_88B1EF	$88B1EF	VRAM	normal	$2000	VRAM_92827E	$88B1F1
asset_88B1EF	$88B1EF	VRAM	normal	$3000	VRAM_929533	$88B1F6
asset_88B1EF	$88B1EF	VRAM	normal	$4000	VRAM_BF92B6	$88B1FB
asset_88B1EF	$88B1EF	VRAM	normal	$1000	VRAM_BF9A2E	$88B200
asset_88B1EF	$88B1EF	VRAM	normal	$1400	VRAM_BF9A2E	$88B205
asset_88B1EF	$88B1EF	VRAM	normal	$4C00	VRAM_98BB69	$88B20A
asset_88B1EF	$88B1EF	VRAM	normal	$5000	VRAM_98BADB	$88B20F
asset_88B1EF	$88B1EF	VRAM	normal	$7000	VRAM_AA94FE	$88B214
asset_88B1EF	$88B1EF	VRAM	normal	$7600	VRAM_AAEB99	$88B219
asset_88B1EF	$88B1EF	VRAM	normal	$7800	VRAM_B4F6B9	$88B21E
asset_88B1EF	$88B1EF	VRAM	normal	$7C00	VRAM_AADF5B	$88B223
asset_88B229	$88B229	WRAM	normal	$7FC000	FILE_BFEB50	$88B22B
asset_88B229	$88B229	WRAM	normal	$7FA000	FILE_92E321|$400000	$88B231
asset_88B229	$88B229	WRAM	normal	$7FA001	FILE_92E8C4|$400000	$88B237
asset_88B229	$88B229	WRAM	normal	$7E8000	FILE_92EB36	$88B23D
asset_88B245	$88B245	VRAM	normal	$2000	VRAM_92827E	$88B247
asset_88B245	$88B245	VRAM	normal	$3000	VRAM_929533	$88B24C
asset_88B245	$88B245	VRAM	normal	$4000	VRAM_92ACD3	$88B251
asset_88B245	$88B245	VRAM	normal	$1000	VRAM_A2FFAB	$88B256
asset_88B245	$88B245	VRAM	normal	$1400	VRAM_A2FFAB	$88B25B
asset_88B245	$88B245	VRAM	normal	$4C00	VRAM_98BB69	$88B260
asset_88B245	$88B245	VRAM	normal	$5000	VRAM_98BADB	$88B265
asset_88B245	$88B245	VRAM	normal	$7800	VRAM_AEC024	$88B26A
asset_88B245	$88B245	VRAM	normal	$7C00	VRAM_AAEB99	$88B26F
asset_88B275	$88B275	WRAM	normal	$7FC000	FILE_92F704	$88B277
asset_88B275	$88B275	WRAM	normal	$7FA000	FILE_92E321|$400000	$88B27D
asset_88B275	$88B275	WRAM	normal	$7FA001	FILE_92E8C4|$400000	$88B283
asset_88B275	$88B275	WRAM	normal	$7E8000	FILE_92EB36	$88B289
asset_88B291	$88B291	VRAM	normal	$2000	VRAM_92827E	$88B293
asset_88B291	$88B291	VRAM	normal	$3000	VRAM_929533	$88B298
asset_88B291	$88B291	VRAM	normal	$4000	VRAM_92ACD3	$88B29D
asset_88B291	$88B291	VRAM	normal	$1000	VRAM_A2FFAB	$88B2A2
asset_88B291	$88B291	VRAM	normal	$1400	VRAM_A2FFAB	$88B2A7
asset_88B291	$88B291	VRAM	normal	$5000	VRAM_98BADB	$88B2AC
asset_88B2B2	$88B2B2	WRAM	normal	$7FC000	FILE_92EB99	$88B2B4
asset_88B2B2	$88B2B2	WRAM	normal	$7FA000	FILE_92E321|$400000	$88B2BA
asset_88B2B2	$88B2B2	WRAM	normal	$7FA001	FILE_92E8C4|$400000	$88B2C0
asset_88B2B2	$88B2B2	WRAM	normal	$7E8000	FILE_92EB36	$88B2C6
asset_88B2CE	$88B2CE	VRAM	normal	$2000	VRAM_92827E	$88B2D0
asset_88B2CE	$88B2CE	VRAM	normal	$3000	VRAM_929533	$88B2D5
asset_88B2CE	$88B2CE	VRAM	normal	$4000	VRAM_BF92B6	$88B2DA
asset_88B2CE	$88B2CE	VRAM	normal	$1000	VRAM_BF9EAF	$88B2DF
asset_88B2CE	$88B2CE	VRAM	normal	$1400	VRAM_BF9EAF	$88B2E4
asset_88B2CE	$88B2CE	VRAM	normal	$4C00	VRAM_98BB69	$88B2E9
asset_88B2CE	$88B2CE	VRAM	normal	$5000	VRAM_98BADB	$88B2EE
asset_88B2CE	$88B2CE	VRAM	normal	$7000	VRAM_AA9041	$88B2F3
asset_88B312	$88B312	VRAM	normal	$2000	VRAM_92827E	$88B314
asset_88B312	$88B312	VRAM	normal	$3000	VRAM_929533	$88B319
asset_88B312	$88B312	VRAM	normal	$4000	VRAM_92ACD3	$88B31E
asset_88B312	$88B312	VRAM	normal	$4C00	VRAM_98BB69	$88B323
asset_88B312	$88B312	VRAM	normal	$5000	VRAM_98BADB	$88B328
asset_88B312	$88B312	VRAM	normal	$7000	VRAM_AA8DFB	$88B32D
asset_88B312	$88B312	VRAM	normal	$7800	VRAM_B4F6B9	$88B332
asset_88B312	$88B312	VRAM	normal	$7C00	VRAM_9FE400	$88B337
asset_88B33D	$88B33D	WRAM	normal	$7FC000	FILE_A48000	$88B33F
asset_88B33D	$88B33D	WRAM	normal	$7FA000	FILE_A3FCC0|$400000	$88B345
asset_88B33D	$88B33D	WRAM	normal	$7FA001	FILE_A3FF2C|$400000	$88B34B
asset_88B33D	$88B33D	WRAM	normal	$7E8000	FILE_A4806B	$88B351
asset_88B359	$88B359	VRAM	normal	$2000	VRAM_A48378	$88B35B
asset_88B359	$88B359	VRAM	normal	$3000	VRAM_A3D1B9	$88B360
asset_88B359	$88B359	VRAM	normal	$1000	VRAM_A2FFAB	$88B365
asset_88B359	$88B359	VRAM	normal	$1400	VRAM_A2FFAB	$88B36A
asset_88B359	$88B359	VRAM	normal	$5000	VRAM_A18681	$88B36F
asset_88B375	$88B375	WRAM	normal	$7FC000	FILE_BFA333	$88B377
asset_88B375	$88B375	WRAM	normal	$7FA000	FILE_BFA465|$400000	$88B37D
asset_88B375	$88B375	WRAM	normal	$7FA001	FILE_BFA5F2|$400000	$88B383
asset_88B375	$88B375	WRAM	normal	$7E8000	FILE_BFA6C1	$88B389
asset_88B391	$88B391	VRAM	normal	$2000	VRAM_92827E	$88B393
asset_88B391	$88B391	VRAM	normal	$3000	VRAM_A3D1B9	$88B398
asset_88B391	$88B391	VRAM	normal	$1000	VRAM_BFA6E4	$88B39D
asset_88B391	$88B391	VRAM	normal	$1400	VRAM_BFA6E4	$88B3A2
asset_88B391	$88B391	VRAM	normal	$5000	VRAM_A18681	$88B3A7
asset_88B391	$88B391	VRAM	normal	$7000	VRAM_999F7A	$88B3AC
asset_88B391	$88B391	VRAM	normal	$7400	VRAM_98CE95	$88B3B1
asset_88B3B7	$88B3B7	WRAM	normal	$7FC000	FILE_BFA388	$88B3B9
asset_88B3B7	$88B3B7	WRAM	normal	$7FA000	FILE_BFA465|$400000	$88B3BF
asset_88B3B7	$88B3B7	WRAM	normal	$7FA001	FILE_BFA5F2|$400000	$88B3C5
asset_88B3B7	$88B3B7	WRAM	normal	$7E8000	FILE_BFA6C1	$88B3CB
asset_88B3D3	$88B3D3	VRAM	normal	$2000	VRAM_92827E	$88B3D5
asset_88B3D3	$88B3D3	VRAM	normal	$3000	VRAM_A3D1B9	$88B3DA
asset_88B3D3	$88B3D3	VRAM	normal	$1000	VRAM_BFA6E4	$88B3DF
asset_88B3D3	$88B3D3	VRAM	normal	$1800	VRAM_BFA6E4	$88B3E4
asset_88B3D3	$88B3D3	VRAM	normal	$5000	VRAM_A18681	$88B3E9
asset_88B3D3	$88B3D3	VRAM	normal	$7800	VRAM_98CE95	$88B3EE
asset_88B3F4	$88B3F4	WRAM	normal	$7FC000	FILE_BFA3F0	$88B3F6
asset_88B3F4	$88B3F4	WRAM	normal	$7FA000	FILE_BFA465|$400000	$88B3FC
asset_88B3F4	$88B3F4	WRAM	normal	$7FA001	FILE_BFA5F2|$400000	$88B402
asset_88B3F4	$88B3F4	WRAM	normal	$7E8000	FILE_BFA6C1	$88B408
asset_88B410	$88B410	VRAM	normal	$2000	VRAM_92827E	$88B412
asset_88B410	$88B410	VRAM	normal	$3000	VRAM_A3D1B9	$88B417
asset_88B410	$88B410	VRAM	normal	$1000	VRAM_BFA6E4	$88B41C
asset_88B410	$88B410	VRAM	normal	$1400	VRAM_BFA6E4	$88B421
asset_88B410	$88B410	VRAM	normal	$5000	VRAM_A18681	$88B426
asset_88B410	$88B410	VRAM	normal	$7000	VRAM_A5FBCF	$88B42B
asset_88B410	$88B410	VRAM	normal	$7400	VRAM_98CE95	$88B430
asset_88B410	$88B410	VRAM	normal	$7800	VRAM_AEC024	$88B435
asset_88B43B	$88B43B	WRAM	normal	$7FC000	FILE_BFA432	$88B43D
asset_88B43B	$88B43B	WRAM	normal	$7FA000	FILE_BFA465|$400000	$88B443
asset_88B43B	$88B43B	WRAM	normal	$7FA001	FILE_BFA5F2|$400000	$88B449
asset_88B43B	$88B43B	WRAM	normal	$7E8000	FILE_BFA6C1	$88B44F
asset_88B457	$88B457	VRAM	normal	$2000	VRAM_92827E	$88B459
asset_88B457	$88B457	VRAM	normal	$3000	VRAM_A3D1B9	$88B45E
asset_88B457	$88B457	VRAM	normal	$1000	VRAM_BFA6E4	$88B463
asset_88B457	$88B457	VRAM	normal	$1400	VRAM_BFA6E4	$88B468
asset_88B457	$88B457	VRAM	normal	$5000	VRAM_A18681	$88B46D
asset_88B473	$88B473	WRAM	normal	$7FC000	FILE_BFAA34	$88B475
asset_88B473	$88B473	WRAM	normal	$7FA000	FILE_BFAA93|$400000	$88B47B
asset_88B473	$88B473	WRAM	normal	$7FA001	FILE_BFAD0C|$400000	$88B481
asset_88B473	$88B473	WRAM	normal	$7F7000	FILE_B1FCB0	$88B487
asset_88B48F	$88B48F	VRAM	normal	$2000	VRAM_B4896E	$88B491
asset_88B48F	$88B48F	VRAM	normal	$3000	VRAM_B49A72	$88B496
asset_88B48F	$88B48F	VRAM	normal	$4000	VRAM_B4B0DE	$88B49B
asset_88B48F	$88B48F	VRAM	normal	$1000	VRAM_ACFDC0	$88B4A0
asset_88B48F	$88B48F	VRAM	normal	$1400	VRAM_ACFDC0	$88B4A5
asset_88B48F	$88B48F	VRAM	normal	$5000	VRAM_A18681	$88B4AA
asset_88B48F	$88B48F	VRAM	normal	$7000	VRAM_B1EC55	$88B4AF
asset_88B48F	$88B48F	VRAM	normal	$7400	VRAM_AEC024	$88B4B4
asset_88B48F	$88B48F	VRAM	normal	$7800	VRAM_AB8000	$88B4B9
asset_88B4BF	$88B4BF	WRAM	normal	$7FC000	FILE_BFAE97	$88B4C1
asset_88B4BF	$88B4BF	WRAM	normal	$7FA000	FILE_BFAEFC|$400000	$88B4C7
asset_88B4BF	$88B4BF	WRAM	normal	$7FA001	FILE_BFB141|$400000	$88B4CD
asset_88B4BF	$88B4BF	WRAM	normal	$7F7000	FILE_BFF105	$88B4D3
asset_88B4DB	$88B4DB	VRAM	normal	$2000	VRAM_91EAF0	$88B4DD
asset_88B4DB	$88B4DB	VRAM	normal	$3000	VRAM_B09408	$88B4E2
asset_88B4DB	$88B4DB	VRAM	normal	$1000	VRAM_BFB310	$88B4E7
asset_88B4DB	$88B4DB	VRAM	normal	$1400	VRAM_BFB310	$88B4EC
asset_88B4DB	$88B4DB	VRAM	normal	$5000	VRAM_A18681	$88B4F1
asset_88B4DB	$88B4DB	VRAM	normal	$7400	VRAM_AADF5B	$88B4F6
asset_88B4DB	$88B4DB	VRAM	normal	$7800	VRAM_AB8000	$88B4FB
asset_88B4DB	$88B4DB	VRAM	normal	$7C00	VRAM_9FE400	$88B500
asset_88B506	$88B506	WRAM	normal	$7FC000	FILE_BFB4AD	$88B508
asset_88B506	$88B506	WRAM	normal	$7FA000	FILE_BFAEFC|$400000	$88B50E
asset_88B506	$88B506	WRAM	normal	$7FA001	FILE_BFB141|$400000	$88B514
asset_88B506	$88B506	WRAM	normal	$7E8000	FILE_BFB2C8	$88B51A
asset_88B522	$88B522	VRAM	normal	$2000	VRAM_91EAF0	$88B524
asset_88B522	$88B522	VRAM	normal	$3000	VRAM_B09408	$88B529
asset_88B522	$88B522	VRAM	normal	$4800	VRAM_AAE187	$88B52E
asset_88B522	$88B522	VRAM	normal	$1000	VRAM_AAE677	$88B533
asset_88B522	$88B522	VRAM	normal	$1400	VRAM_AAE855	$88B538
asset_88B522	$88B522	VRAM	normal	$1800	VRAM_AAE9E9	$88B53D
asset_88B522	$88B522	VRAM	normal	$5000	VRAM_A18681	$88B542
asset_88B522	$88B522	VRAM	normal	$7000	VRAM_9CD2C0	$88B547
asset_88B54D	$88B54D	WRAM	normal	$7FC000	FILE_BED8F8	$88B54F
asset_88B54D	$88B54D	WRAM	normal	$7F7000	FILE_9CFD50	$88B555
asset_88B55D	$88B55D	VRAM	normal	$4400	VRAM_BED9A9	$88B55F
asset_88B55D	$88B55D	VRAM	normal	$4000	VRAM_BED8F8	$88B564
asset_88B55D	$88B55D	VRAM	normal	$5000	VRAM_A18681	$88B569
asset_88B55D	$88B55D	VRAM	normal	$7000	VRAM_BE9EE3	$88B56E
asset_88B574	$88B574	VRAM	normal	$0000	VRAM_BE8922	$88B576
asset_88B57C	$88B57C	VRAM	normal	$0000	VRAM_BEB045	$88B57E
asset_88B584	$88B584	VRAM	normal	$4000	VRAM_BED9A9	$88B586
asset_88B584	$88B584	VRAM	normal	$0000	VRAM_BED8F8	$88B58B
asset_88B591	$88B591	WRAM	normal	$7FC000	FILE_9BEBAA	$88B593
asset_88B591	$88B591	WRAM	normal	$7FA000	FILE_9BEBD1|$400000	$88B599
asset_88B591	$88B591	WRAM	normal	$7FA001	FILE_9BEC95|$400000	$88B59F
asset_88B591	$88B591	WRAM	normal	$7E8000	FILE_9BECB8	$88B5A5
asset_88B5AD	$88B5AD	VRAM	normal	$2000	VRAM_A3AEAD	$88B5AF
asset_88B5AD	$88B5AD	VRAM	normal	$2400	VRAM_A3B41D	$88B5B4
asset_88B5AD	$88B5AD	VRAM	normal	$3000	VRAM_A39A5D	$88B5B9
asset_88B5AD	$88B5AD	VRAM	normal	$1000	VRAM_A2FFAB	$88B5BE
asset_88B5AD	$88B5AD	VRAM	normal	$1400	VRAM_A2FFAB	$88B5C3
asset_88B5AD	$88B5AD	VRAM	normal	$5000	VRAM_A18681	$88B5C8
asset_88B5AD	$88B5AD	VRAM	normal	$7000	VRAM_98D2A6	$88B5CD
asset_88B5D3	$88B5D3	WRAM	normal	$7FC000	FILE_ACFEC0	$88B5D5
asset_88B5D3	$88B5D3	WRAM	normal	$7FA000	FILE_ACFEFE|$400000	$88B5DB
asset_88B5D3	$88B5D3	WRAM	normal	$7FA001	FILE_ACFF9E|$400000	$88B5E1
asset_88B5D3	$88B5D3	WRAM	normal	$7E8000	FILE_AAFDFB	$88B5E7
asset_88B5EF	$88B5EF	VRAM	normal	$2000	VRAM_B4896E	$88B5F1
asset_88B5EF	$88B5EF	VRAM	normal	$3000	VRAM_B49A72	$88B5F6
asset_88B5EF	$88B5EF	VRAM	normal	$1000	VRAM_A2FFAB	$88B5FB
asset_88B5EF	$88B5EF	VRAM	normal	$1400	VRAM_A2FFAB	$88B600
asset_88B5EF	$88B5EF	VRAM	normal	$5000	VRAM_A18681	$88B605
asset_88B5EF	$88B5EF	VRAM	normal	$7800	VRAM_AEC024	$88B60A
asset_88B610	$88B610	WRAM	normal	$7FC000	FILE_9BEBAA	$88B612
asset_88B610	$88B610	WRAM	normal	$7FA000	FILE_9BEBD1|$400000	$88B618
asset_88B610	$88B610	WRAM	normal	$7FA001	FILE_9BEC95|$400000	$88B61E
asset_88B610	$88B610	WRAM	normal	$7E8000	FILE_9BECB8	$88B624
asset_88B62C	$88B62C	VRAM	normal	$2000	VRAM_A3AEAD	$88B62E
asset_88B62C	$88B62C	VRAM	normal	$2400	VRAM_A3B41D	$88B633
asset_88B62C	$88B62C	VRAM	normal	$3000	VRAM_A39A5D	$88B638
asset_88B62C	$88B62C	VRAM	normal	$1000	VRAM_A2FFAB	$88B63D
asset_88B62C	$88B62C	VRAM	normal	$1400	VRAM_A2FFAB	$88B642
asset_88B62C	$88B62C	VRAM	normal	$5000	VRAM_A18681	$88B647
asset_88B62C	$88B62C	VRAM	normal	$7000	VRAM_98F29E	$88B64C
asset_88B62C	$88B62C	VRAM	normal	$7800	VRAM_A2C382	$88B651
asset_88B657	$88B657	WRAM	normal	$7FC000	FILE_92EBD2	$88B659
asset_88B657	$88B657	WRAM	normal	$7FA000	FILE_92EC03|$400000	$88B65F
asset_88B657	$88B657	WRAM	normal	$7FA001	FILE_92ED7A|$400000	$88B665
asset_88B657	$88B657	WRAM	normal	$7E8000	FILE_92EE6C	$88B66B
asset_88B673	$88B673	VRAM	normal	$4000	VRAM_ABE372	$88B675
asset_88B673	$88B673	VRAM	normal	$1000	VRAM_A2FFAB	$88B67A
asset_88B673	$88B673	VRAM	normal	$1400	VRAM_A2FFAB	$88B67F
asset_88B673	$88B673	VRAM	normal	$5000	VRAM_A18681	$88B684
asset_88B673	$88B673	VRAM	normal	$7400	VRAM_A2FFAB	$88B689
asset_88B673	$88B673	VRAM	normal	$7800	VRAM_A2FFAB	$88B68E
asset_88B673	$88B673	VRAM	normal	$7C00	VRAM_A2FFAB	$88B693
asset_88B673	$88B673	VRAM	normal	$7000	VRAM_9AEC6F	$88B698
asset_88B69E	$88B69E	WRAM	normal	$7FA000	FILE_92EC03|$400000	$88B6A0
asset_88B69E	$88B69E	WRAM	normal	$7FA001	FILE_92ED7A|$400000	$88B6A6
asset_88B6AE	$88B6AE	VRAM	normal	$2000	VRAM_91EAF0	$88B6B0
asset_88B6AE	$88B6AE	VRAM	normal	$0000	VRAM_A2FFAB	$88B6B5
asset_88B6AE	$88B6AE	VRAM	normal	$0400	VRAM_A2FFAB	$88B6BA
asset_88B6AE	$88B6AE	VRAM	normal	$0800	VRAM_A2FFAB	$88B6BF
asset_88B6AE	$88B6AE	VRAM	normal	$0C00	VRAM_A2FFAB	$88B6C4
asset_88B6AE	$88B6AE	VRAM	normal	$1000	VRAM_92F7A7	$88B6C9
asset_88B6AE	$88B6AE	VRAM	normal	$1400	VRAM_92F7A7	$88B6CE
asset_88B6AE	$88B6AE	VRAM	normal	$1800	VRAM_92F7A7	$88B6D3
asset_88B6AE	$88B6AE	VRAM	normal	$1C00	VRAM_92F7A7	$88B6D8
asset_88B6AE	$88B6AE	VRAM	normal	$5000	VRAM_A18681	$88B6DD
asset_88B6E3	$88B6E3	WRAM	normal	$7F4800	FILE_84FE44	$88B6E5
asset_88B6ED	$88B6ED	WRAM	normal	$7F4800	FILE_84FE7D	$88B6EF
asset_88B6F7	$88B6F7	WRAM	normal	$7F4800	FILE_84FEB2	$88B6F9
asset_88B701	$88B701	WRAM	normal	$7F4800	FILE_84FF34	$88B703
asset_88B70B	$88B70B	WRAM	normal	$7FC000	FILE_A5C304	$88B70D
asset_88B70B	$88B70B	WRAM	normal	$7FA000	FILE_A5CB07|$400000	$88B713
asset_88B70B	$88B70B	WRAM	normal	$7FA001	FILE_A5D539|$400000	$88B719
asset_88B70B	$88B70B	WRAM	normal	$7FF000	FILE_A5C62B	$88B71F
asset_88B70B	$88B70B	WRAM	normal	$7FD000	FILE_A5DB19|$400000	$88B725
asset_88B70B	$88B70B	WRAM	normal	$7FD001	FILE_A5E4C4|$400000	$88B72B
asset_88B70B	$88B70B	WRAM	normal	$7F7000	FILE_A5E951	$88B731
asset_88B739	$88B739	VRAM	normal	$2000	VRAM_A4954E	$88B73B
asset_88B739	$88B739	VRAM	normal	$3000	VRAM_A4AC43	$88B740
asset_88B739	$88B739	VRAM	normal	$3690	VRAM_A4B574	$88B745
asset_88B739	$88B739	VRAM	normal	$3BD0	VRAM_A4BDC3	$88B74A
asset_88B739	$88B739	VRAM	normal	$3DF0	VRAM_A5828D	$88B74F
asset_88B739	$88B739	VRAM	normal	$4000	VRAM_A4C160	$88B754
asset_88B739	$88B739	VRAM	normal	$4800	VRAM_A4D035	$88B759
asset_88B739	$88B739	VRAM	normal	$5000	VRAM_A18681	$88B75E
asset_88B739	$88B739	VRAM	normal	$7000	VRAM_998861	$88B763
asset_88B739	$88B739	VRAM	normal	$7200	VRAM_998B3D	$88B768
asset_88B739	$88B739	VRAM	normal	$7400	VRAM_99932A	$88B76D
asset_88B739	$88B739	VRAM	normal	$7800	VRAM_998548	$88B772
asset_88B739	$88B739	VRAM	normal	$7A00	VRAM_99EE4C	$88B777
asset_88B77D	$88B77D	WRAM	normal	$7FC000	FILE_A5EF80	$88B77F
asset_88B77D	$88B77D	WRAM	normal	$7FA000	FILE_A5F0BA|$400000	$88B785
asset_88B77D	$88B77D	WRAM	normal	$7FA001	FILE_A5F4AA|$400000	$88B78B
asset_88B77D	$88B77D	WRAM	normal	$7FF000	FILE_A5F03C	$88B791
asset_88B77D	$88B77D	WRAM	normal	$7FD000	FILE_A5F6F1|$400000	$88B797
asset_88B77D	$88B77D	WRAM	normal	$7FD001	FILE_A5F888|$400000	$88B79D
asset_88B77D	$88B77D	WRAM	normal	$7F7000	FILE_A5F955	$88B7A3
asset_88B7AB	$88B7AB	VRAM	normal	$2000	VRAM_A4954E	$88B7AD
asset_88B7AB	$88B7AB	VRAM	normal	$3000	VRAM_A4AC43	$88B7B2
asset_88B7AB	$88B7AB	VRAM	normal	$3690	VRAM_A4B574	$88B7B7
asset_88B7AB	$88B7AB	VRAM	normal	$3BD0	VRAM_A4BDC3	$88B7BC
asset_88B7AB	$88B7AB	VRAM	normal	$3DF0	VRAM_A4D723	$88B7C1
asset_88B7AB	$88B7AB	VRAM	normal	$5000	VRAM_A18681	$88B7C6
asset_88B7AB	$88B7AB	VRAM	normal	$7000	VRAM_99EE4C	$88B7CB
asset_88B7AB	$88B7AB	VRAM	normal	$7600	VRAM_998E64	$88B7D0
asset_88B7D6	$88B7D6	WRAM	normal	$7FC000	FILE_A5FA62	$88B7D8
asset_88B7D6	$88B7D6	WRAM	normal	$7FA000	FILE_A5F0BA|$400000	$88B7DE
asset_88B7D6	$88B7D6	WRAM	normal	$7FA001	FILE_A5F4AA|$400000	$88B7E4
asset_88B7D6	$88B7D6	WRAM	normal	$7FF000	FILE_A5FA62	$88B7EA
asset_88B7D6	$88B7D6	WRAM	normal	$7FD000	FILE_A5F0BA|$400000	$88B7F0
asset_88B7D6	$88B7D6	WRAM	normal	$7FD001	FILE_A5F4AA|$400000	$88B7F6
asset_88B7D6	$88B7D6	WRAM	normal	$7F7000	FILE_A5FAB8	$88B7FC
asset_88B804	$88B804	VRAM	normal	$2000	VRAM_A4954E	$88B806
asset_88B804	$88B804	VRAM	normal	$3000	VRAM_A4AC43	$88B80B
asset_88B804	$88B804	VRAM	normal	$3690	VRAM_A4B574	$88B810
asset_88B804	$88B804	VRAM	normal	$3BD0	VRAM_A4BDC3	$88B815
asset_88B804	$88B804	VRAM	normal	$3DF0	VRAM_A4D723	$88B81A
asset_88B804	$88B804	VRAM	normal	$5000	VRAM_A18681	$88B81F
asset_88B804	$88B804	VRAM	normal	$7000	VRAM_99EE4C	$88B824
asset_88B804	$88B804	VRAM	normal	$7600	VRAM_A6F430	$88B829
asset_88B82F	$88B82F	WRAM	normal	$7FC000	FILE_A78A57	$88B831
asset_88B82F	$88B82F	WRAM	normal	$7FA000	FILE_A78B5D|$400000	$88B837
asset_88B82F	$88B82F	WRAM	normal	$7FA001	FILE_A7902B|$400000	$88B83D
asset_88B82F	$88B82F	WRAM	normal	$7FF000	FILE_A78B19	$88B843
asset_88B82F	$88B82F	WRAM	normal	$7FD000	FILE_A792BA|$400000	$88B849
asset_88B82F	$88B82F	WRAM	normal	$7FD001	FILE_A79482|$400000	$88B84F
asset_88B82F	$88B82F	WRAM	normal	$7F7000	FILE_A79578	$88B855
asset_88B85D	$88B85D	VRAM	normal	$2000	VRAM_A4954E	$88B85F
asset_88B85D	$88B85D	VRAM	normal	$3000	VRAM_A4AC43	$88B864
asset_88B85D	$88B85D	VRAM	normal	$3690	VRAM_A4B574	$88B869
asset_88B85D	$88B85D	VRAM	normal	$3BD0	VRAM_A4BDC3	$88B86E
asset_88B85D	$88B85D	VRAM	normal	$3DF0	VRAM_A5828D	$88B873
asset_88B85D	$88B85D	VRAM	normal	$4000	VRAM_A4C160	$88B878
asset_88B85D	$88B85D	VRAM	normal	$4450	VRAM_A4E820	$88B87D
asset_88B85D	$88B85D	VRAM	normal	$5000	VRAM_A18681	$88B882
asset_88B85D	$88B85D	VRAM	normal	$7000	VRAM_998861	$88B887
asset_88B85D	$88B85D	VRAM	normal	$7200	VRAM_998B3D	$88B88C
asset_88B85D	$88B85D	VRAM	normal	$7400	VRAM_998FC7	$88B891
asset_88B897	$88B897	WRAM	normal	$7FC000	FILE_A79654	$88B899
asset_88B897	$88B897	WRAM	normal	$7FA000	FILE_A78B5D|$400000	$88B89F
asset_88B897	$88B897	WRAM	normal	$7FA001	FILE_A7902B|$400000	$88B8A5
asset_88B897	$88B897	WRAM	normal	$7FF000	FILE_A79760	$88B8AB
asset_88B897	$88B897	WRAM	normal	$7FD000	FILE_A792BA|$400000	$88B8B1
asset_88B897	$88B897	WRAM	normal	$7FD001	FILE_A79482|$400000	$88B8B7
asset_88B897	$88B897	WRAM	normal	$7F7000	FILE_A797E8	$88B8BD
asset_88B8C5	$88B8C5	VRAM	normal	$2000	VRAM_A4954E	$88B8C7
asset_88B8C5	$88B8C5	VRAM	normal	$3000	VRAM_A4AC43	$88B8CC
asset_88B8C5	$88B8C5	VRAM	normal	$3690	VRAM_A4B574	$88B8D1
asset_88B8C5	$88B8C5	VRAM	normal	$3BD0	VRAM_A4BDC3	$88B8D6
asset_88B8C5	$88B8C5	VRAM	normal	$3DF0	VRAM_A5828D	$88B8DB
asset_88B8C5	$88B8C5	VRAM	normal	$4000	VRAM_A4C160	$88B8E0
asset_88B8C5	$88B8C5	VRAM	normal	$4450	VRAM_A4E820	$88B8E5
asset_88B8C5	$88B8C5	VRAM	normal	$5000	VRAM_A78105	$88B8EA
asset_88B8C5	$88B8C5	VRAM	normal	$4C00	VRAM_A78000	$88B8EF
asset_88B8C5	$88B8C5	VRAM	normal	$7000	VRAM_99967F	$88B8F4
asset_88B8C5	$88B8C5	VRAM	normal	$7600	VRAM_99EE4C	$88B8F9
asset_88B8C5	$88B8C5	VRAM	normal	$7A00	VRAM_B2F6BA	$88B8FE
asset_88B904	$88B904	VRAM	normal	$4C00	VRAM_A78000	$88B906
asset_88B90C	$88B90C	WRAM	normal	$7FC000	FILE_A79924	$88B90E
asset_88B90C	$88B90C	WRAM	normal	$7FA000	FILE_A78B5D|$400000	$88B914
asset_88B90C	$88B90C	WRAM	normal	$7FA001	FILE_A7902B|$400000	$88B91A
asset_88B90C	$88B90C	WRAM	normal	$7FF000	FILE_A7D2B5	$88B920
asset_88B90C	$88B90C	WRAM	normal	$7FD000	FILE_A792BA|$400000	$88B926
asset_88B90C	$88B90C	WRAM	normal	$7FD001	FILE_A79482|$400000	$88B92C
asset_88B90C	$88B90C	WRAM	normal	$7F7000	FILE_A7996D	$88B932
asset_88B93A	$88B93A	VRAM	normal	$2000	VRAM_A4954E	$88B93C
asset_88B93A	$88B93A	VRAM	normal	$3000	VRAM_A4AC43	$88B941
asset_88B93A	$88B93A	VRAM	normal	$3690	VRAM_A4B574	$88B946
asset_88B93A	$88B93A	VRAM	normal	$3BD0	VRAM_A4BDC3	$88B94B
asset_88B93A	$88B93A	VRAM	normal	$3DF0	VRAM_A5828D	$88B950
asset_88B93A	$88B93A	VRAM	normal	$4000	VRAM_A4C160	$88B955
asset_88B93A	$88B93A	VRAM	normal	$4450	VRAM_A4E820	$88B95A
asset_88B93A	$88B93A	VRAM	normal	$5000	VRAM_A78105	$88B95F
asset_88B93A	$88B93A	VRAM	normal	$4C00	VRAM_A78000	$88B964
asset_88B93A	$88B93A	VRAM	normal	$7000	VRAM_B4F1D5	$88B969
asset_88B96F	$88B96F	WRAM	normal	$7FC000	FILE_A799DD	$88B971
asset_88B96F	$88B96F	WRAM	normal	$7FA000	FILE_A79B12|$400000	$88B977
asset_88B96F	$88B96F	WRAM	normal	$7FA001	FILE_A79E3C|$400000	$88B97D
asset_88B96F	$88B96F	WRAM	normal	$7FF000	FILE_A79ABF	$88B983
asset_88B96F	$88B96F	WRAM	normal	$7FD000	FILE_A79FFE|$400000	$88B989
asset_88B96F	$88B96F	WRAM	normal	$7FD001	FILE_A7A2AB|$400000	$88B98F
asset_88B96F	$88B96F	WRAM	normal	$7F7000	FILE_A7A3D2	$88B995
asset_88B99D	$88B99D	VRAM	normal	$2000	VRAM_A4954E	$88B99F
asset_88B99D	$88B99D	VRAM	normal	$3000	VRAM_A4AC43	$88B9A4
asset_88B99D	$88B99D	VRAM	normal	$3690	VRAM_A4B574	$88B9A9
asset_88B99D	$88B99D	VRAM	normal	$3BD0	VRAM_A4BDC3	$88B9AE
asset_88B99D	$88B99D	VRAM	normal	$3DF0	VRAM_A5828D	$88B9B3
asset_88B99D	$88B99D	VRAM	normal	$4000	VRAM_A4C160	$88B9B8
asset_88B99D	$88B99D	VRAM	normal	$4800	VRAM_A4EE9B	$88B9BD
asset_88B99D	$88B99D	VRAM	normal	$5000	VRAM_A18681	$88B9C2
asset_88B99D	$88B99D	VRAM	normal	$7000	VRAM_99967F	$88B9C7
asset_88B99D	$88B99D	VRAM	normal	$7600	VRAM_99EE4C	$88B9CC
asset_88B99D	$88B99D	VRAM	normal	$7A00	VRAM_B1E8FB	$88B9D1
asset_88B9D7	$88B9D7	WRAM	normal	$7FC000	FILE_A7A4E1	$88B9D9
asset_88B9D7	$88B9D7	WRAM	normal	$7FA000	FILE_A79B12|$400000	$88B9DF
asset_88B9D7	$88B9D7	WRAM	normal	$7FA001	FILE_A79E3C|$400000	$88B9E5
asset_88B9D7	$88B9D7	WRAM	normal	$7FF000	FILE_A7A59F	$88B9EB
asset_88B9D7	$88B9D7	WRAM	normal	$7FD000	FILE_A79FFE|$400000	$88B9F1
asset_88B9D7	$88B9D7	WRAM	normal	$7FD001	FILE_A7A2AB|$400000	$88B9F7
asset_88B9D7	$88B9D7	WRAM	normal	$7F7000	FILE_A7A6AD	$88B9FD
asset_88BA05	$88BA05	VRAM	normal	$2000	VRAM_A4954E	$88BA07
asset_88BA05	$88BA05	VRAM	normal	$3000	VRAM_A4AC43	$88BA0C
asset_88BA05	$88BA05	VRAM	normal	$3690	VRAM_A4B574	$88BA11
asset_88BA05	$88BA05	VRAM	normal	$3BD0	VRAM_A4BDC3	$88BA16
asset_88BA05	$88BA05	VRAM	normal	$3DF0	VRAM_A5828D	$88BA1B
asset_88BA05	$88BA05	VRAM	normal	$4000	VRAM_A4C160	$88BA20
asset_88BA05	$88BA05	VRAM	normal	$4800	VRAM_A4EE9B	$88BA25
asset_88BA05	$88BA05	VRAM	normal	$5000	VRAM_A18681	$88BA2A
asset_88BA05	$88BA05	VRAM	normal	$7000	VRAM_998548	$88BA2F
asset_88BA05	$88BA05	VRAM	normal	$7200	VRAM_998E64	$88BA34
asset_88BA05	$88BA05	VRAM	normal	$7400	VRAM_B1F793	$88BA39
asset_88BA3F	$88BA3F	WRAM	normal	$7FC000	FILE_A7A808	$88BA41
asset_88BA3F	$88BA3F	WRAM	normal	$7FA000	FILE_A7AB5E|$400000	$88BA47
asset_88BA3F	$88BA3F	WRAM	normal	$7FA001	FILE_A7AD71|$400000	$88BA4D
asset_88BA3F	$88BA3F	WRAM	normal	$7FF000	FILE_A7A8E3	$88BA53
asset_88BA3F	$88BA3F	WRAM	normal	$7FD000	FILE_A5DB19|$400000	$88BA59
asset_88BA3F	$88BA3F	WRAM	normal	$7FD001	FILE_A5E4C4|$400000	$88BA5F
asset_88BA3F	$88BA3F	WRAM	normal	$7F7000	FILE_A7AE70	$88BA65
asset_88BA6D	$88BA6D	VRAM	normal	$2000	VRAM_A4954E	$88BA6F
asset_88BA6D	$88BA6D	VRAM	normal	$3000	VRAM_A4AC43	$88BA74
asset_88BA6D	$88BA6D	VRAM	normal	$3690	VRAM_A4F566	$88BA79
asset_88BA6D	$88BA6D	VRAM	normal	$3BD0	VRAM_A4BDC3	$88BA7E
asset_88BA6D	$88BA6D	VRAM	normal	$3DF0	VRAM_A5828D	$88BA83
asset_88BA6D	$88BA6D	VRAM	normal	$4000	VRAM_A4C160	$88BA88
asset_88BA6D	$88BA6D	VRAM	normal	$4800	VRAM_A4D035	$88BA8D
asset_88BA6D	$88BA6D	VRAM	normal	$5000	VRAM_A18681	$88BA92
asset_88BA6D	$88BA6D	VRAM	normal	$7000	VRAM_998B3D	$88BA97
asset_88BA6D	$88BA6D	VRAM	normal	$7400	VRAM_99932A	$88BA9C
asset_88BA6D	$88BA6D	VRAM	normal	$7600	VRAM_B1E8FB	$88BAA1
asset_88BA6D	$88BA6D	VRAM	normal	$7800	VRAM_B2F6BA	$88BAA6
asset_88BA6D	$88BA6D	VRAM	normal	$7A00	VRAM_998FC7	$88BAAB
asset_88BAB1	$88BAB1	WRAM	normal	$7FC000	FILE_AD8000	$88BAB3
asset_88BAB1	$88BAB1	WRAM	normal	$7FA000	FILE_AD8871|$400000	$88BAB9
asset_88BAB1	$88BAB1	WRAM	normal	$7FA001	FILE_AD9196|$400000	$88BABF
asset_88BAB1	$88BAB1	WRAM	normal	$7FF000	FILE_AD8350	$88BAC5
asset_88BAB1	$88BAB1	WRAM	normal	$7FD000	FILE_AD96CE|$400000	$88BACB
asset_88BAB1	$88BAB1	WRAM	normal	$7FD001	FILE_AD9F67|$400000	$88BAD1
asset_88BAB1	$88BAB1	WRAM	normal	$7F7000	FILE_ADA3F9	$88BAD7
asset_88BADF	$88BADF	VRAM	normal	$2000	VRAM_AC8580	$88BAE1
asset_88BADF	$88BADF	VRAM	normal	$2D70	VRAM_AC9AB7	$88BAE6
asset_88BADF	$88BADF	VRAM	normal	$3000	VRAM_AC9E39	$88BAEB
asset_88BADF	$88BADF	VRAM	normal	$31F0	VRAM_ACA0B2	$88BAF0
asset_88BADF	$88BADF	VRAM	normal	$3CD0	VRAM_ACB150	$88BAF5
asset_88BADF	$88BADF	VRAM	normal	$4000	VRAM_ACB64A	$88BAFA
asset_88BADF	$88BADF	VRAM	normal	$43E0	VRAM_ACBC06	$88BAFF
asset_88BADF	$88BADF	VRAM	normal	$47D0	VRAM_ACC9D1	$88BB04
asset_88BADF	$88BADF	VRAM	normal	$5000	VRAM_A18681	$88BB09
asset_88BADF	$88BADF	VRAM	normal	$7000	VRAM_A8E614	$88BB0E
asset_88BADF	$88BADF	VRAM	normal	$7400	VRAM_AAB006	$88BB13
asset_88BADF	$88BADF	VRAM	normal	$7A00	VRAM_B1DC84	$88BB18
asset_88BADF	$88BADF	VRAM	normal	$7C00	VRAM_B3E738	$88BB1D
asset_88BB23	$88BB23	VRAM	deferred	$7000	VRAM_BEB2DC	$88BB25
asset_88BB23	$88BB23	VRAM	deferred	$7400	VRAM_BEB933	$88BB2A
asset_88BB30	$88BB30	VRAM	deferred	$7C00	VRAM_BEB2DC	$88BB32
asset_88BB38	$88BB38	VRAM	deferred	$7000	VRAM_B3ED38	$88BB3A
asset_88BB40	$88BB40	VRAM	deferred	$7000	VRAM_A8E614	$88BB42
asset_88BB48	$88BB48	WRAM	normal	$7FC000	FILE_ADAA92	$88BB4A
asset_88BB48	$88BB48	WRAM	normal	$7FA000	FILE_ADAC4E|$400000	$88BB50
asset_88BB48	$88BB48	WRAM	normal	$7FA001	FILE_ADAE09|$400000	$88BB56
asset_88BB48	$88BB48	WRAM	normal	$7FF000	FILE_ADAB3C	$88BB5C
asset_88BB48	$88BB48	WRAM	normal	$7FD000	FILE_ADAF1B|$400000	$88BB62
asset_88BB48	$88BB48	WRAM	normal	$7FD001	FILE_ADB349|$400000	$88BB68
asset_88BB48	$88BB48	WRAM	normal	$7F7000	FILE_ADB53D	$88BB6E
asset_88BB76	$88BB76	VRAM	normal	$2000	VRAM_AC8580	$88BB78
asset_88BB76	$88BB76	VRAM	normal	$2D70	VRAM_AC9AB7	$88BB7D
asset_88BB76	$88BB76	VRAM	normal	$3000	VRAM_AC9E39	$88BB82
asset_88BB76	$88BB76	VRAM	normal	$31F0	VRAM_ACA0B2	$88BB87
asset_88BB76	$88BB76	VRAM	normal	$3CD0	VRAM_ACB150	$88BB8C
asset_88BB76	$88BB76	VRAM	normal	$4000	VRAM_ACB64A	$88BB91
asset_88BB76	$88BB76	VRAM	normal	$43E0	VRAM_ACC281	$88BB96
asset_88BB76	$88BB76	VRAM	normal	$5000	VRAM_A18681	$88BB9B
asset_88BB76	$88BB76	VRAM	normal	$7000	VRAM_92EE85	$88BBA0
asset_88BB76	$88BB76	VRAM	normal	$7600	VRAM_B4F1D5	$88BBA5
asset_88BBAB	$88BBAB	WRAM	normal	$7FC000	FILE_AAFE0C	$88BBAD
asset_88BBAB	$88BBAB	WRAM	normal	$7FA000	FILE_ADAC4E|$400000	$88BBB3
asset_88BBAB	$88BBAB	WRAM	normal	$7FA001	FILE_ADAE09|$400000	$88BBB9
asset_88BBAB	$88BBAB	WRAM	normal	$7FF000	FILE_ADAB3C	$88BBBF
asset_88BBAB	$88BBAB	WRAM	normal	$7FD000	FILE_ADAF1B|$400000	$88BBC5
asset_88BBAB	$88BBAB	WRAM	normal	$7FD001	FILE_ADB349|$400000	$88BBCB
asset_88BBAB	$88BBAB	WRAM	normal	$7F7000	FILE_ACFBB8	$88BBD1
asset_88BBD9	$88BBD9	WRAM	normal	$7FC000	FILE_ADB6AC	$88BBDB
asset_88BBD9	$88BBD9	WRAM	normal	$7FA000	FILE_ADB905|$400000	$88BBE1
asset_88BBD9	$88BBD9	WRAM	normal	$7FA001	FILE_ADBBAF|$400000	$88BBE7
asset_88BBD9	$88BBD9	WRAM	normal	$7FF000	FILE_ADB7F2	$88BBED
asset_88BBD9	$88BBD9	WRAM	normal	$7FD000	FILE_ADBD39|$400000	$88BBF3
asset_88BBD9	$88BBD9	WRAM	normal	$7FD001	FILE_ADBED8|$400000	$88BBF9
asset_88BBD9	$88BBD9	WRAM	normal	$7F7000	FILE_ADBFAD	$88BBFF
asset_88BC07	$88BC07	VRAM	normal	$2000	VRAM_AC8580	$88BC09
asset_88BC07	$88BC07	VRAM	normal	$2D70	VRAM_AC9AB7	$88BC0E
asset_88BC07	$88BC07	VRAM	normal	$3000	VRAM_AC9E39	$88BC13
asset_88BC07	$88BC07	VRAM	normal	$31F0	VRAM_ACA0B2	$88BC18
asset_88BC07	$88BC07	VRAM	normal	$3CD0	VRAM_ACB150	$88BC1D
asset_88BC07	$88BC07	VRAM	normal	$4000	VRAM_ACB64A	$88BC22
asset_88BC07	$88BC07	VRAM	normal	$4310	VRAM_ACCFB6	$88BC27
asset_88BC07	$88BC07	VRAM	normal	$5000	VRAM_A18681	$88BC2C
asset_88BC07	$88BC07	VRAM	normal	$7000	VRAM_AACF09	$88BC31
asset_88BC07	$88BC07	VRAM	normal	$7800	VRAM_AAB006	$88BC36
asset_88BC3C	$88BC3C	WRAM	normal	$7FC000	FILE_ADC0BD	$88BC3E
asset_88BC3C	$88BC3C	WRAM	normal	$7FA000	FILE_ADC28B|$400000	$88BC44
asset_88BC3C	$88BC3C	WRAM	normal	$7FA001	FILE_ADC5B0|$400000	$88BC4A
asset_88BC3C	$88BC3C	WRAM	normal	$7FF000	FILE_ADC193	$88BC50
asset_88BC3C	$88BC3C	WRAM	normal	$7FD000	FILE_ADC74F|$400000	$88BC56
asset_88BC3C	$88BC3C	WRAM	normal	$7FD001	FILE_ADC95A|$400000	$88BC5C
asset_88BC3C	$88BC3C	WRAM	normal	$7F7000	FILE_B4FCC9	$88BC62
asset_88BC6A	$88BC6A	VRAM	normal	$2000	VRAM_AC8580	$88BC6C
asset_88BC6A	$88BC6A	VRAM	normal	$2D70	VRAM_AC9AB7	$88BC71
asset_88BC6A	$88BC6A	VRAM	normal	$3000	VRAM_AC9E39	$88BC76
asset_88BC6A	$88BC6A	VRAM	normal	$31F0	VRAM_ACA0B2	$88BC7B
asset_88BC6A	$88BC6A	VRAM	normal	$3CD0	VRAM_ACB150	$88BC80
asset_88BC6A	$88BC6A	VRAM	normal	$4000	VRAM_ACB64A	$88BC85
asset_88BC6A	$88BC6A	VRAM	normal	$43E0	VRAM_ACBC06	$88BC8A
asset_88BC6A	$88BC6A	VRAM	normal	$47D0	VRAM_ACD889	$88BC8F
asset_88BC6A	$88BC6A	VRAM	normal	$5000	VRAM_A18681	$88BC94
asset_88BC6A	$88BC6A	VRAM	normal	$7000	VRAM_AACF09	$88BC99
asset_88BC6A	$88BC6A	VRAM	normal	$7400	VRAM_AAD775	$88BC9E
asset_88BC6A	$88BC6A	VRAM	normal	$7800	VRAM_AAB006	$88BCA3
asset_88BCA9	$88BCA9	WRAM	normal	$7FC000	FILE_ADCA8B	$88BCAB
asset_88BCA9	$88BCA9	WRAM	normal	$7FA000	FILE_ADCB2E|$400000	$88BCB1
asset_88BCA9	$88BCA9	WRAM	normal	$7FA001	FILE_ADCD18|$400000	$88BCB7
asset_88BCA9	$88BCA9	WRAM	normal	$7FF000	FILE_ADCE7C	$88BCBD
asset_88BCA9	$88BCA9	WRAM	normal	$7FD000	FILE_ADCF0C|$400000	$88BCC3
asset_88BCA9	$88BCA9	WRAM	normal	$7FD001	FILE_ADD21F|$400000	$88BCC9
asset_88BCA9	$88BCA9	WRAM	normal	$7F7000	FILE_ADD401	$88BCCF
asset_88BCD7	$88BCD7	VRAM	normal	$2000	VRAM_AC8580	$88BCD9
asset_88BCD7	$88BCD7	VRAM	normal	$2D70	VRAM_AC9AB7	$88BCDE
asset_88BCD7	$88BCD7	VRAM	normal	$3000	VRAM_AC9E39	$88BCE3
asset_88BCD7	$88BCD7	VRAM	normal	$31F0	VRAM_ACA0B2	$88BCE8
asset_88BCD7	$88BCD7	VRAM	normal	$3CD0	VRAM_ACB150	$88BCED
asset_88BCD7	$88BCD7	VRAM	normal	$4000	VRAM_ACB64A	$88BCF2
asset_88BCD7	$88BCD7	VRAM	normal	$43E0	VRAM_ACBC06	$88BCF7
asset_88BCD7	$88BCD7	VRAM	normal	$47D0	VRAM_ACC9D1	$88BCFC
asset_88BCD7	$88BCD7	VRAM	normal	$5000	VRAM_A18681	$88BD01
asset_88BCD7	$88BCD7	VRAM	normal	$7000	VRAM_98EDB5	$88BD06
asset_88BCD7	$88BCD7	VRAM	normal	$7200	VRAM_98F027	$88BD0B
asset_88BCD7	$88BCD7	VRAM	normal	$7800	VRAM_AAB006	$88BD10
asset_88BD16	$88BD16	WRAM	normal	$7FC000	FILE_AEFD64	$88BD18
asset_88BD16	$88BD16	WRAM	normal	$7FA000	FILE_ADCB2E|$400000	$88BD1E
asset_88BD16	$88BD16	WRAM	normal	$7FA001	FILE_ADCD18|$400000	$88BD24
asset_88BD16	$88BD16	WRAM	normal	$7FF000	FILE_AE8052	$88BD2A
asset_88BD16	$88BD16	WRAM	normal	$7FD000	FILE_ADCF0C|$400000	$88BD30
asset_88BD16	$88BD16	WRAM	normal	$7FD001	FILE_ADD21F|$400000	$88BD36
asset_88BD16	$88BD16	WRAM	normal	$7F7000	FILE_A5FF6E	$88BD3C
asset_88BD44	$88BD44	VRAM	normal	$2000	VRAM_AC8580	$88BD46
asset_88BD44	$88BD44	VRAM	normal	$2D70	VRAM_AC9AB7	$88BD4B
asset_88BD44	$88BD44	VRAM	normal	$3000	VRAM_AC9E39	$88BD50
asset_88BD44	$88BD44	VRAM	normal	$31F0	VRAM_ACA0B2	$88BD55
asset_88BD44	$88BD44	VRAM	normal	$3CD0	VRAM_ACB150	$88BD5A
asset_88BD44	$88BD44	VRAM	normal	$4000	VRAM_ACB64A	$88BD5F
asset_88BD44	$88BD44	VRAM	normal	$43E0	VRAM_ACBC06	$88BD64
asset_88BD44	$88BD44	VRAM	normal	$47D0	VRAM_ACC9D1	$88BD69
asset_88BD44	$88BD44	VRAM	normal	$5000	VRAM_A18681	$88BD6E
asset_88BD44	$88BD44	VRAM	normal	$7000	VRAM_98EDB5	$88BD73
asset_88BD44	$88BD44	VRAM	normal	$7200	VRAM_98F027	$88BD78
asset_88BD44	$88BD44	VRAM	normal	$7800	VRAM_AAB006	$88BD7D
asset_88BD83	$88BD83	WRAM	normal	$7FC000	FILE_B0FF33	$88BD85
asset_88BD83	$88BD83	WRAM	normal	$7FA000	FILE_ADCB2E|$400000	$88BD8B
asset_88BD83	$88BD83	WRAM	normal	$7FA001	FILE_ADCD18|$400000	$88BD91
asset_88BD83	$88BD83	WRAM	normal	$7FF000	FILE_ACFD25	$88BD97
asset_88BD83	$88BD83	WRAM	normal	$7FD000	FILE_ADCF0C|$400000	$88BD9D
asset_88BD83	$88BD83	WRAM	normal	$7FD001	FILE_ADD21F|$400000	$88BDA3
asset_88BD83	$88BD83	WRAM	normal	$7F7000	FILE_ADD4F3	$88BDA9
asset_88BDB1	$88BDB1	VRAM	normal	$2000	VRAM_AC8580	$88BDB3
asset_88BDB1	$88BDB1	VRAM	normal	$2D70	VRAM_AC9AB7	$88BDB8
asset_88BDB1	$88BDB1	VRAM	normal	$3000	VRAM_AC9E39	$88BDBD
asset_88BDB1	$88BDB1	VRAM	normal	$31F0	VRAM_ACA0B2	$88BDC2
asset_88BDB1	$88BDB1	VRAM	normal	$3CD0	VRAM_ACB150	$88BDC7
asset_88BDB1	$88BDB1	VRAM	normal	$4000	VRAM_ACB64A	$88BDCC
asset_88BDB1	$88BDB1	VRAM	normal	$43E0	VRAM_ACBC06	$88BDD1
asset_88BDB1	$88BDB1	VRAM	normal	$47D0	VRAM_ACC9D1	$88BDD6
asset_88BDB1	$88BDB1	VRAM	normal	$5000	VRAM_A18681	$88BDDB
asset_88BDB1	$88BDB1	VRAM	normal	$7000	VRAM_98EDB5	$88BDE0
asset_88BDB1	$88BDB1	VRAM	normal	$7200	VRAM_98F027	$88BDE5
asset_88BDB1	$88BDB1	VRAM	normal	$7800	VRAM_AAB006	$88BDEA
asset_88BDB1	$88BDB1	VRAM	normal	$7800	VRAM_B1F793	$88BDEF
asset_88BDF5	$88BDF5	WRAM	normal	$7FC000	FILE_ACFB66	$88BDF7
asset_88BDF5	$88BDF5	WRAM	normal	$7FA000	FILE_ADCB2E|$400000	$88BDFD
asset_88BDF5	$88BDF5	WRAM	normal	$7FA001	FILE_ADCD18|$400000	$88BE03
asset_88BDF5	$88BDF5	WRAM	normal	$7FF000	FILE_AE8000	$88BE09
asset_88BDF5	$88BDF5	WRAM	normal	$7FD000	FILE_ADCF0C|$400000	$88BE0F
asset_88BDF5	$88BDF5	WRAM	normal	$7FD001	FILE_ADD21F|$400000	$88BE15
asset_88BDF5	$88BDF5	WRAM	normal	$7F7000	FILE_ADD5AB	$88BE1B
asset_88BE23	$88BE23	VRAM	normal	$2000	VRAM_AC8580	$88BE25
asset_88BE23	$88BE23	VRAM	normal	$2D70	VRAM_AC9AB7	$88BE2A
asset_88BE23	$88BE23	VRAM	normal	$3000	VRAM_AC9E39	$88BE2F
asset_88BE23	$88BE23	VRAM	normal	$31F0	VRAM_ACA0B2	$88BE34
asset_88BE23	$88BE23	VRAM	normal	$3CD0	VRAM_ACB150	$88BE39
asset_88BE23	$88BE23	VRAM	normal	$4000	VRAM_ACB64A	$88BE3E
asset_88BE23	$88BE23	VRAM	normal	$43E0	VRAM_ACBC06	$88BE43
asset_88BE23	$88BE23	VRAM	normal	$47D0	VRAM_ACC9D1	$88BE48
asset_88BE23	$88BE23	VRAM	normal	$5000	VRAM_A18681	$88BE4D
asset_88BE23	$88BE23	VRAM	normal	$7000	VRAM_98EDB5	$88BE52
asset_88BE23	$88BE23	VRAM	normal	$7200	VRAM_98F027	$88BE57
asset_88BE23	$88BE23	VRAM	normal	$7800	VRAM_AAB006	$88BE5C
asset_88BE62	$88BE62	WRAM	normal	$7FC000	FILE_AEFDEB	$88BE64
asset_88BE62	$88BE62	WRAM	normal	$7FA000	FILE_ADD649|$400000	$88BE6A
asset_88BE62	$88BE62	WRAM	normal	$7FA001	FILE_ADDF68|$400000	$88BE70
asset_88BE62	$88BE62	WRAM	normal	$7FF000	FILE_ADE4C9	$88BE76
asset_88BE62	$88BE62	WRAM	normal	$7FD000	FILE_ADE866|$400000	$88BE7C
asset_88BE62	$88BE62	WRAM	normal	$7FD001	FILE_ADF2DA|$400000	$88BE82
asset_88BE62	$88BE62	WRAM	normal	$7F7000	FILE_ADF92D	$88BE88
asset_88BE90	$88BE90	WRAM	normal	$7FC000	FILE_B2F8A4	$88BE92
asset_88BE90	$88BE90	WRAM	normal	$7FA000	FILE_ADD649|$400000	$88BE98
asset_88BE90	$88BE90	WRAM	normal	$7FA001	FILE_ADDF68|$400000	$88BE9E
asset_88BE90	$88BE90	WRAM	normal	$7FF000	FILE_B28031	$88BEA4
asset_88BE90	$88BE90	WRAM	normal	$7FD000	FILE_B283C2|$400000	$88BEAA
asset_88BE90	$88BE90	WRAM	normal	$7FD001	FILE_B28CF1|$400000	$88BEB0
asset_88BE90	$88BE90	WRAM	normal	$7F7000	FILE_B29247	$88BEB6
asset_88BEBE	$88BEBE	VRAM	normal	$2000	VRAM_AC8580	$88BEC0
asset_88BEBE	$88BEBE	VRAM	normal	$2D70	VRAM_AC9AB7	$88BEC5
asset_88BEBE	$88BEBE	VRAM	normal	$3000	VRAM_AC9E39	$88BECA
asset_88BEBE	$88BEBE	VRAM	normal	$31F0	VRAM_ACA0B2	$88BECF
asset_88BEBE	$88BEBE	VRAM	normal	$3CD0	VRAM_ACB150	$88BED4
asset_88BEBE	$88BEBE	VRAM	normal	$4000	VRAM_ACB64A	$88BED9
asset_88BEBE	$88BEBE	VRAM	normal	$43E0	VRAM_ACBC06	$88BEDE
asset_88BEBE	$88BEBE	VRAM	normal	$4640	VRAM_ACDD6A	$88BEE3
asset_88BEBE	$88BEBE	VRAM	normal	$5000	VRAM_A18681	$88BEE8
asset_88BEBE	$88BEBE	VRAM	normal	$7800	VRAM_B2F6BA	$88BEED
asset_88BEBE	$88BEBE	VRAM	normal	$7C00	VRAM_B1DC84	$88BEF2
asset_88BEBE	$88BEBE	VRAM	normal	$7E00	VRAM_B1E019	$88BEF7
asset_88BEBE	$88BEBE	VRAM	normal	$7000	VRAM_B3ED38	$88BEFC
asset_88BF02	$88BF02	WRAM	normal	$7FC000	FILE_B297C5	$88BF04
asset_88BF02	$88BF02	WRAM	normal	$7FA000	FILE_ADD649|$400000	$88BF0A
asset_88BF02	$88BF02	WRAM	normal	$7FA001	FILE_ADDF68|$400000	$88BF10
asset_88BF02	$88BF02	WRAM	normal	$7FF000	FILE_B297F8	$88BF16
asset_88BF02	$88BF02	WRAM	normal	$7FD000	FILE_ADE866|$400000	$88BF1C
asset_88BF02	$88BF02	WRAM	normal	$7FD001	FILE_ADF2DA|$400000	$88BF22
asset_88BF02	$88BF02	WRAM	normal	$7F7000	FILE_B298B4	$88BF28
asset_88BF30	$88BF30	WRAM	normal	$7FC000	FILE_B299AF	$88BF32
asset_88BF30	$88BF30	WRAM	normal	$7FA000	FILE_ADD649|$400000	$88BF38
asset_88BF30	$88BF30	WRAM	normal	$7FA001	FILE_ADDF68|$400000	$88BF3E
asset_88BF30	$88BF30	WRAM	normal	$7FF000	FILE_B2FE4A	$88BF44
asset_88BF30	$88BF30	WRAM	normal	$7FD000	FILE_B283C2|$400000	$88BF4A
asset_88BF30	$88BF30	WRAM	normal	$7FD001	FILE_B28CF1|$400000	$88BF50
asset_88BF30	$88BF30	WRAM	normal	$7F7000	FILE_B299E2	$88BF56
asset_88BF5E	$88BF5E	VRAM	normal	$2000	VRAM_AC8580	$88BF60
asset_88BF5E	$88BF5E	VRAM	normal	$2D70	VRAM_AC9AB7	$88BF65
asset_88BF5E	$88BF5E	VRAM	normal	$3000	VRAM_AC9E39	$88BF6A
asset_88BF5E	$88BF5E	VRAM	normal	$31F0	VRAM_ACA0B2	$88BF6F
asset_88BF5E	$88BF5E	VRAM	normal	$3CD0	VRAM_ACB150	$88BF74
asset_88BF5E	$88BF5E	VRAM	normal	$4000	VRAM_ACB64A	$88BF79
asset_88BF5E	$88BF5E	VRAM	normal	$43E0	VRAM_ACBC06	$88BF7E
asset_88BF5E	$88BF5E	VRAM	normal	$4640	VRAM_ACDD6A	$88BF83
asset_88BF5E	$88BF5E	VRAM	normal	$5000	VRAM_A18681	$88BF88
asset_88BF5E	$88BF5E	VRAM	normal	$7000	VRAM_AACF09	$88BF8D
asset_88BF5E	$88BF5E	VRAM	normal	$7400	VRAM_AADCA5	$88BF92
asset_88BF5E	$88BF5E	VRAM	normal	$7800	VRAM_AAB006	$88BF97
asset_88BF9D	$88BF9D	WRAM	normal	$7FC000	FILE_B29AC3	$88BF9F
asset_88BF9D	$88BF9D	WRAM	normal	$7FA000	FILE_B29B35|$400000	$88BFA5
asset_88BF9D	$88BF9D	WRAM	normal	$7FA001	FILE_B29C19|$400000	$88BFAB
asset_88BF9D	$88BF9D	WRAM	normal	$7FF000	FILE_B29CC7	$88BFB1
asset_88BF9D	$88BF9D	WRAM	normal	$7FD000	FILE_B29D73|$400000	$88BFB7
asset_88BF9D	$88BF9D	WRAM	normal	$7FD001	FILE_B2A150|$400000	$88BFBD
asset_88BF9D	$88BF9D	WRAM	normal	$7F7000	FILE_B2A3A1	$88BFC3
asset_88BFCB	$88BFCB	WRAM	normal	$7FC000	FILE_B2FDD1	$88BFCD
asset_88BFCB	$88BFCB	WRAM	normal	$7FA000	FILE_B29B35|$400000	$88BFD3
asset_88BFCB	$88BFCB	WRAM	normal	$7FA001	FILE_B29C19|$400000	$88BFD9
asset_88BFCB	$88BFCB	WRAM	normal	$7FF000	FILE_B2A4C8	$88BFDF
asset_88BFCB	$88BFCB	WRAM	normal	$7FD000	FILE_B29D73|$400000	$88BFE5
asset_88BFCB	$88BFCB	WRAM	normal	$7FD001	FILE_B2A150|$400000	$88BFEB
asset_88BFCB	$88BFCB	WRAM	normal	$7F7000	FILE_B2A566	$88BFF1
asset_88BFF9	$88BFF9	VRAM	normal	$2000	VRAM_AC8580	$88BFFB
asset_88BFF9	$88BFF9	VRAM	normal	$2D70	VRAM_AC9AB7	$88C000
asset_88BFF9	$88BFF9	VRAM	normal	$3000	VRAM_AC9E39	$88C005
asset_88BFF9	$88BFF9	VRAM	normal	$31F0	VRAM_ACA0B2	$88C00A
asset_88BFF9	$88BFF9	VRAM	normal	$3CD0	VRAM_ACB150	$88C00F
asset_88BFF9	$88BFF9	VRAM	normal	$4000	VRAM_ACB64A	$88C014
asset_88BFF9	$88BFF9	VRAM	normal	$43E0	VRAM_ACBC06	$88C019
asset_88BFF9	$88BFF9	VRAM	normal	$4640	VRAM_ACDD6A	$88C01E
asset_88BFF9	$88BFF9	VRAM	normal	$5000	VRAM_A18681	$88C023
asset_88BFF9	$88BFF9	VRAM	normal	$7000	VRAM_B2F493	$88C028
asset_88BFF9	$88BFF9	VRAM	normal	$7800	VRAM_B1E3B7	$88C02D
asset_88BFF9	$88BFF9	VRAM	normal	$7C00	VRAM_B1DC84	$88C032
asset_88C038	$88C038	WRAM	normal	$7FC000	FILE_B2A665	$88C03A
asset_88C038	$88C038	WRAM	normal	$7FA000	FILE_B2A688|$400000	$88C040
asset_88C038	$88C038	WRAM	normal	$7FA001	FILE_B2A75B|$400000	$88C046
asset_88C038	$88C038	WRAM	normal	$7FF000	FILE_B2A80F	$88C04C
asset_88C038	$88C038	WRAM	normal	$7FD000	FILE_B2A833|$400000	$88C052
asset_88C038	$88C038	WRAM	normal	$7FD001	FILE_B2A8FD|$400000	$88C058
asset_88C038	$88C038	WRAM	normal	$7F7000	FILE_AAEE87	$88C05E
asset_88C066	$88C066	VRAM	normal	$2000	VRAM_AC8580	$88C068
asset_88C066	$88C066	VRAM	normal	$2D70	VRAM_AC9AB7	$88C06D
asset_88C066	$88C066	VRAM	normal	$3000	VRAM_AC9E39	$88C072
asset_88C066	$88C066	VRAM	normal	$31F0	VRAM_ACA0B2	$88C077
asset_88C066	$88C066	VRAM	normal	$3CD0	VRAM_ACB150	$88C07C
asset_88C066	$88C066	VRAM	normal	$4000	VRAM_ACB64A	$88C081
asset_88C066	$88C066	VRAM	normal	$43E0	VRAM_ACBC06	$88C086
asset_88C066	$88C066	VRAM	normal	$47A0	VRAM_ABDB61	$88C08B
asset_88C066	$88C066	VRAM	normal	$5000	VRAM_A18681	$88C090
asset_88C066	$88C066	VRAM	normal	$7000	VRAM_AACF09	$88C095
asset_88C066	$88C066	VRAM	normal	$7400	VRAM_AADCA5	$88C09A
asset_88C066	$88C066	VRAM	normal	$7800	VRAM_AAB006	$88C09F
asset_88C0A5	$88C0A5	WRAM	normal	$7FC000	FILE_B2A985	$88C0A7
asset_88C0A5	$88C0A5	WRAM	normal	$7FA000	FILE_B2A99D|$400000	$88C0AD
asset_88C0A5	$88C0A5	WRAM	normal	$7FA001	FILE_B2AA23|$400000	$88C0B3
asset_88C0A5	$88C0A5	WRAM	normal	$7FF000	FILE_B2AA7F	$88C0B9
asset_88C0A5	$88C0A5	WRAM	normal	$7FD000	FILE_B2AAB0|$400000	$88C0BF
asset_88C0A5	$88C0A5	WRAM	normal	$7FD001	FILE_B2AB63|$400000	$88C0C5
asset_88C0A5	$88C0A5	WRAM	normal	$7F7000	FILE_B2ABDC	$88C0CB
asset_88C0D3	$88C0D3	VRAM	normal	$2000	VRAM_AC8580	$88C0D5
asset_88C0D3	$88C0D3	VRAM	normal	$2D70	VRAM_AC9AB7	$88C0DA
asset_88C0D3	$88C0D3	VRAM	normal	$3000	VRAM_AC9E39	$88C0DF
asset_88C0D3	$88C0D3	VRAM	normal	$31F0	VRAM_ACA0B2	$88C0E4
asset_88C0D3	$88C0D3	VRAM	normal	$3CD0	VRAM_ACB150	$88C0E9
asset_88C0D3	$88C0D3	VRAM	normal	$4000	VRAM_ACB64A	$88C0EE
asset_88C0D3	$88C0D3	VRAM	normal	$43E0	VRAM_ACBC06	$88C0F3
asset_88C0D3	$88C0D3	VRAM	normal	$47A0	VRAM_ACE635	$88C0F8
asset_88C0D3	$88C0D3	VRAM	normal	$5000	VRAM_A18681	$88C0FD
asset_88C0D3	$88C0D3	VRAM	normal	$7000	VRAM_AACF09	$88C102
asset_88C0D3	$88C0D3	VRAM	normal	$7400	VRAM_AADCA5	$88C107
asset_88C0D3	$88C0D3	VRAM	normal	$7800	VRAM_AAB006	$88C10C
asset_88C0D3	$88C0D3	VRAM	normal	$7C00	VRAM_B2F493	$88C111
asset_88C117	$88C117	WRAM	normal	$7FC000	FILE_B2AC18	$88C119
asset_88C117	$88C117	WRAM	normal	$7FA000	FILE_ADD649|$400000	$88C11F
asset_88C117	$88C117	WRAM	normal	$7FA001	FILE_ADDF68|$400000	$88C125
asset_88C117	$88C117	WRAM	normal	$7FF000	FILE_B2AC7B	$88C12B
asset_88C117	$88C117	WRAM	normal	$7FD000	FILE_ADE866|$400000	$88C131
asset_88C117	$88C117	WRAM	normal	$7FD001	FILE_ADF2DA|$400000	$88C137
asset_88C117	$88C117	WRAM	normal	$7F7000	FILE_B1FAC2	$88C13D
asset_88C145	$88C145	WRAM	normal	$7FC000	FILE_B2ADD3	$88C147
asset_88C145	$88C145	WRAM	normal	$7FA000	FILE_ADD649|$400000	$88C14D
asset_88C145	$88C145	WRAM	normal	$7FA001	FILE_ADDF68|$400000	$88C153
asset_88C145	$88C145	WRAM	normal	$7FF000	FILE_B2AE31	$88C159
asset_88C145	$88C145	WRAM	normal	$7FD000	FILE_B283C2|$400000	$88C15F
asset_88C145	$88C145	WRAM	normal	$7FD001	FILE_B28CF1|$400000	$88C165
asset_88C145	$88C145	WRAM	normal	$7F7000	FILE_B2AF90	$88C16B
asset_88C173	$88C173	VRAM	normal	$2000	VRAM_AC8580	$88C175
asset_88C173	$88C173	VRAM	normal	$2D70	VRAM_AC9AB7	$88C17A
asset_88C173	$88C173	VRAM	normal	$3000	VRAM_AC9E39	$88C17F
asset_88C173	$88C173	VRAM	normal	$31F0	VRAM_ACA0B2	$88C184
asset_88C173	$88C173	VRAM	normal	$3CD0	VRAM_ACB150	$88C189
asset_88C173	$88C173	VRAM	normal	$4000	VRAM_ACB64A	$88C18E
asset_88C173	$88C173	VRAM	normal	$43E0	VRAM_ACBC06	$88C193
asset_88C173	$88C173	VRAM	normal	$4640	VRAM_ACDD6A	$88C198
asset_88C173	$88C173	VRAM	normal	$5000	VRAM_A18681	$88C19D
asset_88C173	$88C173	VRAM	normal	$7000	VRAM_AACF09	$88C1A2
asset_88C173	$88C173	VRAM	normal	$7400	VRAM_AADA36	$88C1A7
asset_88C173	$88C173	VRAM	normal	$7600	VRAM_98F027	$88C1AC
asset_88C1B2	$88C1B2	WRAM	normal	$7FC000	FILE_B2B15A	$88C1B4
asset_88C1B2	$88C1B2	WRAM	normal	$7FA000	FILE_AEF067|$400000	$88C1BA
asset_88C1B2	$88C1B2	WRAM	normal	$7FA001	FILE_AEF36F|$400000	$88C1C0
asset_88C1B2	$88C1B2	WRAM	normal	$7FF000	FILE_B2B20D	$88C1C6
asset_88C1B2	$88C1B2	WRAM	normal	$7FD000	FILE_B2B29E|$400000	$88C1CC
asset_88C1B2	$88C1B2	WRAM	normal	$7FD001	FILE_B2B3F2|$400000	$88C1D2
asset_88C1B2	$88C1B2	WRAM	normal	$7F7000	FILE_B2B4D2	$88C1D8
asset_88C1E0	$88C1E0	WRAM	normal	$7FC000	FILE_B2B574	$88C1E2
asset_88C1E0	$88C1E0	WRAM	normal	$7FA000	FILE_AEF067|$400000	$88C1E8
asset_88C1E0	$88C1E0	WRAM	normal	$7FA001	FILE_AEF36F|$400000	$88C1EE
asset_88C1E0	$88C1E0	WRAM	normal	$7FF000	FILE_B2B5FD	$88C1F4
asset_88C1E0	$88C1E0	WRAM	normal	$7FD000	FILE_B2B29E|$400000	$88C1FA
asset_88C1E0	$88C1E0	WRAM	normal	$7FD001	FILE_B2B3F2|$400000	$88C200
asset_88C1E0	$88C1E0	WRAM	normal	$7F7000	FILE_B2B697	$88C206
asset_88C20E	$88C20E	VRAM	normal	$2000	VRAM_AC8580	$88C210
asset_88C20E	$88C20E	VRAM	normal	$2D70	VRAM_AC9AB7	$88C215
asset_88C20E	$88C20E	VRAM	normal	$3000	VRAM_AC9E39	$88C21A
asset_88C20E	$88C20E	VRAM	normal	$31F0	VRAM_ACA0B2	$88C21F
asset_88C20E	$88C20E	VRAM	normal	$3CD0	VRAM_ACB150	$88C224
asset_88C20E	$88C20E	VRAM	normal	$3CD0	VRAM_ACB150	$88C229
asset_88C20E	$88C20E	VRAM	normal	$4000	VRAM_ACB64A	$88C22E
asset_88C20E	$88C20E	VRAM	normal	$43E0	VRAM_ACBC06	$88C233
asset_88C20E	$88C20E	VRAM	normal	$47A0	VRAM_ACE9B9	$88C238
asset_88C20E	$88C20E	VRAM	normal	$5000	VRAM_A18681	$88C23D
asset_88C20E	$88C20E	VRAM	normal	$7000	VRAM_B48000	$88C242
asset_88C20E	$88C20E	VRAM	normal	$7800	VRAM_B1EFEC	$88C247
asset_88C24D	$88C24D	VRAM	normal	$2000	VRAM_AC8580	$88C24F
asset_88C24D	$88C24D	VRAM	normal	$2D70	VRAM_AC9AB7	$88C254
asset_88C24D	$88C24D	VRAM	normal	$3000	VRAM_AC9E39	$88C259
asset_88C24D	$88C24D	VRAM	normal	$31F0	VRAM_ACC281	$88C25E
asset_88C24D	$88C24D	VRAM	normal	$3CD0	VRAM_ACB150	$88C263
asset_88C24D	$88C24D	VRAM	normal	$4000	VRAM_ACB64A	$88C268
asset_88C24D	$88C24D	VRAM	normal	$43E0	VRAM_ACBC06	$88C26D
asset_88C24D	$88C24D	VRAM	normal	$47A0	VRAM_ACEC40	$88C272
asset_88C24D	$88C24D	VRAM	normal	$5000	VRAM_A18681	$88C277
asset_88C24D	$88C24D	VRAM	normal	$7000	VRAM_98F027	$88C27C
asset_88C24D	$88C24D	VRAM	normal	$7800	VRAM_B1EFEC	$88C281
asset_88C287	$88C287	WRAM	normal	$7FC000	FILE_B2B7DC	$88C289
asset_88C287	$88C287	WRAM	normal	$7FA000	FILE_B2B841|$400000	$88C28F
asset_88C287	$88C287	WRAM	normal	$7FA001	FILE_B2BA86|$400000	$88C295
asset_88C287	$88C287	WRAM	normal	$7FF000	FILE_B2BC09	$88C29B
asset_88C287	$88C287	WRAM	normal	$7FD000	FILE_96D83C|$400000	$88C2A1
asset_88C287	$88C287	WRAM	normal	$7FD001	FILE_96DA1A|$400000	$88C2A7
asset_88C287	$88C287	WRAM	normal	$7F7000	FILE_B2BD73	$88C2AD
asset_88C2B5	$88C2B5	VRAM	normal	$2000	VRAM_AC8580	$88C2B7
asset_88C2B5	$88C2B5	VRAM	normal	$2D70	VRAM_AC9AB7	$88C2BC
asset_88C2B5	$88C2B5	VRAM	normal	$3000	VRAM_AC9E39	$88C2C1
asset_88C2B5	$88C2B5	VRAM	normal	$31F0	VRAM_ACA0B2	$88C2C6
asset_88C2B5	$88C2B5	VRAM	normal	$3CD0	VRAM_ACB150	$88C2CB
asset_88C2B5	$88C2B5	VRAM	normal	$4000	VRAM_ACB64A	$88C2D0
asset_88C2B5	$88C2B5	VRAM	normal	$43E0	VRAM_ACBC06	$88C2D5
asset_88C2B5	$88C2B5	VRAM	normal	$4670	VRAM_ACF1E6	$88C2DA
asset_88C2B5	$88C2B5	VRAM	normal	$5000	VRAM_A18681	$88C2DF
asset_88C2B5	$88C2B5	VRAM	normal	$7C00	VRAM_B1DC84	$88C2E4
asset_88C2B5	$88C2B5	VRAM	normal	$7E00	VRAM_B1E019	$88C2E9
asset_88C2B5	$88C2B5	VRAM	normal	$7000	VRAM_B3ED38	$88C2EE
asset_88C2B5	$88C2B5	VRAM	normal	$7800	VRAM_B3E738	$88C2F3
asset_88C2F9	$88C2F9	WRAM	normal	$7FC000	FILE_B2BEE5	$88C2FB
asset_88C2F9	$88C2F9	WRAM	normal	$7FA000	FILE_ADD649|$400000	$88C301
asset_88C2F9	$88C2F9	WRAM	normal	$7FA001	FILE_ADDF68|$400000	$88C307
asset_88C2F9	$88C2F9	WRAM	normal	$7FF000	FILE_B2BF1B	$88C30D
asset_88C2F9	$88C2F9	WRAM	normal	$7FD000	FILE_ADE866|$400000	$88C313
asset_88C2F9	$88C2F9	WRAM	normal	$7FD001	FILE_ADF2DA|$400000	$88C319
asset_88C2F9	$88C2F9	WRAM	normal	$7F7000	FILE_B2BF4F	$88C31F
asset_88C327	$88C327	VRAM	normal	$2000	VRAM_AC8580	$88C329
asset_88C327	$88C327	VRAM	normal	$2D70	VRAM_AC9AB7	$88C32E
asset_88C327	$88C327	VRAM	normal	$3000	VRAM_AC9E39	$88C333
asset_88C327	$88C327	VRAM	normal	$31F0	VRAM_ACA0B2	$88C338
asset_88C327	$88C327	VRAM	normal	$3CD0	VRAM_ACB150	$88C33D
asset_88C327	$88C327	VRAM	normal	$4000	VRAM_ACB64A	$88C342
asset_88C327	$88C327	VRAM	normal	$43E0	VRAM_ACBC06	$88C347
asset_88C327	$88C327	VRAM	normal	$4640	VRAM_ACDD6A	$88C34C
asset_88C327	$88C327	VRAM	normal	$5000	VRAM_A18681	$88C351
asset_88C327	$88C327	VRAM	normal	$7000	VRAM_98EDB5	$88C356
asset_88C327	$88C327	VRAM	normal	$7200	VRAM_98F027	$88C35B
asset_88C327	$88C327	VRAM	normal	$7400	VRAM_B1F32D	$88C360
asset_88C366	$88C366	WRAM	normal	$7FC000	FILE_B2BF96	$88C368
asset_88C366	$88C366	WRAM	normal	$7FA000	FILE_ADD649|$400000	$88C36E
asset_88C366	$88C366	WRAM	normal	$7FA001	FILE_ADDF68|$400000	$88C374
asset_88C366	$88C366	WRAM	normal	$7FF000	FILE_B2BFC5	$88C37A
asset_88C366	$88C366	WRAM	normal	$7FD000	FILE_ADE866|$400000	$88C380
asset_88C366	$88C366	WRAM	normal	$7FD001	FILE_ADF2DA|$400000	$88C386
asset_88C366	$88C366	WRAM	normal	$7F7000	FILE_B2BFDC	$88C38C
asset_88C394	$88C394	WRAM	normal	$7FC000	FILE_B2C027	$88C396
asset_88C394	$88C394	WRAM	normal	$7FA000	FILE_ADD649|$400000	$88C39C
asset_88C394	$88C394	WRAM	normal	$7FA001	FILE_ADDF68|$400000	$88C3A2
asset_88C394	$88C394	WRAM	normal	$7FF000	FILE_B2C05B	$88C3A8
asset_88C394	$88C394	WRAM	normal	$7FD000	FILE_B283C2|$400000	$88C3AE
asset_88C394	$88C394	WRAM	normal	$7FD001	FILE_B28CF1|$400000	$88C3B4
asset_88C394	$88C394	WRAM	normal	$7F7000	FILE_B2C0AA	$88C3BA
asset_88C3C2	$88C3C2	VRAM	normal	$2000	VRAM_AC8580	$88C3C4
asset_88C3C2	$88C3C2	VRAM	normal	$2D70	VRAM_AC9AB7	$88C3C9
asset_88C3C2	$88C3C2	VRAM	normal	$3000	VRAM_AC9E39	$88C3CE
asset_88C3C2	$88C3C2	VRAM	normal	$31F0	VRAM_ACA0B2	$88C3D3
asset_88C3C2	$88C3C2	VRAM	normal	$3CD0	VRAM_ACB150	$88C3D8
asset_88C3C2	$88C3C2	VRAM	normal	$4000	VRAM_ACB64A	$88C3DD
asset_88C3C2	$88C3C2	VRAM	normal	$43E0	VRAM_ACBC06	$88C3E2
asset_88C3C2	$88C3C2	VRAM	normal	$4640	VRAM_ACDD6A	$88C3E7
asset_88C3C2	$88C3C2	VRAM	normal	$5000	VRAM_A18681	$88C3EC
asset_88C3C2	$88C3C2	VRAM	normal	$7000	VRAM_98F027	$88C3F1
asset_88C3F7	$88C3F7	WRAM	normal	$7FC000	FILE_B2C100	$88C3F9
asset_88C3F7	$88C3F7	WRAM	normal	$7FA000	FILE_B2C2FA|$400000	$88C3FF
asset_88C3F7	$88C3F7	WRAM	normal	$7FA001	FILE_B2CAE3|$400000	$88C405
asset_88C3F7	$88C3F7	WRAM	normal	$7FF000	FILE_AEF55D	$88C40B
asset_88C3F7	$88C3F7	WRAM	normal	$7FD000	FILE_BECED6|$400000	$88C411
asset_88C3F7	$88C3F7	WRAM	normal	$7FD001	FILE_BED476|$400000	$88C417
asset_88C3F7	$88C3F7	WRAM	normal	$7F7000	FILE_B2CF1C	$88C41D
asset_88C425	$88C425	WRAM	normal	$7FC000	FILE_B2D2AF	$88C427
asset_88C425	$88C425	WRAM	normal	$7FA000	FILE_B2C2FA|$400000	$88C42D
asset_88C425	$88C425	WRAM	normal	$7FA001	FILE_B2CAE3|$400000	$88C433
asset_88C425	$88C425	WRAM	normal	$7FF000	FILE_B2D2DC	$88C439
asset_88C425	$88C425	WRAM	normal	$7FD000	FILE_BECED6|$400000	$88C43F
asset_88C425	$88C425	WRAM	normal	$7FD001	FILE_BED476|$400000	$88C445
asset_88C425	$88C425	WRAM	normal	$7F7000	FILE_B2D33C	$88C44B
asset_88C453	$88C453	VRAM	normal	$2000	VRAM_AC8580	$88C455
asset_88C453	$88C453	VRAM	normal	$2D70	VRAM_AC9AB7	$88C45A
asset_88C453	$88C453	VRAM	normal	$3000	VRAM_AC9E39	$88C45F
asset_88C453	$88C453	VRAM	normal	$31F0	VRAM_ACA0B2	$88C464
asset_88C453	$88C453	VRAM	normal	$3CD0	VRAM_ACB150	$88C469
asset_88C453	$88C453	VRAM	normal	$4000	VRAM_ACB64A	$88C46E
asset_88C453	$88C453	VRAM	normal	$43E0	VRAM_B380A6	$88C473
asset_88C453	$88C453	VRAM	normal	$4C00	VRAM_AAF908	$88C478
asset_88C453	$88C453	VRAM	normal	$5000	VRAM_AAFB7C	$88C47D
asset_88C453	$88C453	VRAM	normal	$7000	VRAM_B48000	$88C482
asset_88C453	$88C453	VRAM	normal	$7600	VRAM_B1E019	$88C487
asset_88C453	$88C453	VRAM	normal	$7800	VRAM_B1E3B7	$88C48C
asset_88C492	$88C492	VRAM	normal	$2000	VRAM_AC8580	$88C494
asset_88C492	$88C492	VRAM	normal	$2D70	VRAM_AC9AB7	$88C499
asset_88C492	$88C492	VRAM	normal	$3000	VRAM_AC9E39	$88C49E
asset_88C492	$88C492	VRAM	normal	$31F0	VRAM_ACA0B2	$88C4A3
asset_88C492	$88C492	VRAM	normal	$3CD0	VRAM_ACB150	$88C4A8
asset_88C492	$88C492	VRAM	normal	$4000	VRAM_ACB64A	$88C4AD
asset_88C492	$88C492	VRAM	normal	$43E0	VRAM_B380A6	$88C4B2
asset_88C492	$88C492	VRAM	normal	$5000	VRAM_A18681	$88C4B7
asset_88C492	$88C492	VRAM	normal	$7000	VRAM_98F027	$88C4BC
asset_88C4C2	$88C4C2	WRAM	normal	$7FC000	FILE_B2D3C0	$88C4C4
asset_88C4C2	$88C4C2	WRAM	normal	$7FA000	FILE_B2C2FA|$400000	$88C4CA
asset_88C4C2	$88C4C2	WRAM	normal	$7FA001	FILE_B2CAE3|$400000	$88C4D0
asset_88C4C2	$88C4C2	WRAM	normal	$7FF000	FILE_B2D3E4	$88C4D6
asset_88C4C2	$88C4C2	WRAM	normal	$7FD000	FILE_BECED6|$400000	$88C4DC
asset_88C4C2	$88C4C2	WRAM	normal	$7FD001	FILE_BED476|$400000	$88C4E2
asset_88C4C2	$88C4C2	WRAM	normal	$7F7000	FILE_B2D3FA	$88C4E8
asset_88C4F0	$88C4F0	VRAM	normal	$2000	VRAM_AC8580	$88C4F2
asset_88C4F0	$88C4F0	VRAM	normal	$2D70	VRAM_AC9AB7	$88C4F7
asset_88C4F0	$88C4F0	VRAM	normal	$3000	VRAM_AC9E39	$88C4FC
asset_88C4F0	$88C4F0	VRAM	normal	$31F0	VRAM_ACA0B2	$88C501
asset_88C4F0	$88C4F0	VRAM	normal	$3CD0	VRAM_ACB150	$88C506
asset_88C4F0	$88C4F0	VRAM	normal	$4000	VRAM_ACB64A	$88C50B
asset_88C4F0	$88C4F0	VRAM	normal	$43E0	VRAM_B380A6	$88C510
asset_88C4F0	$88C4F0	VRAM	normal	$5000	VRAM_A18681	$88C515
asset_88C4F0	$88C4F0	VRAM	normal	$7000	VRAM_B1F32D	$88C51A
asset_88C4F0	$88C4F0	VRAM	normal	$7800	VRAM_AAB006	$88C51F
asset_88C525	$88C525	WRAM	normal	$7FC000	FILE_B2D425	$88C527
asset_88C525	$88C525	WRAM	normal	$7FA000	FILE_ADD649|$400000	$88C52D
asset_88C525	$88C525	WRAM	normal	$7FA001	FILE_ADDF68|$400000	$88C533
asset_88C525	$88C525	WRAM	normal	$7FF000	FILE_B2D47C	$88C539
asset_88C525	$88C525	WRAM	normal	$7FD000	FILE_B2D4CF|$400000	$88C53F
asset_88C525	$88C525	WRAM	normal	$7FD001	FILE_B2D73D|$400000	$88C545
asset_88C525	$88C525	WRAM	normal	$7F7000	FILE_9EFECC	$88C54B
asset_88C553	$88C553	VRAM	normal	$2000	VRAM_AC8580	$88C555
asset_88C553	$88C553	VRAM	normal	$2D70	VRAM_AC9AB7	$88C55A
asset_88C553	$88C553	VRAM	normal	$3000	VRAM_AC9E39	$88C55F
asset_88C553	$88C553	VRAM	normal	$31F0	VRAM_ACA0B2	$88C564
asset_88C553	$88C553	VRAM	normal	$3CD0	VRAM_ACB150	$88C569
asset_88C553	$88C553	VRAM	normal	$4000	VRAM_ACB64A	$88C56E
asset_88C553	$88C553	VRAM	normal	$43E0	VRAM_B38A36	$88C573
asset_88C553	$88C553	VRAM	normal	$5000	VRAM_A18681	$88C578
asset_88C553	$88C553	VRAM	normal	$7800	VRAM_B1E3B7	$88C57D
asset_88C553	$88C553	VRAM	normal	$7C00	VRAM_B2F6BA	$88C582
asset_88C588	$88C588	WRAM	normal	$7FC000	FILE_B2D89C	$88C58A
asset_88C588	$88C588	WRAM	normal	$7FA000	FILE_ADD649|$400000	$88C590
asset_88C588	$88C588	WRAM	normal	$7FA001	FILE_ADDF68|$400000	$88C596
asset_88C588	$88C588	WRAM	normal	$7FF000	FILE_B2D90A	$88C59C
asset_88C588	$88C588	WRAM	normal	$7FD000	FILE_B2D4CF|$400000	$88C5A2
asset_88C588	$88C588	WRAM	normal	$7FD001	FILE_B2D73D|$400000	$88C5A8
asset_88C588	$88C588	WRAM	normal	$7F7000	FILE_B2D962	$88C5AE
asset_88C5B6	$88C5B6	VRAM	normal	$2000	VRAM_AC8580	$88C5B8
asset_88C5B6	$88C5B6	VRAM	normal	$2D70	VRAM_AC9AB7	$88C5BD
asset_88C5B6	$88C5B6	VRAM	normal	$3000	VRAM_AC9E39	$88C5C2
asset_88C5B6	$88C5B6	VRAM	normal	$31F0	VRAM_ACA0B2	$88C5C7
asset_88C5B6	$88C5B6	VRAM	normal	$3CD0	VRAM_ACB150	$88C5CC
asset_88C5B6	$88C5B6	VRAM	normal	$4000	VRAM_ACB64A	$88C5D1
asset_88C5B6	$88C5B6	VRAM	normal	$43E0	VRAM_B38A36	$88C5D6
asset_88C5B6	$88C5B6	VRAM	normal	$5000	VRAM_A18681	$88C5DB
asset_88C5B6	$88C5B6	VRAM	normal	$7000	VRAM_98EDB5	$88C5E0
asset_88C5B6	$88C5B6	VRAM	normal	$7200	VRAM_98F027	$88C5E5
asset_88C5EB	$88C5EB	WRAM	normal	$7FC000	FILE_B38000	$88C5ED
asset_88C5EB	$88C5EB	WRAM	normal	$7FA000	FILE_ADD649|$400000	$88C5F3
asset_88C5EB	$88C5EB	WRAM	normal	$7FA001	FILE_ADDF68|$400000	$88C5F9
asset_88C5EB	$88C5EB	WRAM	normal	$7FF000	FILE_B2D9E8	$88C5FF
asset_88C5EB	$88C5EB	WRAM	normal	$7FD000	FILE_B2D4CF|$400000	$88C605
asset_88C5EB	$88C5EB	WRAM	normal	$7FD001	FILE_B2D73D|$400000	$88C60B
asset_88C5EB	$88C5EB	WRAM	normal	$7F7000	FILE_B2DA66	$88C611
asset_88C619	$88C619	VRAM	normal	$2000	VRAM_AC8580	$88C61B
asset_88C619	$88C619	VRAM	normal	$2D70	VRAM_AC9AB7	$88C620
asset_88C619	$88C619	VRAM	normal	$3000	VRAM_AC9E39	$88C625
asset_88C619	$88C619	VRAM	normal	$31F0	VRAM_ACA0B2	$88C62A
asset_88C619	$88C619	VRAM	normal	$3CD0	VRAM_ACB150	$88C62F
asset_88C619	$88C619	VRAM	normal	$4000	VRAM_ACB64A	$88C634
asset_88C619	$88C619	VRAM	normal	$43E0	VRAM_B38A36	$88C639
asset_88C619	$88C619	VRAM	normal	$5000	VRAM_A18681	$88C63E
asset_88C619	$88C619	VRAM	normal	$7000	VRAM_98EDB5	$88C643
asset_88C619	$88C619	VRAM	normal	$7200	VRAM_98F027	$88C648
asset_88C64E	$88C64E	WRAM	normal	$7FC000	FILE_B2DB38	$88C650
asset_88C64E	$88C64E	WRAM	normal	$7FA000	FILE_ADD649|$400000	$88C656
asset_88C64E	$88C64E	WRAM	normal	$7FA001	FILE_ADDF68|$400000	$88C65C
asset_88C64E	$88C64E	WRAM	normal	$7FF000	FILE_B2DBFE	$88C662
asset_88C64E	$88C64E	WRAM	normal	$7FD000	FILE_B2D4CF|$400000	$88C668
asset_88C64E	$88C64E	WRAM	normal	$7FD001	FILE_B2D73D|$400000	$88C66E
asset_88C64E	$88C64E	WRAM	normal	$7F7000	FILE_B2DCB6	$88C674
asset_88C67C	$88C67C	VRAM	normal	$2000	VRAM_AC8580	$88C67E
asset_88C67C	$88C67C	VRAM	normal	$2D70	VRAM_AC9AB7	$88C683
asset_88C67C	$88C67C	VRAM	normal	$3000	VRAM_AC9E39	$88C688
asset_88C67C	$88C67C	VRAM	normal	$31F0	VRAM_ACA0B2	$88C68D
asset_88C67C	$88C67C	VRAM	normal	$3CD0	VRAM_ACB150	$88C692
asset_88C67C	$88C67C	VRAM	normal	$4000	VRAM_ACB64A	$88C697
asset_88C67C	$88C67C	VRAM	normal	$43E0	VRAM_B38A36	$88C69C
asset_88C67C	$88C67C	VRAM	normal	$5000	VRAM_A18681	$88C6A1
asset_88C67C	$88C67C	VRAM	normal	$7000	VRAM_98EDB5	$88C6A6
asset_88C67C	$88C67C	VRAM	normal	$7200	VRAM_98F027	$88C6AB
asset_88C67C	$88C67C	VRAM	normal	$7800	VRAM_B1E3B7	$88C6B0
asset_88C67C	$88C67C	VRAM	normal	$7C00	VRAM_B1F32D	$88C6B5
asset_88C6BB	$88C6BB	WRAM	normal	$7FC000	FILE_B2DDA3	$88C6BD
asset_88C6BB	$88C6BB	WRAM	normal	$7FA000	FILE_ADD649|$400000	$88C6C3
asset_88C6BB	$88C6BB	WRAM	normal	$7FA001	FILE_ADDF68|$400000	$88C6C9
asset_88C6BB	$88C6BB	WRAM	normal	$7FF000	FILE_B2DE0A	$88C6CF
asset_88C6BB	$88C6BB	WRAM	normal	$7FD000	FILE_B2D4CF|$400000	$88C6D5
asset_88C6BB	$88C6BB	WRAM	normal	$7FD001	FILE_B2D73D|$400000	$88C6DB
asset_88C6BB	$88C6BB	WRAM	normal	$7F7000	FILE_B2DE98	$88C6E1
asset_88C6E9	$88C6E9	VRAM	normal	$2000	VRAM_AC8580	$88C6EB
asset_88C6E9	$88C6E9	VRAM	normal	$2D70	VRAM_AC9AB7	$88C6F0
asset_88C6E9	$88C6E9	VRAM	normal	$3000	VRAM_AC9E39	$88C6F5
asset_88C6E9	$88C6E9	VRAM	normal	$31F0	VRAM_ACA0B2	$88C6FA
asset_88C6E9	$88C6E9	VRAM	normal	$3CD0	VRAM_ACB150	$88C6FF
asset_88C6E9	$88C6E9	VRAM	normal	$4000	VRAM_ACB64A	$88C704
asset_88C6E9	$88C6E9	VRAM	normal	$43E0	VRAM_B38A36	$88C709
asset_88C6E9	$88C6E9	VRAM	normal	$5000	VRAM_A18681	$88C70E
asset_88C6E9	$88C6E9	VRAM	normal	$7000	VRAM_A8E781	$88C713
asset_88C719	$88C719	WRAM	normal	$7FC000	FILE_B2DF60	$88C71B
asset_88C719	$88C719	WRAM	normal	$7FA000	FILE_ADD649|$400000	$88C721
asset_88C719	$88C719	WRAM	normal	$7FA001	FILE_ADDF68|$400000	$88C727
asset_88C719	$88C719	WRAM	normal	$7FF000	FILE_B4FC7E	$88C72D
asset_88C719	$88C719	WRAM	normal	$7FD000	FILE_B2D4CF|$400000	$88C733
asset_88C719	$88C719	WRAM	normal	$7FD001	FILE_B2D73D|$400000	$88C739
asset_88C719	$88C719	WRAM	normal	$7F7000	FILE_B2DFCA	$88C73F
asset_88C747	$88C747	VRAM	normal	$2000	VRAM_AC8580	$88C749
asset_88C747	$88C747	VRAM	normal	$2D70	VRAM_AC9AB7	$88C74E
asset_88C747	$88C747	VRAM	normal	$3000	VRAM_AC9E39	$88C753
asset_88C747	$88C747	VRAM	normal	$31F0	VRAM_ACA0B2	$88C758
asset_88C747	$88C747	VRAM	normal	$3CD0	VRAM_ACB150	$88C75D
asset_88C747	$88C747	VRAM	normal	$4000	VRAM_ACB64A	$88C762
asset_88C747	$88C747	VRAM	normal	$43E0	VRAM_B38A36	$88C767
asset_88C747	$88C747	VRAM	normal	$5000	VRAM_A18681	$88C76C
asset_88C747	$88C747	VRAM	normal	$7000	VRAM_9CFA92	$88C771
asset_88C777	$88C777	WRAM	normal	$7FC000	FILE_AFE57C	$88C779
asset_88C777	$88C777	WRAM	normal	$7FA000	FILE_AFE684|$400000	$88C77F
asset_88C777	$88C777	WRAM	normal	$7FA001	FILE_AFEBCB|$400000	$88C785
asset_88C777	$88C777	WRAM	normal	$7FF000	FILE_AFEEA9	$88C78B
asset_88C777	$88C777	WRAM	normal	$7FD000	FILE_AFF01F|$400000	$88C791
asset_88C777	$88C777	WRAM	normal	$7FD001	FILE_AFF35C|$400000	$88C797
asset_88C777	$88C777	WRAM	normal	$7F7000	FILE_AFF458	$88C79D
asset_88C7A5	$88C7A5	VRAM	normal	$2000	VRAM_B39175	$88C7A7
asset_88C7A5	$88C7A5	VRAM	normal	$2D70	VRAM_AC9AB7	$88C7AC
asset_88C7A5	$88C7A5	VRAM	normal	$3000	VRAM_AC9E39	$88C7B1
asset_88C7A5	$88C7A5	VRAM	normal	$31F0	VRAM_ACA0B2	$88C7B6
asset_88C7A5	$88C7A5	VRAM	normal	$3CE0	VRAM_B3A4D8	$88C7BB
asset_88C7A5	$88C7A5	VRAM	normal	$5000	VRAM_A18681	$88C7C0
asset_88C7A5	$88C7A5	VRAM	normal	$7000	VRAM_B3E738	$88C7C5
asset_88C7A5	$88C7A5	VRAM	normal	$7400	VRAM_B1E3B7	$88C7CA
asset_88C7A5	$88C7A5	VRAM	normal	$7C00	VRAM_B1DC84	$88C7CF
asset_88C7A5	$88C7A5	VRAM	normal	$7E00	VRAM_B1E019	$88C7D4
asset_88C7DA	$88C7DA	WRAM	normal	$7FC000	FILE_AFF62C	$88C7DC
asset_88C7DA	$88C7DA	WRAM	normal	$7FA000	FILE_B08000|$400000	$88C7E2
asset_88C7DA	$88C7DA	WRAM	normal	$7FA001	FILE_B0837D|$400000	$88C7E8
asset_88C7DA	$88C7DA	WRAM	normal	$7F7000	FILE_B0871B	$88C7EE
asset_88C7F6	$88C7F6	VRAM	normal	$2000	VRAM_B39175	$88C7F8
asset_88C7F6	$88C7F6	VRAM	normal	$2D70	VRAM_AC9AB7	$88C7FD
asset_88C7F6	$88C7F6	VRAM	normal	$3000	VRAM_AC9E39	$88C802
asset_88C7F6	$88C7F6	VRAM	normal	$31F0	VRAM_ACA0B2	$88C807
asset_88C7F6	$88C7F6	VRAM	normal	$3CE0	VRAM_B3A4D8	$88C80C
asset_88C7F6	$88C7F6	VRAM	normal	$1000	VRAM_B0845A	$88C811
asset_88C7F6	$88C7F6	VRAM	normal	$1400	VRAM_B0845A	$88C816
asset_88C7F6	$88C7F6	VRAM	normal	$5000	VRAM_A18681	$88C81B
asset_88C7F6	$88C7F6	VRAM	normal	$7000	VRAM_AACF09	$88C820
asset_88C7F6	$88C7F6	VRAM	normal	$7400	VRAM_AAD775	$88C825
asset_88C7F6	$88C7F6	VRAM	normal	$7700	VRAM_BEC277	$88C82A
asset_88C7F6	$88C7F6	VRAM	normal	$7800	VRAM_AAF58C	$88C82F
asset_88C7F6	$88C7F6	VRAM	normal	$7B00	VRAM_AAF8E6	$88C834
asset_88C83A	$88C83A	WRAM	normal	$7FC000	FILE_928000	$88C83C
asset_88C83A	$88C83A	WRAM	normal	$7FA000	FILE_928048|$400000	$88C842
asset_88C83A	$88C83A	WRAM	normal	$7FA001	FILE_9281B9|$400000	$88C848
asset_88C83A	$88C83A	WRAM	normal	$7FF000	FILE_BFEC23	$88C84E
asset_88C83A	$88C83A	WRAM	normal	$7FD000	FILE_A9E9CF|$400000	$88C854
asset_88C83A	$88C83A	WRAM	normal	$7FD001	FILE_A9EB3D|$400000	$88C85A
asset_88C83A	$88C83A	WRAM	normal	$7F7000	FILE_A9EBED	$88C860
asset_88C868	$88C868	VRAM	normal	$2000	VRAM_AC8580	$88C86A
asset_88C868	$88C868	VRAM	normal	$2D70	VRAM_AC9AB7	$88C86F
asset_88C868	$88C868	VRAM	normal	$3000	VRAM_AC9E39	$88C874
asset_88C868	$88C868	VRAM	normal	$31F0	VRAM_ACA0B2	$88C879
asset_88C868	$88C868	VRAM	normal	$3930	VRAM_A9C515	$88C87E
asset_88C868	$88C868	VRAM	normal	$4370	VRAM_A9DBD4	$88C883
asset_88C868	$88C868	VRAM	normal	$5000	VRAM_A18681	$88C888
asset_88C88E	$88C88E	WRAM	normal	$7FC000	FILE_A98000	$88C890
asset_88C88E	$88C88E	WRAM	normal	$7FA000	FILE_928048|$400000	$88C896
asset_88C88E	$88C88E	WRAM	normal	$7FA001	FILE_9281B9|$400000	$88C89C
asset_88C88E	$88C88E	WRAM	normal	$7FF000	FILE_A9803B	$88C8A2
asset_88C88E	$88C88E	WRAM	normal	$7FD000	FILE_A9E9CF|$400000	$88C8A8
asset_88C88E	$88C88E	WRAM	normal	$7FD001	FILE_A9EB3D|$400000	$88C8AE
asset_88C88E	$88C88E	WRAM	normal	$7F7000	FILE_A98073	$88C8B4
asset_88C8BC	$88C8BC	VRAM	normal	$2000	VRAM_AC8580	$88C8BE
asset_88C8BC	$88C8BC	VRAM	normal	$2D70	VRAM_AC9AB7	$88C8C3
asset_88C8BC	$88C8BC	VRAM	normal	$3000	VRAM_AC9E39	$88C8C8
asset_88C8BC	$88C8BC	VRAM	normal	$31F0	VRAM_ACA0B2	$88C8CD
asset_88C8BC	$88C8BC	VRAM	normal	$3930	VRAM_A9C515	$88C8D2
asset_88C8BC	$88C8BC	VRAM	normal	$4370	VRAM_A9DBD4	$88C8D7
asset_88C8BC	$88C8BC	VRAM	normal	$5000	VRAM_A18681	$88C8DC
asset_88C8BC	$88C8BC	VRAM	normal	$7000	VRAM_B1E019	$88C8E1
asset_88C8BC	$88C8BC	VRAM	normal	$7400	VRAM_B1F793	$88C8E6
asset_88C8EC	$88C8EC	WRAM	normal	$7FC000	FILE_A9EC5A	$88C8EE
asset_88C8EC	$88C8EC	WRAM	normal	$7FA000	FILE_A9ED05|$400000	$88C8F4
asset_88C8EC	$88C8EC	WRAM	normal	$7FA001	FILE_A9EFE7|$400000	$88C8FA
asset_88C8EC	$88C8EC	WRAM	normal	$7FF000	FILE_A980C4	$88C900
asset_88C8EC	$88C8EC	WRAM	normal	$7FD000	FILE_A982FD|$400000	$88C906
asset_88C8EC	$88C8EC	WRAM	normal	$7FD001	FILE_A98716|$400000	$88C90C
asset_88C8EC	$88C8EC	WRAM	normal	$7F7000	FILE_A9893D	$88C912
asset_88C91A	$88C91A	VRAM	normal	$2000	VRAM_AC8580	$88C91C
asset_88C91A	$88C91A	VRAM	normal	$2D70	VRAM_AC9AB7	$88C921
asset_88C91A	$88C91A	VRAM	normal	$3000	VRAM_AC9E39	$88C926
asset_88C91A	$88C91A	VRAM	normal	$31F0	VRAM_ACA0B2	$88C92B
asset_88C91A	$88C91A	VRAM	normal	$3930	VRAM_A9C515	$88C930
asset_88C91A	$88C91A	VRAM	normal	$4370	VRAM_A9DBD4	$88C935
asset_88C91A	$88C91A	VRAM	normal	$5000	VRAM_A18681	$88C93A
asset_88C91A	$88C91A	VRAM	normal	$7000	VRAM_AACF09	$88C93F
asset_88C91A	$88C91A	VRAM	normal	$7400	VRAM_AADA36	$88C944
asset_88C91A	$88C91A	VRAM	normal	$7600	VRAM_AAB006	$88C949
asset_88C91A	$88C91A	VRAM	normal	$7600	VRAM_B1F793	$88C94E
asset_88C91A	$88C91A	VRAM	normal	$7C00	VRAM_BEC3F5	$88C953
asset_88C959	$88C959	WRAM	normal	$7FC000	FILE_A98B21	$88C95B
asset_88C959	$88C959	WRAM	normal	$7FA000	FILE_A98B5D|$400000	$88C961
asset_88C959	$88C959	WRAM	normal	$7FA001	FILE_A98C5D|$400000	$88C967
asset_88C959	$88C959	WRAM	normal	$7FF000	FILE_A98CEB	$88C96D
asset_88C959	$88C959	WRAM	normal	$7FD000	FILE_A98E95|$400000	$88C973
asset_88C959	$88C959	WRAM	normal	$7FD001	FILE_A991D0|$400000	$88C979
asset_88C959	$88C959	WRAM	normal	$7F7000	FILE_A9934A	$88C97F
asset_88C987	$88C987	VRAM	normal	$2000	VRAM_AC8580	$88C989
asset_88C987	$88C987	VRAM	normal	$2D70	VRAM_AC9AB7	$88C98E
asset_88C987	$88C987	VRAM	normal	$3000	VRAM_AC9E39	$88C993
asset_88C987	$88C987	VRAM	normal	$31F0	VRAM_ACA0B2	$88C998
asset_88C987	$88C987	VRAM	normal	$4130	VRAM_A9D889	$88C99D
asset_88C987	$88C987	VRAM	normal	$4370	VRAM_A9DBD4	$88C9A2
asset_88C987	$88C987	VRAM	normal	$5000	VRAM_A18681	$88C9A7
asset_88C987	$88C987	VRAM	normal	$7000	VRAM_AACF09	$88C9AC
asset_88C987	$88C987	VRAM	normal	$7400	VRAM_AADA36	$88C9B1
asset_88C987	$88C987	VRAM	normal	$7600	VRAM_92EE85	$88C9B6
asset_88C987	$88C987	VRAM	normal	$7C00	VRAM_B1F793	$88C9BB
asset_88C9C1	$88C9C1	WRAM	normal	$7FC000	FILE_A9944D	$88C9C3
asset_88C9C1	$88C9C1	WRAM	normal	$7FA000	FILE_A99577|$400000	$88C9C9
asset_88C9C1	$88C9C1	WRAM	normal	$7FA001	FILE_A9985B|$400000	$88C9CF
asset_88C9C1	$88C9C1	WRAM	normal	$7F7000	FILE_A99C6F	$88C9D5
asset_88C9DD	$88C9DD	VRAM	normal	$2000	VRAM_AC8580	$88C9DF
asset_88C9DD	$88C9DD	VRAM	normal	$2D70	VRAM_AC9AB7	$88C9E4
asset_88C9DD	$88C9DD	VRAM	normal	$3000	VRAM_AC9E39	$88C9E9
asset_88C9DD	$88C9DD	VRAM	normal	$31F0	VRAM_ACA0B2	$88C9EE
asset_88C9DD	$88C9DD	VRAM	normal	$32C0	VRAM_B3A4D8	$88C9F3
asset_88C9DD	$88C9DD	VRAM	normal	$3E80	VRAM_A9D46F	$88C9F8
asset_88C9DD	$88C9DD	VRAM	normal	$4130	VRAM_A9D889	$88C9FD
asset_88C9DD	$88C9DD	VRAM	normal	$4370	VRAM_A9DBD4	$88CA02
asset_88C9DD	$88C9DD	VRAM	normal	$1000	VRAM_A999B0	$88CA07
asset_88C9DD	$88C9DD	VRAM	normal	$1400	VRAM_A999B0	$88CA0C
asset_88C9DD	$88C9DD	VRAM	normal	$5000	VRAM_A18681	$88CA11
asset_88C9DD	$88C9DD	VRAM	normal	$7000	VRAM_AACF09	$88CA16
asset_88C9DD	$88C9DD	VRAM	normal	$7400	VRAM_AADCA5	$88CA1B
asset_88C9DD	$88C9DD	VRAM	normal	$7600	VRAM_92EE85	$88CA20
asset_88C9DD	$88C9DD	VRAM	normal	$7C00	VRAM_AEC753	$88CA25
asset_88CA2B	$88CA2B	WRAM	normal	$7FC000	FILE_A7D2D0	$88CA2D
asset_88CA2B	$88CA2B	WRAM	normal	$7FA000	FILE_A99577|$400000	$88CA33
asset_88CA2B	$88CA2B	WRAM	normal	$7FA001	FILE_A9985B|$400000	$88CA39
asset_88CA2B	$88CA2B	WRAM	normal	$7F7000	FILE_9FE70B	$88CA3F
asset_88CA47	$88CA47	VRAM	normal	$2000	VRAM_AC8580	$88CA49
asset_88CA47	$88CA47	VRAM	normal	$2D70	VRAM_AC9AB7	$88CA4E
asset_88CA47	$88CA47	VRAM	normal	$3000	VRAM_AC9E39	$88CA53
asset_88CA47	$88CA47	VRAM	normal	$31F0	VRAM_ACA0B2	$88CA58
asset_88CA47	$88CA47	VRAM	normal	$32C0	VRAM_B3A4D8	$88CA5D
asset_88CA47	$88CA47	VRAM	normal	$3E80	VRAM_A9D46F	$88CA62
asset_88CA47	$88CA47	VRAM	normal	$4130	VRAM_A9D889	$88CA67
asset_88CA47	$88CA47	VRAM	normal	$4370	VRAM_A9DBD4	$88CA6C
asset_88CA47	$88CA47	VRAM	normal	$1000	VRAM_A999B0	$88CA71
asset_88CA47	$88CA47	VRAM	normal	$1400	VRAM_A999B0	$88CA76
asset_88CA47	$88CA47	VRAM	normal	$5000	VRAM_A18681	$88CA7B
asset_88CA47	$88CA47	VRAM	normal	$7000	VRAM_AACF09	$88CA80
asset_88CA47	$88CA47	VRAM	normal	$7400	VRAM_AADCA5	$88CA85
asset_88CA47	$88CA47	VRAM	normal	$7800	VRAM_A2EBBA	$88CA8A
asset_88CA90	$88CA90	WRAM	normal	$7FC000	FILE_96CB46	$88CA92
asset_88CA90	$88CA90	WRAM	normal	$7FA000	FILE_96CBB0|$400000	$88CA98
asset_88CA90	$88CA90	WRAM	normal	$7FA001	FILE_96CF08|$400000	$88CA9E
asset_88CA90	$88CA90	WRAM	normal	$7F7000	FILE_96D05B	$88CAA4
asset_88CAAC	$88CAAC	VRAM	normal	$2000	VRAM_AED032	$88CAAE
asset_88CAAC	$88CAAC	VRAM	normal	$7000	VRAM_97DF64	$88CAB3
asset_88CAAC	$88CAAC	VRAM	normal	$1000	VRAM_A2FFAB	$88CAB8
asset_88CAAC	$88CAAC	VRAM	normal	$5000	VRAM_A18681	$88CABD
asset_88CAC3	$88CAC3	WRAM	normal	$7FC000	FILE_A28B07	$88CAC5
asset_88CAC3	$88CAC3	WRAM	normal	$7FA000	FILE_A287B8|$400000	$88CACB
asset_88CAC3	$88CAC3	WRAM	normal	$7FA001	FILE_A28A3D|$400000	$88CAD1
asset_88CAC3	$88CAC3	WRAM	normal	$7F7000	FILE_A28BCF	$88CAD7
asset_88CADF	$88CADF	VRAM	normal	$1000	VRAM_A2FFAB	$88CAE1
asset_88CADF	$88CADF	VRAM	normal	$2000	VRAM_A28000	$88CAE6
asset_88CADF	$88CADF	VRAM	normal	$5000	VRAM_A18681	$88CAEB
asset_88CADF	$88CADF	VRAM	normal	$7800	VRAM_B1E3B7	$88CAF0
asset_88CAF6	$88CAF6	WRAM	normal	$7FC000	FILE_A28B3E	$88CAF8
asset_88CAF6	$88CAF6	WRAM	normal	$7FA000	FILE_A287B8|$400000	$88CAFE
asset_88CAF6	$88CAF6	WRAM	normal	$7FA001	FILE_A28A3D|$400000	$88CB04
asset_88CAF6	$88CAF6	WRAM	normal	$7F7000	FILE_A28BF9	$88CB0A
asset_88CB12	$88CB12	VRAM	normal	$2000	VRAM_A28000	$88CB14
asset_88CB12	$88CB12	VRAM	normal	$1000	VRAM_A2FFAB	$88CB19
asset_88CB12	$88CB12	VRAM	normal	$5000	VRAM_A18681	$88CB1E
asset_88CB12	$88CB12	VRAM	normal	$7800	VRAM_B1E3B7	$88CB23
asset_88CB29	$88CB29	WRAM	normal	$7FC000	FILE_A28B6D	$88CB2B
asset_88CB29	$88CB29	WRAM	normal	$7FA000	FILE_A287B8|$400000	$88CB31
asset_88CB29	$88CB29	WRAM	normal	$7FA001	FILE_A28A3D|$400000	$88CB37
asset_88CB29	$88CB29	WRAM	normal	$7F7000	FILE_A28C17	$88CB3D
asset_88CB45	$88CB45	VRAM	normal	$2000	VRAM_A28000	$88CB47
asset_88CB45	$88CB45	VRAM	normal	$1000	VRAM_A2FFAB	$88CB4C
asset_88CB45	$88CB45	VRAM	normal	$5000	VRAM_A18681	$88CB51
asset_88CB45	$88CB45	VRAM	normal	$7800	VRAM_B1E3B7	$88CB56
asset_88CB5C	$88CB5C	WRAM	normal	$7FC000	FILE_A28B3E	$88CB5E
asset_88CB5C	$88CB5C	WRAM	normal	$7FA000	FILE_A287B8|$400000	$88CB64
asset_88CB5C	$88CB5C	WRAM	normal	$7FA001	FILE_A28A3D|$400000	$88CB6A
asset_88CB5C	$88CB5C	WRAM	normal	$7F7000	FILE_A28BF9	$88CB70
asset_88CB78	$88CB78	VRAM	normal	$2000	VRAM_A28000	$88CB7A
asset_88CB78	$88CB78	VRAM	normal	$1000	VRAM_A2FFAB	$88CB7F
asset_88CB78	$88CB78	VRAM	normal	$5000	VRAM_A18681	$88CB84
asset_88CB78	$88CB78	VRAM	normal	$7000	VRAM_B18000	$88CB89
asset_88CB78	$88CB78	VRAM	normal	$5000	VRAM_A18681	$88CB8E
asset_88CB94	$88CB94	WRAM	normal	$7FC000	FILE_A28BA1	$88CB96
asset_88CB94	$88CB94	WRAM	normal	$7FA000	FILE_A287B8|$400000	$88CB9C
asset_88CB94	$88CB94	WRAM	normal	$7FA001	FILE_A28A3D|$400000	$88CBA2
asset_88CB94	$88CB94	WRAM	normal	$7F7000	FILE_A28C3B	$88CBA8
asset_88CBB0	$88CBB0	VRAM	normal	$2000	VRAM_A28000	$88CBB2
asset_88CBB0	$88CBB0	VRAM	normal	$1000	VRAM_A2FFAB	$88CBB7
asset_88CBB0	$88CBB0	VRAM	normal	$5000	VRAM_A18681	$88CBBC
asset_88CBB0	$88CBB0	VRAM	normal	$7800	VRAM_B1E3B7	$88CBC1
asset_88CBC7	$88CBC7	WRAM	normal	$7FC000	FILE_A28B3E	$88CBC9
asset_88CBC7	$88CBC7	WRAM	normal	$7FA000	FILE_A287B8|$400000	$88CBCF
asset_88CBC7	$88CBC7	WRAM	normal	$7FA001	FILE_A28A3D|$400000	$88CBD5
asset_88CBC7	$88CBC7	WRAM	normal	$7F7000	FILE_A28BF9	$88CBDB
asset_88CBE3	$88CBE3	VRAM	normal	$2000	VRAM_A28000	$88CBE5
asset_88CBE3	$88CBE3	VRAM	normal	$1000	VRAM_A2FFAB	$88CBEA
asset_88CBE3	$88CBE3	VRAM	normal	$5000	VRAM_A18681	$88CBEF
asset_88CBE3	$88CBE3	VRAM	normal	$7000	VRAM_B1F32D	$88CBF4
asset_88CBE3	$88CBE3	VRAM	normal	$7800	VRAM_A2EBBA	$88CBF9
asset_88CBE3	$88CBE3	VRAM	normal	$7C00	VRAM_B1F793	$88CBFE
asset_88CC04	$88CC04	WRAM	normal	$7FC000	FILE_99F5FC	$88CC06
asset_88CC04	$88CC04	WRAM	normal	$7FA000	FILE_99F626|$400000	$88CC0C
asset_88CC04	$88CC04	WRAM	normal	$7FA001	FILE_99F80D|$400000	$88CC12
asset_88CC04	$88CC04	WRAM	normal	$7F7000	FILE_99F8C6	$88CC18
asset_88CC20	$88CC20	VRAM	normal	$2000	VRAM_9DF25A	$88CC22
asset_88CC20	$88CC20	VRAM	normal	$1000	VRAM_A2FFAB	$88CC27
asset_88CC20	$88CC20	VRAM	normal	$5000	VRAM_A18681	$88CC2C
asset_88CC20	$88CC20	VRAM	normal	$7000	VRAM_BEBCD7	$88CC31
asset_88CC37	$88CC37	WRAM	normal	$7FC000	FILE_99F8E4	$88CC39
asset_88CC37	$88CC37	WRAM	normal	$7FA000	FILE_99F626|$400000	$88CC3F
asset_88CC37	$88CC37	WRAM	normal	$7FA001	FILE_99F80D|$400000	$88CC45
asset_88CC37	$88CC37	WRAM	normal	$7F7000	FILE_99F913	$88CC4B
asset_88CC53	$88CC53	VRAM	normal	$2000	VRAM_9DF25A	$88CC55
asset_88CC53	$88CC53	VRAM	normal	$1000	VRAM_A2FFAB	$88CC5A
asset_88CC53	$88CC53	VRAM	normal	$5000	VRAM_A18681	$88CC5F
asset_88CC53	$88CC53	VRAM	normal	$7000	VRAM_BEBCD7	$88CC64
asset_88CC6A	$88CC6A	WRAM	normal	$7FC000	FILE_99F933	$88CC6C
asset_88CC6A	$88CC6A	WRAM	normal	$7FA000	FILE_99F626|$400000	$88CC72
asset_88CC6A	$88CC6A	WRAM	normal	$7FA001	FILE_99F80D|$400000	$88CC78
asset_88CC6A	$88CC6A	WRAM	normal	$7F7000	FILE_99F95F	$88CC7E
asset_88CC86	$88CC86	VRAM	normal	$2000	VRAM_9DF25A	$88CC88
asset_88CC86	$88CC86	VRAM	normal	$1000	VRAM_A2FFAB	$88CC8D
asset_88CC86	$88CC86	VRAM	normal	$5000	VRAM_A18681	$88CC92
asset_88CC86	$88CC86	VRAM	normal	$7000	VRAM_BEBCD7	$88CC97
asset_88CC9D	$88CC9D	WRAM	normal	$7FC000	FILE_A28B3E	$88CC9F
asset_88CC9D	$88CC9D	WRAM	normal	$7FA000	FILE_A287B8|$400000	$88CCA5
asset_88CC9D	$88CC9D	WRAM	normal	$7FA001	FILE_A28A3D|$400000	$88CCAB
asset_88CC9D	$88CC9D	WRAM	normal	$7F7000	FILE_A28BF9	$88CCB1
asset_88CCB9	$88CCB9	VRAM	normal	$1000	VRAM_A2FFAB	$88CCBB
asset_88CCB9	$88CCB9	VRAM	normal	$2000	VRAM_A28000	$88CCC0
asset_88CCB9	$88CCB9	VRAM	normal	$5000	VRAM_A18681	$88CCC5
asset_88CCCB	$88CCCB	VRAM	normal	$2000	VRAM_A28000	$88CCCD
asset_88CCCB	$88CCCB	VRAM	normal	$1000	VRAM_A2FFAB	$88CCD2
asset_88CCCB	$88CCCB	VRAM	normal	$5000	VRAM_A18681	$88CCD7
asset_88CCCB	$88CCCB	VRAM	normal	$7000	VRAM_BEC277	$88CCDC
asset_88CCE2	$88CCE2	WRAM	normal	$7FC000	FILE_9DE5E0	$88CCE4
asset_88CCE2	$88CCE2	WRAM	normal	$7FA000	FILE_A78B5D|$400000	$88CCEA
asset_88CCE2	$88CCE2	WRAM	normal	$7FA001	FILE_A7902B|$400000	$88CCF0
asset_88CCE2	$88CCE2	WRAM	normal	$7FF000	FILE_9EFE80	$88CCF6
asset_88CCE2	$88CCE2	WRAM	normal	$7FD000	FILE_A792BA|$400000	$88CCFC
asset_88CCE2	$88CCE2	WRAM	normal	$7FD001	FILE_A79482|$400000	$88CD02
asset_88CCE2	$88CCE2	WRAM	normal	$7F7000	FILE_9DE60B	$88CD08
asset_88CD10	$88CD10	VRAM	normal	$2000	VRAM_A4954E	$88CD12
asset_88CD10	$88CD10	VRAM	normal	$3000	VRAM_A4AC43	$88CD17
asset_88CD10	$88CD10	VRAM	normal	$3690	VRAM_A4B574	$88CD1C
asset_88CD10	$88CD10	VRAM	normal	$3BD0	VRAM_A4BDC3	$88CD21
asset_88CD10	$88CD10	VRAM	normal	$3DF0	VRAM_A5828D	$88CD26
asset_88CD10	$88CD10	VRAM	normal	$4000	VRAM_A4C160	$88CD2B
asset_88CD10	$88CD10	VRAM	normal	$4450	VRAM_A4E820	$88CD30
asset_88CD10	$88CD10	VRAM	normal	$5000	VRAM_A18681	$88CD35
asset_88CD10	$88CD10	VRAM	normal	$7000	VRAM_96BB25	$88CD3A
asset_88CD40	$88CD40	VRAM	normal	$2000	VRAM_A3AEAD	$88CD42
asset_88CD40	$88CD40	VRAM	normal	$2400	VRAM_A3B41D	$88CD47
asset_88CD40	$88CD40	VRAM	normal	$0000	VRAM_99F453	$88CD4C
asset_88CD40	$88CD40	VRAM	normal	$7000	VRAM_96BB25	$88CD51
asset_88CD57	$88CD57	WRAM	normal	$7FC000	FILE_AAEB26	$88CD59
asset_88CD57	$88CD57	WRAM	normal	$7FA000	FILE_A9F1EF|$400000	$88CD5F
asset_88CD57	$88CD57	WRAM	normal	$7FA001	FILE_A9F50A|$400000	$88CD65
asset_88CD57	$88CD57	WRAM	normal	$7F7000	FILE_AAEAD7	$88CD6B
asset_88CD73	$88CD73	VRAM	normal	$2000	VRAM_9CE2B4	$88CD75
asset_88CD73	$88CD73	VRAM	normal	$5000	VRAM_A18681	$88CD7A
asset_88CD73	$88CD73	VRAM	normal	$1000	VRAM_A2FFAB	$88CD7F
asset_88CD73	$88CD73	VRAM	normal	$7000	VRAM_BEC95A	$88CD84
asset_88CD73	$88CD73	VRAM	normal	$7400	VRAM_AAEB99	$88CD89
asset_88CD8F	$88CD8F	WRAM	normal	$7FC000	FILE_9EFE95	$88CD91
asset_88CD8F	$88CD8F	WRAM	normal	$7FA000	FILE_9DE647|$400000	$88CD97
asset_88CD8F	$88CD8F	WRAM	normal	$7FA001	FILE_9DE7FE|$400000	$88CD9D
asset_88CD8F	$88CD8F	WRAM	normal	$7F7000	FILE_AAEAAC	$88CDA3
asset_88CDAB	$88CDAB	VRAM	normal	$2000	VRAM_AED032	$88CDAD
asset_88CDAB	$88CDAB	VRAM	normal	$3000	VRAM_9DE91E	$88CDB2
asset_88CDAB	$88CDAB	VRAM	normal	$5000	VRAM_A18681	$88CDB7
asset_88CDAB	$88CDAB	VRAM	normal	$1000	VRAM_A2FFAB	$88CDBC
asset_88CDC2	$88CDC2	VRAM	deferred	$5800	VRAM_A1878F	$88CDC4
asset_88CDCA	$88CDCA	SPRITE		$3000	SPRITE_BEDCDD	$88CDCB
asset_88CDCA	$88CDCA	SPRITE	last	$337A	SPRITE_AEF8F3	$88CDD0
asset_88CDD6	$88CDD6	VRAM	normal	$2000	VRAM_A59B61	$88CDD8
asset_88CDD6	$88CDD6	VRAM	normal	$3000	VRAM_A5AD6D	$88CDDD
asset_88CDD6	$88CDD6	VRAM	normal	$1000	VRAM_A5BA3C	$88CDE2
asset_88CDD6	$88CDD6	VRAM	normal	$1400	VRAM_A5BDC3	$88CDE7
asset_88CDD6	$88CDD6	VRAM	normal	$1800	VRAM_A5C128	$88CDEC
asset_88CDD6	$88CDD6	VRAM	normal	$1C00	VRAM_A5C22B	$88CDF1
asset_88CDD6	$88CDD6	VRAM	normal	$6000	VRAM_97923E	$88CDF6
asset_88CDD6	$88CDD6	VRAM	normal	$6A00	VRAM_988000	$88CDFB
asset_88CE01	$88CE01	WRAM	normal	$7FC000	FILE_A5875C	$88CE03
asset_88CE01	$88CE01	WRAM	normal	$7FA000	FILE_A587E3|$400000	$88CE09
asset_88CE01	$88CE01	WRAM	normal	$7FA001	FILE_A588C8|$400000	$88CE0F
asset_88CE01	$88CE01	WRAM	normal	$7E8000	FILE_A58915	$88CE15
asset_88CE1D	$88CE1D	VRAM	normal	$4200	VRAM_A58AD6	$88CE1F
asset_88CE1D	$88CE1D	VRAM	normal	$0000	VRAM_A58919	$88CE24
asset_88CE1D	$88CE1D	VRAM	normal	$0400	VRAM_A589DC	$88CE29
asset_88CE1D	$88CE1D	VRAM	normal	$5000	VRAM_A59A6F	$88CE2E
asset_88CE1D	$88CE1D	VRAM	normal	$4C00	VRAM_A597F3	$88CE33
asset_88CE1D	$88CE1D	VRAM	normal	$7000	VRAM_9886AA	$88CE38
asset_88CE3E	$88CE3E	WRAM	normal	$7FC000	FILE_ABC314	$88CE40
asset_88CE3E	$88CE3E	WRAM	normal	$7FA000	FILE_ABC3FF|$400000	$88CE46
asset_88CE3E	$88CE3E	WRAM	normal	$7FA001	FILE_ABC934|$400000	$88CE4C
asset_88CE3E	$88CE3E	WRAM	normal	$7E8000	FILE_ABCA6C	$88CE52
asset_88CE5A	$88CE5A	VRAM	normal	$4000	VRAM_ABCBE4	$88CE5C
asset_88CE5A	$88CE5A	VRAM	normal	$0000	VRAM_ABCA74	$88CE61
asset_88CE5A	$88CE5A	VRAM	normal	$0400	VRAM_ABCA74	$88CE66
asset_88CE5A	$88CE5A	VRAM	normal	$5000	VRAM_ABDA4C	$88CE6B
asset_88CE5A	$88CE5A	VRAM	normal	$4C00	VRAM_B0FEA3	$88CE70
asset_88CE5A	$88CE5A	VRAM	normal	$7000	VRAM_989414	$88CE75
asset_88CE7B	$88CE7B	WRAM	normal	$7FC000	FILE_ABE100	$88CE7D
asset_88CE7B	$88CE7B	WRAM	normal	$7FA000	FILE_AC8000|$400000	$88CE83
asset_88CE7B	$88CE7B	WRAM	normal	$7FA001	FILE_AC83C5|$400000	$88CE89
asset_88CE7B	$88CE7B	WRAM	normal	$7E8000	FILE_ABE1F5	$88CE8F
asset_88CE97	$88CE97	VRAM	normal	$4000	VRAM_ABE372	$88CE99
asset_88CE97	$88CE97	VRAM	normal	$0000	VRAM_ABE1FB	$88CE9E
asset_88CE97	$88CE97	VRAM	normal	$0400	VRAM_ABE1FB	$88CEA3
asset_88CE97	$88CE97	VRAM	normal	$5000	VRAM_ABF577	$88CEA8
asset_88CE97	$88CE97	VRAM	normal	$4C00	VRAM_ABF2C9	$88CEAD
asset_88CE97	$88CE97	VRAM	normal	$7000	VRAM_98A5B6	$88CEB2
asset_88CEB8	$88CEB8	VRAM	normal	$2000	VRAM_A59B61	$88CEBA
asset_88CEB8	$88CEB8	VRAM	normal	$3000	VRAM_A5AD6D	$88CEBF
asset_88CEB8	$88CEB8	VRAM	normal	$7000	VRAM_97923E	$88CEC4
asset_88CEB8	$88CEB8	VRAM	normal	$7A00	VRAM_988000	$88CEC9
asset_88CECF	$88CECF	WRAM	normal	$7F0000	VRAM_A5BA3C	$88CED1
asset_88CECF	$88CECF	WRAM	normal	$7F0800	VRAM_A5BDC3	$88CED7
asset_88CECF	$88CECF	WRAM	normal	$7F1000	VRAM_A5C128	$88CEDD
asset_88CECF	$88CECF	WRAM	normal	$7F1800	VRAM_A5C22B	$88CEE3
asset_88CEEB	$88CEEB	WRAM	normal	$7FC000	FILE_92EBD2	$88CEED
asset_88CEEB	$88CEEB	WRAM	normal	$7FA000	FILE_92EC03|$400000	$88CEF3
asset_88CEEB	$88CEEB	WRAM	normal	$7FA001	FILE_92ED7A|$400000	$88CEF9
asset_88CEEB	$88CEEB	WRAM	normal	$7E8000	FILE_92EE6C	$88CEFF
asset_88CF07	$88CF07	VRAM	normal	$4000	VRAM_ABE372	$88CF09
asset_88CF07	$88CF07	VRAM	normal	$1000	VRAM_A2FFAB	$88CF0E
asset_88CF07	$88CF07	VRAM	normal	$1400	VRAM_A2FFAB	$88CF13
asset_88CF07	$88CF07	VRAM	normal	$5000	VRAM_A18681	$88CF18
asset_88CF1E	$88CF1E	WRAM	normal	$7FF000	FILE_AE8BA4	$88CF20
asset_88CF1E	$88CF1E	WRAM	normal	$7FD000	FILE_AE8C07|$400000	$88CF26
asset_88CF1E	$88CF1E	WRAM	normal	$7FD001	FILE_AE8E0D|$400000	$88CF2C
asset_88CF1E	$88CF1E	WRAM	normal	$7FC000	FILE_AE9237	$88CF32
asset_88CF1E	$88CF1E	WRAM	normal	$7FA000	FILE_AE9260|$400000	$88CF38
asset_88CF1E	$88CF1E	WRAM	normal	$7FA001	FILE_AE9319|$400000	$88CF3E
asset_88CF1E	$88CF1E	WRAM	normal	$7F7000	FILE_AE939E	$88CF44
asset_88CF4C	$88CF4C	VRAM	normal	$2000	VRAM_AE808E	$88CF4E
asset_88CF4C	$88CF4C	VRAM	normal	$3000	VRAM_AE8F22	$88CF53
asset_88CF4C	$88CF4C	VRAM	normal	$5000	VRAM_A18681	$88CF58
asset_88CF4C	$88CF4C	VRAM	normal	$7800	VRAM_97CE47	$88CF5D
asset_88CF4C	$88CF4C	VRAM	normal	$7000	VRAM_97C99D	$88CF62
asset_88CF68	$88CF68	VRAM	normal	$2000	VRAM_AE808E	$88CF6A
asset_88CF68	$88CF68	VRAM	normal	$3000	VRAM_AE8F22	$88CF6F
asset_88CF68	$88CF68	VRAM	normal	$5000	VRAM_A18681	$88CF74
asset_88CF68	$88CF68	VRAM	normal	$7800	VRAM_97CF7A	$88CF79
asset_88CF68	$88CF68	VRAM	normal	$7000	VRAM_97C99D	$88CF7E
asset_88CF84	$88CF84	VRAM	normal	$2000	VRAM_AE808E	$88CF86
asset_88CF84	$88CF84	VRAM	normal	$3000	VRAM_AE8F22	$88CF8B
asset_88CF84	$88CF84	VRAM	normal	$5000	VRAM_A18681	$88CF90
asset_88CF84	$88CF84	VRAM	normal	$7A00	VRAM_A1FDD9	$88CF95
asset_88CF84	$88CF84	VRAM	normal	$7000	VRAM_97C99D	$88CF9A
asset_88CFA0	$88CFA0	WRAM	normal	$7FF000	FILE_AE8BA4	$88CFA2
asset_88CFA0	$88CFA0	WRAM	normal	$7FD000	FILE_AE8C07|$400000	$88CFA8
asset_88CFA0	$88CFA0	WRAM	normal	$7FD001	FILE_AE8E0D|$400000	$88CFAE
asset_88CFA0	$88CFA0	WRAM	normal	$7FC000	FILE_AE9698	$88CFB4
asset_88CFA0	$88CFA0	WRAM	normal	$7FA000	FILE_AE96C5|$400000	$88CFBA
asset_88CFA0	$88CFA0	WRAM	normal	$7FA001	FILE_AE97C4|$400000	$88CFC0
asset_88CFA0	$88CFA0	WRAM	normal	$7F7000	FILE_AE9862	$88CFC6
asset_88CFCE	$88CFCE	VRAM	normal	$2000	VRAM_AE808E	$88CFD0
asset_88CFCE	$88CFCE	VRAM	normal	$3000	VRAM_AE93C8	$88CFD5
asset_88CFCE	$88CFCE	VRAM	normal	$5000	VRAM_A18681	$88CFDA
asset_88CFCE	$88CFCE	VRAM	normal	$7800	VRAM_97D0D9	$88CFDF
asset_88CFCE	$88CFCE	VRAM	normal	$7000	VRAM_97C99D	$88CFE4
asset_88CFCE	$88CFCE	VRAM	normal	$7A00	VRAM_97EA2B	$88CFE9
asset_88CFEF	$88CFEF	WRAM	normal	$7FF000	FILE_AE8BA4	$88CFF1
asset_88CFEF	$88CFEF	WRAM	normal	$7FD000	FILE_AE8C07|$400000	$88CFF7
asset_88CFEF	$88CFEF	WRAM	normal	$7FD001	FILE_AE8E0D|$400000	$88CFFD
asset_88CFEF	$88CFEF	WRAM	normal	$7FC000	FILE_AE9C1B	$88D003
asset_88CFEF	$88CFEF	WRAM	normal	$7FA000	FILE_AE9C51|$400000	$88D009
asset_88CFEF	$88CFEF	WRAM	normal	$7FA001	FILE_AE9DA3|$400000	$88D00F
asset_88CFEF	$88CFEF	WRAM	normal	$7F7000	FILE_AE9E8B	$88D015
asset_88D01D	$88D01D	VRAM	normal	$2000	VRAM_AE808E	$88D01F
asset_88D01D	$88D01D	VRAM	normal	$3000	VRAM_AE988C	$88D024
asset_88D01D	$88D01D	VRAM	normal	$5000	VRAM_A18681	$88D029
asset_88D01D	$88D01D	VRAM	normal	$7800	VRAM_97D217	$88D02E
asset_88D01D	$88D01D	VRAM	normal	$7A00	VRAM_97D3B9	$88D033
asset_88D01D	$88D01D	VRAM	normal	$7000	VRAM_97C99D	$88D038
asset_88D03E	$88D03E	WRAM	normal	$7FF000	FILE_AE8BA4	$88D040
asset_88D03E	$88D03E	WRAM	normal	$7FD000	FILE_AE8C07|$400000	$88D046
asset_88D03E	$88D03E	WRAM	normal	$7FD001	FILE_AE8E0D|$400000	$88D04C
asset_88D03E	$88D03E	WRAM	normal	$7FC000	FILE_AEA134	$88D052
asset_88D03E	$88D03E	WRAM	normal	$7FA000	FILE_AEA16A|$400000	$88D058
asset_88D03E	$88D03E	WRAM	normal	$7FA001	FILE_AEA2C1|$400000	$88D05E
asset_88D03E	$88D03E	WRAM	normal	$7F7000	FILE_AEA368	$88D064
asset_88D06C	$88D06C	VRAM	normal	$2000	VRAM_AE808E	$88D06E
asset_88D06C	$88D06C	VRAM	normal	$3000	VRAM_AE9EB9	$88D073
asset_88D06C	$88D06C	VRAM	normal	$5000	VRAM_A18681	$88D078
asset_88D06C	$88D06C	VRAM	normal	$7800	VRAM_97D5CC	$88D07D
asset_88D06C	$88D06C	VRAM	normal	$7C00	VRAM_92FBC6	$88D082
asset_88D06C	$88D06C	VRAM	normal	$7000	VRAM_97C99D	$88D087
asset_88D08D	$88D08D	WRAM	normal	$7FF000	FILE_AE8BA4	$88D08F
asset_88D08D	$88D08D	WRAM	normal	$7FD000	FILE_AE8C07|$400000	$88D095
asset_88D08D	$88D08D	WRAM	normal	$7FD001	FILE_AE8E0D|$400000	$88D09B
asset_88D08D	$88D08D	WRAM	normal	$7FC000	FILE_AEA686	$88D0A1
asset_88D08D	$88D08D	WRAM	normal	$7FA000	FILE_AEA6BA|$400000	$88D0A7
asset_88D08D	$88D08D	WRAM	normal	$7FA001	FILE_AEA7C8|$400000	$88D0AD
asset_88D08D	$88D08D	WRAM	normal	$7F7000	FILE_AEA885	$88D0B3
asset_88D0BB	$88D0BB	VRAM	normal	$2000	VRAM_AE808E	$88D0BD
asset_88D0BB	$88D0BB	VRAM	normal	$3000	VRAM_AEA392	$88D0C2
asset_88D0BB	$88D0BB	VRAM	normal	$5000	VRAM_A18681	$88D0C7
asset_88D0BB	$88D0BB	VRAM	normal	$7800	VRAM_97D850	$88D0CC
asset_88D0BB	$88D0BB	VRAM	normal	$7A00	VRAM_92FA9A	$88D0D1
asset_88D0BB	$88D0BB	VRAM	normal	$7000	VRAM_97C99D	$88D0D6
asset_88D0DC	$88D0DC	WRAM	normal	$7FF000	FILE_AE8BA4	$88D0DE
asset_88D0DC	$88D0DC	WRAM	normal	$7FD000	FILE_AE8C07|$400000	$88D0E4
asset_88D0DC	$88D0DC	WRAM	normal	$7FD001	FILE_AE8E0D|$400000	$88D0EA
asset_88D0DC	$88D0DC	WRAM	normal	$7FC000	FILE_AEAE11	$88D0F0
asset_88D0DC	$88D0DC	WRAM	normal	$7FA000	FILE_AEAE3F|$400000	$88D0F6
asset_88D0DC	$88D0DC	WRAM	normal	$7FA001	FILE_AEAF7A|$400000	$88D0FC
asset_88D0DC	$88D0DC	WRAM	normal	$7F7000	FILE_AEB051	$88D102
asset_88D10A	$88D10A	VRAM	normal	$2000	VRAM_AE808E	$88D10C
asset_88D10A	$88D10A	VRAM	normal	$3000	VRAM_AEA8AF	$88D111
asset_88D10A	$88D10A	VRAM	normal	$5000	VRAM_A18681	$88D116
asset_88D10A	$88D10A	VRAM	normal	$7800	VRAM_97DA92	$88D11B
asset_88D10A	$88D10A	VRAM	normal	$7000	VRAM_97C99D	$88D120
asset_88D126	$88D126	WRAM	normal	$7FF000	FILE_AE8BA4	$88D128
asset_88D126	$88D126	WRAM	normal	$7FD000	FILE_AE8C07|$400000	$88D12E
asset_88D126	$88D126	WRAM	normal	$7FD001	FILE_AE8E0D|$400000	$88D134
asset_88D126	$88D126	WRAM	normal	$7FC000	FILE_AEB458	$88D13A
asset_88D126	$88D126	WRAM	normal	$7FA000	FILE_AEB48E|$400000	$88D140
asset_88D126	$88D126	WRAM	normal	$7FA001	FILE_AEB5B6|$400000	$88D146
asset_88D126	$88D126	WRAM	normal	$7F7000	FILE_AEB6C2	$88D14C
asset_88D154	$88D154	VRAM	normal	$2000	VRAM_AE808E	$88D156
asset_88D154	$88D154	VRAM	normal	$3000	VRAM_AEB07B	$88D15B
asset_88D154	$88D154	VRAM	normal	$5000	VRAM_A18681	$88D160
asset_88D154	$88D154	VRAM	normal	$7000	VRAM_97C99D	$88D165
asset_88D154	$88D154	VRAM	normal	$7600	VRAM_97F456	$88D16A
asset_88D154	$88D154	VRAM	normal	$7800	VRAM_97F6CC	$88D16F
asset_88D175	$88D175	WRAM	normal	$7FF000	FILE_AE8BA4	$88D177
asset_88D175	$88D175	WRAM	normal	$7FD000	FILE_AE8C07|$400000	$88D17D
asset_88D175	$88D175	WRAM	normal	$7FD001	FILE_AE8E0D|$400000	$88D183
asset_88D175	$88D175	WRAM	normal	$7FC000	FILE_AEB917	$88D189
asset_88D175	$88D175	WRAM	normal	$7FA000	FILE_AEB94E|$400000	$88D18F
asset_88D175	$88D175	WRAM	normal	$7FA001	FILE_AEBAA4|$400000	$88D195
asset_88D175	$88D175	WRAM	normal	$7F7000	FILE_AEBB9A	$88D19B
asset_88D1A3	$88D1A3	VRAM	normal	$2000	VRAM_AE808E	$88D1A5
asset_88D1A3	$88D1A3	VRAM	normal	$3000	VRAM_AEB6F2	$88D1AA
asset_88D1A3	$88D1A3	VRAM	normal	$5000	VRAM_A18681	$88D1AF
asset_88D1A3	$88D1A3	VRAM	normal	$7800	VRAM_97DBEE	$88D1B4
asset_88D1A3	$88D1A3	VRAM	normal	$7000	VRAM_97C99D	$88D1B9
asset_88D1BF	$88D1BF	WRAM	normal	$7FF000	FILE_AE8BA4	$88D1C1
asset_88D1BF	$88D1BF	WRAM	normal	$7FD000	FILE_AE8C07|$400000	$88D1C7
asset_88D1BF	$88D1BF	WRAM	normal	$7FD001	FILE_AE8E0D|$400000	$88D1CD
asset_88D1BF	$88D1BF	WRAM	normal	$7FC000	FILE_AEBE33	$88D1D3
asset_88D1BF	$88D1BF	WRAM	normal	$7FA000	FILE_AEBE64|$400000	$88D1D9
asset_88D1BF	$88D1BF	WRAM	normal	$7FA001	FILE_AEBF67|$400000	$88D1DF
asset_88D1BF	$88D1BF	WRAM	normal	$7F7000	FILE_AEBFFA	$88D1E5
asset_88D1ED	$88D1ED	VRAM	normal	$2000	VRAM_AE808E	$88D1EF
asset_88D1ED	$88D1ED	VRAM	normal	$3000	VRAM_AEBBC2	$88D1F4
asset_88D1ED	$88D1ED	VRAM	normal	$5000	VRAM_A18681	$88D1F9
asset_88D1ED	$88D1ED	VRAM	normal	$7800	VRAM_97DCB6	$88D1FE
asset_88D1ED	$88D1ED	VRAM	normal	$7000	VRAM_97C99D	$88D203
asset_88D209	$88D209	VRAM	normal	$2000	VRAM_AE808E	$88D20B
asset_88D209	$88D209	VRAM	normal	$3000	VRAM_AE8F22	$88D210
asset_88D209	$88D209	VRAM	normal	$5000	VRAM_A18681	$88D215
asset_88D209	$88D209	VRAM	normal	$7000	VRAM_97C99D	$88D21A
asset_88D209	$88D209	VRAM	normal	$7800	VRAM_97DE13	$88D21F
asset_88D225	$88D225	VRAM	normal	$2000	VRAM_AE808E	$88D227
asset_88D225	$88D225	VRAM	normal	$3000	VRAM_AE8F22	$88D22C
asset_88D225	$88D225	VRAM	normal	$5000	VRAM_A18681	$88D231
asset_88D225	$88D225	VRAM	normal	$7800	VRAM_97CE47	$88D236
asset_88D225	$88D225	VRAM	normal	$7000	VRAM_97C99D	$88D23B
asset_88D225	$88D225	VRAM	normal	$7800	VRAM_96BB25	$88D240
asset_88D246	$88D246	VRAM	normal	$2000	VRAM_AE808E	$88D248
asset_88D246	$88D246	VRAM	normal	$3000	VRAM_AE9EB9	$88D24D
asset_88D246	$88D246	VRAM	normal	$5000	VRAM_A18681	$88D252
asset_88D246	$88D246	VRAM	normal	$7800	VRAM_A6FEEF	$88D257
asset_88D246	$88D246	VRAM	normal	$7000	VRAM_97C99D	$88D25C
asset_88D262	$88D262	WRAM	normal	$7FC000	FILE_AEE60C	$88D264
asset_88D262	$88D262	WRAM	normal	$7FA000	FILE_AEE661|$400000	$88D26A
asset_88D262	$88D262	WRAM	normal	$7FA001	FILE_AEE700|$400000	$88D270
asset_88D262	$88D262	WRAM	normal	$7FF000	FILE_AEE122	$88D276
asset_88D262	$88D262	WRAM	normal	$7FD000	FILE_AEE159|$400000	$88D27C
asset_88D262	$88D262	WRAM	normal	$7FD001	FILE_AEE36E|$400000	$88D282
asset_88D262	$88D262	WRAM	normal	$7F7000	FILE_AEE63B	$88D288
asset_88D290	$88D290	VRAM	normal	$2000	VRAM_AED032	$88D292
asset_88D290	$88D290	VRAM	normal	$3000	VRAM_AEE440	$88D297
asset_88D290	$88D290	VRAM	normal	$5000	VRAM_A18681	$88D29C
asset_88D290	$88D290	VRAM	normal	$7000	VRAM_97DF16	$88D2A1
asset_88D290	$88D290	VRAM	normal	$7800	VRAM_97E185	$88D2A6
asset_88D2AC	$88D2AC	WRAM	normal	$7FC000	FILE_AEE9A7	$88D2AE
asset_88D2AC	$88D2AC	WRAM	normal	$7FA000	FILE_AEE9D1|$400000	$88D2B4
asset_88D2AC	$88D2AC	WRAM	normal	$7FA001	FILE_AEEA94|$400000	$88D2BA
asset_88D2AC	$88D2AC	WRAM	normal	$7FF000	FILE_AEE122	$88D2C0
asset_88D2AC	$88D2AC	WRAM	normal	$7FD000	FILE_AEE159|$400000	$88D2C6
asset_88D2AC	$88D2AC	WRAM	normal	$7FD001	FILE_AEE36E|$400000	$88D2CC
asset_88D2AC	$88D2AC	WRAM	normal	$7F7000	FILE_AEEB1B	$88D2D2
asset_88D2DA	$88D2DA	VRAM	normal	$2000	VRAM_AED032	$88D2DC
asset_88D2DA	$88D2DA	VRAM	normal	$3000	VRAM_AEE76C	$88D2E1
asset_88D2DA	$88D2DA	VRAM	normal	$5000	VRAM_A18681	$88D2E6
asset_88D2DA	$88D2DA	VRAM	normal	$7000	VRAM_97DF16	$88D2EB
asset_88D2DA	$88D2DA	VRAM	normal	$7800	VRAM_97E185	$88D2F0
asset_88D2F6	$88D2F6	WRAM	normal	$7FC000	FILE_AEEFA7	$88D2F8
asset_88D2F6	$88D2F6	WRAM	normal	$7FA000	FILE_98E618|$400000	$88D2FE
asset_88D2F6	$88D2F6	WRAM	normal	$7FA001	FILE_98E79C|$400000	$88D304
asset_88D2F6	$88D2F6	WRAM	normal	$7FF000	FILE_AEE122	$88D30A
asset_88D2F6	$88D2F6	WRAM	normal	$7FD000	FILE_AEE159|$400000	$88D310
asset_88D2F6	$88D2F6	WRAM	normal	$7FD001	FILE_AEE36E|$400000	$88D316
asset_88D2F6	$88D2F6	WRAM	normal	$7F7000	FILE_AEEFDC	$88D31C
asset_88D324	$88D324	VRAM	normal	$2000	VRAM_AED032	$88D326
asset_88D324	$88D324	VRAM	normal	$3000	VRAM_AEEB4F	$88D32B
asset_88D324	$88D324	VRAM	normal	$5000	VRAM_A18681	$88D330
asset_88D324	$88D324	VRAM	normal	$7000	VRAM_97DF16	$88D335
asset_88D324	$88D324	VRAM	normal	$7800	VRAM_97E8EE	$88D33A
asset_88D324	$88D324	VRAM	normal	$7A00	VRAM_97EA2B	$88D33F
asset_88D345	$88D345	WRAM	normal	$7FC000	FILE_AF8786	$88D347
asset_88D345	$88D345	WRAM	normal	$7FA000	FILE_AF87B7|$400000	$88D34D
asset_88D345	$88D345	WRAM	normal	$7FA001	FILE_AF8915|$400000	$88D353
asset_88D345	$88D345	WRAM	normal	$7FF000	FILE_AEE122	$88D359
asset_88D345	$88D345	WRAM	normal	$7FD000	FILE_AEE159|$400000	$88D35F
asset_88D345	$88D345	WRAM	normal	$7FD001	FILE_AEE36E|$400000	$88D365
asset_88D345	$88D345	WRAM	normal	$7F7000	FILE_AF89DD	$88D36B
asset_88D373	$88D373	VRAM	normal	$2000	VRAM_AED032	$88D375
asset_88D373	$88D373	VRAM	normal	$3000	VRAM_AF8000	$88D37A
asset_88D373	$88D373	VRAM	normal	$5000	VRAM_A18681	$88D37F
asset_88D373	$88D373	VRAM	normal	$7000	VRAM_97DF16	$88D384
asset_88D373	$88D373	VRAM	normal	$7600	VRAM_98EC72	$88D389
asset_88D38F	$88D38F	WRAM	normal	$7FC000	FILE_AF8E80	$88D391
asset_88D38F	$88D38F	WRAM	normal	$7FA000	FILE_AF8EB5|$400000	$88D397
asset_88D38F	$88D38F	WRAM	normal	$7FA001	FILE_AF9016|$400000	$88D39D
asset_88D38F	$88D38F	WRAM	normal	$7FF000	FILE_AEE122	$88D3A3
asset_88D38F	$88D38F	WRAM	normal	$7FD000	FILE_AEE159|$400000	$88D3A9
asset_88D38F	$88D38F	WRAM	normal	$7FD001	FILE_AEE36E|$400000	$88D3AF
asset_88D38F	$88D38F	WRAM	normal	$7F7000	FILE_AF9133	$88D3B5
asset_88D3BD	$88D3BD	VRAM	normal	$2000	VRAM_AED032	$88D3BF
asset_88D3BD	$88D3BD	VRAM	normal	$3000	VRAM_AF8A09	$88D3C4
asset_88D3BD	$88D3BD	VRAM	normal	$5000	VRAM_A18681	$88D3C9
asset_88D3BD	$88D3BD	VRAM	normal	$7000	VRAM_97DF16	$88D3CE
asset_88D3BD	$88D3BD	VRAM	normal	$7800	VRAM_97F2AD	$88D3D3
asset_88D3BD	$88D3BD	VRAM	normal	$7A00	VRAM_92F973	$88D3D8
asset_88D3DE	$88D3DE	WRAM	normal	$7FC000	FILE_AF96CF	$88D3E0
asset_88D3DE	$88D3DE	WRAM	normal	$7FA000	FILE_AF9706|$400000	$88D3E6
asset_88D3DE	$88D3DE	WRAM	normal	$7FA001	FILE_AF98C3|$400000	$88D3EC
asset_88D3DE	$88D3DE	WRAM	normal	$7FF000	FILE_AEE122	$88D3F2
asset_88D3DE	$88D3DE	WRAM	normal	$7FD000	FILE_AEE159|$400000	$88D3F8
asset_88D3DE	$88D3DE	WRAM	normal	$7FD001	FILE_AEE36E|$400000	$88D3FE
asset_88D3DE	$88D3DE	WRAM	normal	$7F7000	FILE_AF9133	$88D404
asset_88D40C	$88D40C	VRAM	normal	$2000	VRAM_AED032	$88D40E
asset_88D40C	$88D40C	VRAM	normal	$3000	VRAM_AF915B	$88D413
asset_88D40C	$88D40C	VRAM	normal	$5000	VRAM_A18681	$88D418
asset_88D40C	$88D40C	VRAM	normal	$7600	VRAM_97F456	$88D41D
asset_88D40C	$88D40C	VRAM	normal	$7800	VRAM_97F6CC	$88D422
asset_88D428	$88D428	WRAM	normal	$7FC000	FILE_AF9E03	$88D42A
asset_88D428	$88D428	WRAM	normal	$7FA000	FILE_AF9E3A|$400000	$88D430
asset_88D428	$88D428	WRAM	normal	$7FA001	FILE_AF9FE6|$400000	$88D436
asset_88D428	$88D428	WRAM	normal	$7FF000	FILE_AEE122	$88D43C
asset_88D428	$88D428	WRAM	normal	$7FD000	FILE_AEE159|$400000	$88D442
asset_88D428	$88D428	WRAM	normal	$7FD001	FILE_AEE36E|$400000	$88D448
asset_88D428	$88D428	WRAM	normal	$7F7000	FILE_AFA0F6	$88D44E
asset_88D456	$88D456	VRAM	normal	$2000	VRAM_AED032	$88D458
asset_88D456	$88D456	VRAM	normal	$3000	VRAM_AF99F6	$88D45D
asset_88D456	$88D456	VRAM	normal	$5000	VRAM_A18681	$88D462
asset_88D456	$88D456	VRAM	normal	$7600	VRAM_97F456	$88D467
asset_88D456	$88D456	VRAM	normal	$7800	VRAM_97F6CC	$88D46C
asset_88D472	$88D472	WRAM	normal	$7FC000	FILE_AFA53F	$88D474
asset_88D472	$88D472	WRAM	normal	$7FA000	FILE_AFA576|$400000	$88D47A
asset_88D472	$88D472	WRAM	normal	$7FA001	FILE_AFA73B|$400000	$88D480
asset_88D472	$88D472	WRAM	normal	$7FF000	FILE_AEE122	$88D486
asset_88D472	$88D472	WRAM	normal	$7FD000	FILE_AEE159|$400000	$88D48C
asset_88D472	$88D472	WRAM	normal	$7FD001	FILE_AEE36E|$400000	$88D492
asset_88D472	$88D472	WRAM	normal	$7F7000	FILE_AFA894	$88D498
asset_88D4A0	$88D4A0	VRAM	normal	$2000	VRAM_AED032	$88D4A2
asset_88D4A0	$88D4A0	VRAM	normal	$3000	VRAM_AFA126	$88D4A7
asset_88D4A0	$88D4A0	VRAM	normal	$5000	VRAM_A18681	$88D4AC
asset_88D4A0	$88D4A0	VRAM	normal	$7600	VRAM_97F456	$88D4B1
asset_88D4A0	$88D4A0	VRAM	normal	$7800	VRAM_97F6CC	$88D4B6
asset_88D4BC	$88D4BC	WRAM	normal	$7FC000	FILE_AFAE51	$88D4BE
asset_88D4BC	$88D4BC	WRAM	normal	$7FA000	FILE_AFAE85|$400000	$88D4C4
asset_88D4BC	$88D4BC	WRAM	normal	$7FA001	FILE_AFAFE8|$400000	$88D4CA
asset_88D4BC	$88D4BC	WRAM	normal	$7FF000	FILE_AEE122	$88D4D0
asset_88D4BC	$88D4BC	WRAM	normal	$7FD000	FILE_AEE159|$400000	$88D4D6
asset_88D4BC	$88D4BC	WRAM	normal	$7FD001	FILE_AEE36E|$400000	$88D4DC
asset_88D4BC	$88D4BC	WRAM	normal	$7F7000	FILE_AFB101	$88D4E2
asset_88D4EA	$88D4EA	VRAM	normal	$2000	VRAM_AED032	$88D4EC
asset_88D4EA	$88D4EA	VRAM	normal	$3000	VRAM_AFA8BA	$88D4F1
asset_88D4EA	$88D4EA	VRAM	normal	$5000	VRAM_A18681	$88D4F6
asset_88D4EA	$88D4EA	VRAM	normal	$7000	VRAM_97DF16	$88D4FB
asset_88D4EA	$88D4EA	VRAM	normal	$7800	VRAM_97F975	$88D500
asset_88D506	$88D506	WRAM	normal	$7FC000	FILE_AFB599	$88D508
asset_88D506	$88D506	WRAM	normal	$7FA000	FILE_AFB5C8|$400000	$88D50E
asset_88D506	$88D506	WRAM	normal	$7FA001	FILE_AFB718|$400000	$88D514
asset_88D506	$88D506	WRAM	normal	$7F7000	FILE_AFB7DE	$88D51A
asset_88D506	$88D506	WRAM	normal	$7FF000	FILE_AEE122	$88D520
asset_88D506	$88D506	WRAM	normal	$7FD000	FILE_AEE159|$400000	$88D526
asset_88D506	$88D506	WRAM	normal	$7FD001	FILE_AEE36E|$400000	$88D52C
asset_88D506	$88D506	WRAM	normal	$7F7000	FILE_AFB7DE	$88D532
asset_88D53A	$88D53A	VRAM	normal	$2000	VRAM_AED032	$88D53C
asset_88D53A	$88D53A	VRAM	normal	$3000	VRAM_AFB133	$88D541
asset_88D53A	$88D53A	VRAM	normal	$5000	VRAM_A18681	$88D546
asset_88D53A	$88D53A	VRAM	normal	$7000	VRAM_97DF16	$88D54B
asset_88D53A	$88D53A	VRAM	normal	$7800	VRAM_A0EBDA	$88D550
asset_88D556	$88D556	WRAM	normal	$7FC000	FILE_AFBE07	$88D558
asset_88D556	$88D556	WRAM	normal	$7FA000	FILE_98D12A|$400000	$88D55E
asset_88D556	$88D556	WRAM	normal	$7FA001	FILE_98D212|$400000	$88D564
asset_88D556	$88D556	WRAM	normal	$7FF000	FILE_AEE122	$88D56A
asset_88D556	$88D556	WRAM	normal	$7FD000	FILE_AEE159|$400000	$88D570
asset_88D556	$88D556	WRAM	normal	$7FD001	FILE_AEE36E|$400000	$88D576
asset_88D556	$88D556	WRAM	normal	$7F7000	FILE_AFBE30	$88D57C
asset_88D584	$88D584	VRAM	normal	$2000	VRAM_AED032	$88D586
asset_88D584	$88D584	VRAM	normal	$3000	VRAM_AFB808	$88D58B
asset_88D584	$88D584	VRAM	normal	$5000	VRAM_A18681	$88D590
asset_88D584	$88D584	VRAM	normal	$7000	VRAM_97DF16	$88D595
asset_88D584	$88D584	VRAM	normal	$7800	VRAM_97FA4E	$88D59A
asset_88D5A0	$88D5A0	WRAM	normal	$7FC000	FILE_AEF006	$88D5A2
asset_88D5A0	$88D5A0	WRAM	normal	$7FA000	FILE_98E618|$400000	$88D5A8
asset_88D5A0	$88D5A0	WRAM	normal	$7FA001	FILE_98E79C|$400000	$88D5AE
asset_88D5A0	$88D5A0	WRAM	normal	$7FF000	FILE_AEE122	$88D5B4
asset_88D5A0	$88D5A0	WRAM	normal	$7FD000	FILE_AEE159|$400000	$88D5BA
asset_88D5A0	$88D5A0	WRAM	normal	$7FD001	FILE_AEE36E|$400000	$88D5C0
asset_88D5A0	$88D5A0	WRAM	normal	$7F7000	FILE_AEF03B	$88D5C6
asset_88D5CE	$88D5CE	VRAM	normal	$2000	VRAM_AED032	$88D5D0
asset_88D5CE	$88D5CE	VRAM	normal	$3000	VRAM_AEE440	$88D5D5
asset_88D5CE	$88D5CE	VRAM	normal	$5000	VRAM_A18681	$88D5DA
asset_88D5CE	$88D5CE	VRAM	normal	$7F00	VRAM_97DF16	$88D5DF
asset_88D5CE	$88D5CE	VRAM	normal	$7000	VRAM_BEB2DC	$88D5E4
asset_88D5CE	$88D5CE	VRAM	normal	$7400	VRAM_BEB933	$88D5E9
asset_88D5EF	$88D5EF	VRAM	normal	$2000	VRAM_AED032	$88D5F1
asset_88D5EF	$88D5EF	VRAM	normal	$3000	VRAM_AEE440	$88D5F6
asset_88D5EF	$88D5EF	VRAM	normal	$5000	VRAM_A18681	$88D5FB
asset_88D5EF	$88D5EF	VRAM	normal	$7F00	VRAM_97DF16	$88D600
asset_88D5EF	$88D5EF	VRAM	normal	$7000	VRAM_BECCF2	$88D605
asset_88D60B	$88D60B	VRAM	normal	$2000	VRAM_AED032	$88D60D
asset_88D60B	$88D60B	VRAM	normal	$3000	VRAM_AEE440	$88D612
asset_88D60B	$88D60B	VRAM	normal	$5000	VRAM_A18681	$88D617
asset_88D60B	$88D60B	VRAM	normal	$7F00	VRAM_97DF16	$88D61C
asset_88D60B	$88D60B	VRAM	normal	$7000	VRAM_B1DC84	$88D621
asset_88D60B	$88D60B	VRAM	normal	$7200	VRAM_97FBE8	$88D626
asset_88D62C	$88D62C	SPRITE		$33C8	SPRITE_A88477	$88D62D
asset_88D62C	$88D62C	SPRITE		$32E6	SPRITE_A88340	$88D632
asset_88D62C	$88D62C	SPRITE		$3000	SPRITE_A8A31D	$88D637
asset_88D62C	$88D62C	SPRITE		$3196	SPRITE_A88930	$88D63C
asset_88D62C	$88D62C	SPRITE	last	$3BC8	SPRITE_A8858F	$88D641
asset_88D647	$88D647	SPRITE		$3BC8	SPRITE_A8858F	$88D648
asset_88D647	$88D647	SPRITE		$3000	SPRITE_A8A31D	$88D64D
asset_88D647	$88D647	SPRITE	last	$3196	SPRITE_A88930	$88D652
asset_88D658	$88D658	SPRITE		$3A4E	SPRITE_A892F7	$88D659
asset_88D658	$88D658	SPRITE		$3000	SPRITE_A8A31D	$88D65E
asset_88D658	$88D658	SPRITE	last	$3196	SPRITE_A88930	$88D663
asset_88D669	$88D669	SPRITE		$3000	SPRITE_A8A31D	$88D66A
asset_88D669	$88D669	SPRITE		$3196	SPRITE_A88930	$88D66F
asset_88D669	$88D669	SPRITE	last	$32E6	SPRITE_A8951A	$88D674
asset_88D669	$88D669	WRAM	normal	$7F0000	FILE_98BA75	$88D67B
asset_88D669	$88D669	WRAM	normal	$7F0100	FILE_A3DDC4	$88D681
asset_88D689	$88D689	SPRITE		$3000	SPRITE_A8A31D	$88D68A
asset_88D689	$88D689	SPRITE	last	$3196	SPRITE_A88930	$88D68F
asset_88D695	$88D695	SPRITE		$3A4E	SPRITE_A892F7	$88D696
asset_88D695	$88D695	SPRITE		$32E6	SPRITE_A88340	$88D69B
asset_88D695	$88D695	SPRITE		$3000	SPRITE_A8A31D	$88D6A0
asset_88D695	$88D695	SPRITE	last	$3196	SPRITE_A88930	$88D6A5
asset_88D695	$88D695	WRAM	normal	$7F0100	FILE_A3DDC4	$88D6AC
asset_88D6B4	$88D6B4	SPRITE		$32E6	SPRITE_A88340	$88D6B5
asset_88D6B4	$88D6B4	SPRITE		$3B4C	SPRITE_A890F4	$88D6BA
asset_88D6B4	$88D6B4	SPRITE		$3000	SPRITE_A8A31D	$88D6BF
asset_88D6B4	$88D6B4	SPRITE	last	$3196	SPRITE_A88930	$88D6C4
asset_88D6B4	$88D6B4	WRAM	normal	$7F0000	FILE_98BA75	$88D6CB
asset_88D6B4	$88D6B4	WRAM	normal	$7F0100	FILE_A3DDC4	$88D6D1
asset_88D6D9	$88D6D9	SPRITE		$32E6	SPRITE_A88340	$88D6DA
asset_88D6D9	$88D6D9	SPRITE		$3000	SPRITE_A8A31D	$88D6DF
asset_88D6D9	$88D6D9	SPRITE	last	$3196	SPRITE_A88930	$88D6E4
asset_88D6EA	$88D6EA	SPRITE		$387E	SPRITE_A88AC2	$88D6EB
asset_88D6EA	$88D6EA	SPRITE		$3830	SPRITE_A88B98	$88D6F0
asset_88D6EA	$88D6EA	SPRITE		$33C8	SPRITE_A88477	$88D6F5
asset_88D6EA	$88D6EA	SPRITE		$3000	SPRITE_A8A31D	$88D6FA
asset_88D6EA	$88D6EA	SPRITE	last	$32E6	SPRITE_A88340	$88D6FF
asset_88D705	$88D705	SPRITE		$3000	SPRITE_A8A31D	$88D706
asset_88D705	$88D705	SPRITE		$3196	SPRITE_A88930	$88D70B
asset_88D705	$88D705	SPRITE	last	$32E6	SPRITE_A8951A	$88D710
asset_88D705	$88D705	WRAM	normal	$7F0100	FILE_A3DDC4	$88D717
asset_88D71F	$88D71F	SPRITE		$3A4E	SPRITE_A892F7	$88D720
asset_88D71F	$88D71F	SPRITE		$3000	SPRITE_A8A31D	$88D725
asset_88D71F	$88D71F	SPRITE		$3196	SPRITE_A88930	$88D72A
asset_88D71F	$88D71F	SPRITE		$33C8	SPRITE_A88477	$88D72F
asset_88D71F	$88D71F	SPRITE	last	$32E6	SPRITE_A88340	$88D734
asset_88D73C	$88D73C	SPRITE		$3000	SPRITE_A8A31D	$88D73D
asset_88D73C	$88D73C	SPRITE	last	$3196	SPRITE_A88930	$88D742
asset_88D73C	$88D73C	WRAM	normal	$7F0100	FILE_A3DDC4	$88D749
asset_88D751	$88D751	SPRITE		$32E6	SPRITE_A88340	$88D752
asset_88D751	$88D751	SPRITE		$3000	SPRITE_A8A31D	$88D757
asset_88D751	$88D751	SPRITE		$3196	SPRITE_A88930	$88D75C
asset_88D751	$88D751	SPRITE	last	$387C	SPRITE_A8908D	$88D761
asset_88D751	$88D751	WRAM	normal	$7F0100	FILE_A3DDC4	$88D768
asset_88D770	$88D770	SPRITE		$3B4C	SPRITE_A890F4	$88D771
asset_88D770	$88D770	SPRITE		$387C	SPRITE_A8916C	$88D776
asset_88D770	$88D770	SPRITE		$3000	SPRITE_A8A31D	$88D77B
asset_88D770	$88D770	SPRITE	last	$3196	SPRITE_A88930	$88D780
asset_88D770	$88D770	WRAM	normal	$7F0100	FILE_A3DDC4	$88D787
asset_88D78F	$88D78F	SPRITE		$32E6	SPRITE_A88340	$88D790
asset_88D78F	$88D78F	SPRITE		$3000	SPRITE_A8A31D	$88D795
asset_88D78F	$88D78F	SPRITE	last	$3196	SPRITE_A88930	$88D79A
asset_88D78F	$88D78F	WRAM	normal	$7F0100	FILE_A3DDC4	$88D7A1
asset_88D7A9	$88D7A9	SPRITE		$32E6	SPRITE_A88340	$88D7AA
asset_88D7A9	$88D7A9	SPRITE		$3A4E	SPRITE_A892F7	$88D7AF
asset_88D7A9	$88D7A9	SPRITE		$3000	SPRITE_A8A31D	$88D7B4
asset_88D7A9	$88D7A9	SPRITE	last	$3196	SPRITE_A88930	$88D7B9
asset_88D7A9	$88D7A9	WRAM	normal	$7F0100	FILE_A3DDC4	$88D7C0
asset_88D7C8	$88D7C8	SPRITE		$32E6	SPRITE_A88340	$88D7C9
asset_88D7C8	$88D7C8	SPRITE		$3A4E	SPRITE_A892F7	$88D7CE
asset_88D7C8	$88D7C8	SPRITE		$3000	SPRITE_A8A31D	$88D7D3
asset_88D7C8	$88D7C8	SPRITE	last	$3196	SPRITE_A88930	$88D7D8
asset_88D7C8	$88D7C8	WRAM	normal	$7F0100	FILE_A6ADA9	$88D7DF
asset_88D7E7	$88D7E7	SPRITE		$32E6	SPRITE_A88340	$88D7E8
asset_88D7E7	$88D7E7	SPRITE		$3A4E	SPRITE_A892F7	$88D7ED
asset_88D7E7	$88D7E7	SPRITE		$3000	SPRITE_A8A31D	$88D7F2
asset_88D7E7	$88D7E7	SPRITE	last	$3196	SPRITE_A88930	$88D7F7
asset_88D7FD	$88D7FD	SPRITE		$32E6	SPRITE_A88340	$88D7FE
asset_88D7FD	$88D7FD	SPRITE		$3A4E	SPRITE_A892F7	$88D803
asset_88D7FD	$88D7FD	SPRITE		$3000	SPRITE_A8A31D	$88D808
asset_88D7FD	$88D7FD	SPRITE	last	$3196	SPRITE_A88930	$88D80D
asset_88D7FD	$88D7FD	WRAM	normal	$7F0100	FILE_A6ADA9	$88D814
asset_88D81C	$88D81C	SPRITE		$32E6	SPRITE_A88340	$88D81D
asset_88D81C	$88D81C	SPRITE		$3A4E	SPRITE_A892F7	$88D822
asset_88D81C	$88D81C	SPRITE		$3000	SPRITE_A8A31D	$88D827
asset_88D81C	$88D81C	SPRITE	last	$3196	SPRITE_A88930	$88D82C
asset_88D81C	$88D81C	WRAM	normal	$7F0100	FILE_A6ADA9	$88D833
asset_88D83B	$88D83B	SPRITE		$32E6	SPRITE_A88340	$88D83C
asset_88D83B	$88D83B	SPRITE		$3A4E	SPRITE_A892F7	$88D841
asset_88D83B	$88D83B	SPRITE		$3000	SPRITE_A8A31D	$88D846
asset_88D83B	$88D83B	SPRITE	last	$3196	SPRITE_A88930	$88D84B
asset_88D852	$88D852	SPRITE		$32E6	SPRITE_A88340	$88D853
asset_88D852	$88D852	SPRITE		$3000	SPRITE_A8A31D	$88D858
asset_88D852	$88D852	SPRITE		$3A4E	SPRITE_A892F7	$88D85D
asset_88D852	$88D852	SPRITE	last	$3196	SPRITE_A88930	$88D862
asset_88D852	$88D852	WRAM	normal	$7F0100	FILE_A6ADA9	$88D869
asset_88D871	$88D871	SPRITE		$33C8	SPRITE_A88477	$88D872
asset_88D871	$88D871	SPRITE		$32E6	SPRITE_A88340	$88D877
asset_88D871	$88D871	SPRITE		$3000	SPRITE_A8A31D	$88D87C
asset_88D871	$88D871	SPRITE	last	$3196	SPRITE_A88930	$88D881
asset_88D888	$88D888	SPRITE		$33C8	SPRITE_A88477	$88D889
asset_88D888	$88D888	SPRITE		$32E6	SPRITE_A88340	$88D88E
asset_88D888	$88D888	SPRITE		$3A4E	SPRITE_A892F7	$88D893
asset_88D888	$88D888	SPRITE		$3000	SPRITE_A8A31D	$88D898
asset_88D888	$88D888	SPRITE	last	$3196	SPRITE_A88930	$88D89D
asset_88D8A4	$88D8A4	SPRITE		$33C8	SPRITE_A88477	$88D8A5
asset_88D8A4	$88D8A4	SPRITE		$3A4E	SPRITE_A892F7	$88D8AA
asset_88D8A4	$88D8A4	SPRITE		$3000	SPRITE_A8A31D	$88D8AF
asset_88D8A4	$88D8A4	SPRITE	last	$3196	SPRITE_A88930	$88D8B4
asset_88D8BB	$88D8BB	SPRITE		$37BC	SPRITE_A88FB6	$88D8BC
asset_88D8BB	$88D8BB	SPRITE		$3000	SPRITE_A8A31D	$88D8C1
asset_88D8BB	$88D8BB	SPRITE	last	$3196	SPRITE_A88930	$88D8C6
asset_88D8BB	$88D8BB	WRAM	normal	$7F0000	FILE_98BA75	$88D8CD
asset_88D8BB	$88D8BB	WRAM	normal	$7F0100	FILE_A3DDC4	$88D8D3
asset_88D8DB	$88D8DB	SPRITE		$37BC	SPRITE_A88FB6	$88D8DC
asset_88D8DB	$88D8DB	SPRITE		$3000	SPRITE_A8A31D	$88D8E1
asset_88D8DB	$88D8DB	SPRITE	last	$3196	SPRITE_A88930	$88D8E6
asset_88D8DB	$88D8DB	WRAM	normal	$7F0000	FILE_98BA75	$88D8ED
asset_88D8DB	$88D8DB	WRAM	normal	$7F0100	FILE_A3DDC4	$88D8F3
asset_88D8FB	$88D8FB	SPRITE		$37BC	SPRITE_A88FB6	$88D8FC
asset_88D8FB	$88D8FB	SPRITE		$3000	SPRITE_A8A31D	$88D901
asset_88D8FB	$88D8FB	SPRITE	last	$3196	SPRITE_A88930	$88D906
asset_88D8FB	$88D8FB	WRAM	normal	$7F0000	FILE_98BA75	$88D90D
asset_88D8FB	$88D8FB	WRAM	normal	$7F0100	FILE_A3DDC4	$88D913
asset_88D91B	$88D91B	SPRITE		$3B4C	SPRITE_A890F4	$88D91C
asset_88D91B	$88D91B	SPRITE		$37BC	SPRITE_A88FB6	$88D921
asset_88D91B	$88D91B	SPRITE		$3000	SPRITE_A8A31D	$88D926
asset_88D91B	$88D91B	SPRITE	last	$3196	SPRITE_A88930	$88D92B
asset_88D91B	$88D91B	WRAM	normal	$7F0000	FILE_98BA75	$88D932
asset_88D91B	$88D91B	WRAM	normal	$7F0100	FILE_A3DDC4	$88D938
asset_88D940	$88D940	SPRITE		$32E6	SPRITE_A88340	$88D941
asset_88D940	$88D940	SPRITE		$3A4E	SPRITE_A892F7	$88D946
asset_88D940	$88D940	SPRITE		$3000	SPRITE_A8A31D	$88D94B
asset_88D940	$88D940	SPRITE	last	$3196	SPRITE_A88930	$88D950
asset_88D940	$88D940	WRAM	normal	$7F0000	FILE_98BA75	$88D957
asset_88D940	$88D940	WRAM	normal	$7F0100	FILE_A3DDC4	$88D95D
asset_88D965	$88D965	SPRITE		$33C8	SPRITE_A88477	$88D966
asset_88D965	$88D965	SPRITE		$32E6	SPRITE_A88340	$88D96B
asset_88D965	$88D965	SPRITE		$3A4E	SPRITE_A892F7	$88D970
asset_88D965	$88D965	SPRITE		$3000	SPRITE_A8A31D	$88D975
asset_88D965	$88D965	SPRITE	last	$3196	SPRITE_A88930	$88D97A
asset_88D965	$88D965	WRAM	normal	$7F0000	FILE_98BA75	$88D981
asset_88D965	$88D965	WRAM	normal	$7F0100	FILE_A3DDC4	$88D987
asset_88D98F	$88D98F	SPRITE		$33C8	SPRITE_A88477	$88D990
asset_88D98F	$88D98F	SPRITE		$32E6	SPRITE_A88340	$88D995
asset_88D98F	$88D98F	SPRITE		$3A4E	SPRITE_A892F7	$88D99A
asset_88D98F	$88D98F	SPRITE		$3000	SPRITE_A8A31D	$88D99F
asset_88D98F	$88D98F	SPRITE	last	$3196	SPRITE_A88930	$88D9A4
asset_88D98F	$88D98F	WRAM	normal	$7F0000	FILE_98BA75	$88D9AB
asset_88D98F	$88D98F	WRAM	normal	$7F0100	FILE_A3DDC4	$88D9B1
asset_88D9B9	$88D9B9	SPRITE		$37BC	SPRITE_A88FB6	$88D9BA
asset_88D9B9	$88D9B9	SPRITE		$3A4E	SPRITE_A892F7	$88D9BF
asset_88D9B9	$88D9B9	SPRITE		$3000	SPRITE_A8A31D	$88D9C4
asset_88D9B9	$88D9B9	SPRITE	last	$3196	SPRITE_A88930	$88D9C9
asset_88D9B9	$88D9B9	WRAM	normal	$7F0000	FILE_98BA75	$88D9D0
asset_88D9B9	$88D9B9	WRAM	normal	$7F0100	FILE_A3DDC4	$88D9D6
asset_88D9DE	$88D9DE	SPRITE		$3B4C	SPRITE_A890F4	$88D9DF
asset_88D9DE	$88D9DE	SPRITE		$37BC	SPRITE_A88FB6	$88D9E4
asset_88D9DE	$88D9DE	SPRITE		$3A4E	SPRITE_A892F7	$88D9E9
asset_88D9DE	$88D9DE	SPRITE		$3000	SPRITE_A8A31D	$88D9EE
asset_88D9DE	$88D9DE	SPRITE	last	$3196	SPRITE_A88930	$88D9F3
asset_88D9DE	$88D9DE	WRAM	normal	$7F0000	FILE_98BA75	$88D9FA
asset_88D9DE	$88D9DE	WRAM	normal	$7F0100	FILE_A3DDC4	$88DA00
asset_88DA08	$88DA08	SPRITE		$32E6	SPRITE_A88340	$88DA09
asset_88DA08	$88DA08	SPRITE		$3B4C	SPRITE_A890F4	$88DA0E
asset_88DA08	$88DA08	SPRITE		$37BC	SPRITE_A88FB6	$88DA13
asset_88DA08	$88DA08	SPRITE		$3A4E	SPRITE_A892F7	$88DA18
asset_88DA08	$88DA08	SPRITE		$3000	SPRITE_A8A31D	$88DA1D
asset_88DA08	$88DA08	SPRITE	last	$3196	SPRITE_A88930	$88DA22
asset_88DA08	$88DA08	WRAM	normal	$7F0000	FILE_98BA75	$88DA29
asset_88DA08	$88DA08	WRAM	normal	$7F0100	FILE_A3DDC4	$88DA2F
asset_88DA37	$88DA37	SPRITE		$32E6	SPRITE_A88340	$88DA38
asset_88DA37	$88DA37	SPRITE		$37BC	SPRITE_A88FB6	$88DA3D
asset_88DA37	$88DA37	SPRITE		$3000	SPRITE_A8A31D	$88DA42
asset_88DA37	$88DA37	SPRITE	last	$3196	SPRITE_A88930	$88DA47
asset_88DA37	$88DA37	WRAM	normal	$7F0000	FILE_98BA75	$88DA4E
asset_88DA37	$88DA37	WRAM	normal	$7F0100	FILE_A3DDC4	$88DA54
asset_88DA5C	$88DA5C	SPRITE		$37BC	SPRITE_A88FB6	$88DA5D
asset_88DA5C	$88DA5C	SPRITE		$3B4C	SPRITE_A890F4	$88DA62
asset_88DA5C	$88DA5C	SPRITE		$3000	SPRITE_A8A31D	$88DA67
asset_88DA5C	$88DA5C	SPRITE	last	$3196	SPRITE_A88930	$88DA6C
asset_88DA5C	$88DA5C	WRAM	normal	$7F0000	FILE_98BA75	$88DA73
asset_88DA5C	$88DA5C	WRAM	normal	$7F0100	FILE_A3DDC4	$88DA79
asset_88DA81	$88DA81	SPRITE		$3000	SPRITE_A8A31D	$88DA82
asset_88DA81	$88DA81	SPRITE		$3A4E	SPRITE_A892F7	$88DA87
asset_88DA81	$88DA81	SPRITE	last	$3196	SPRITE_A88930	$88DA8C
asset_88DA81	$88DA81	WRAM	normal	$7F0000	FILE_98BA75	$88DA93
asset_88DA81	$88DA81	WRAM	normal	$7F0100	FILE_A3DDC4	$88DA99
asset_88DAA1	$88DAA1	SPRITE		$33C8	SPRITE_A88477	$88DAA2
asset_88DAA1	$88DAA1	SPRITE		$32E6	SPRITE_A88340	$88DAA7
asset_88DAA1	$88DAA1	SPRITE		$3A4E	SPRITE_A892F7	$88DAAC
asset_88DAA1	$88DAA1	SPRITE		$3000	SPRITE_A8A31D	$88DAB1
asset_88DAA1	$88DAA1	SPRITE	last	$3196	SPRITE_A88930	$88DAB6
asset_88DAA1	$88DAA1	WRAM	normal	$7F0100	FILE_A3DDC4	$88DABD
asset_88DAC5	$88DAC5	SPRITE		$387E	SPRITE_A880CE	$88DAC6
asset_88DAC5	$88DAC5	SPRITE		$3BC8	SPRITE_A8858F	$88DACB
asset_88DAC5	$88DAC5	SPRITE		$3000	SPRITE_A8A31D	$88DAD0
asset_88DAC5	$88DAC5	SPRITE	last	$32E6	SPRITE_A8A508	$88DAD5
asset_88DAC5	$88DAC5	WRAM	normal	$7F0900	FILE_AFD149	$88DADC
asset_88DAE4	$88DAE4	SPRITE		$387E	SPRITE_A880CE	$88DAE5
asset_88DAE4	$88DAE4	SPRITE		$3BC8	SPRITE_A8858F	$88DAEA
asset_88DAE4	$88DAE4	SPRITE		$3000	SPRITE_A8A31D	$88DAEF
asset_88DAE4	$88DAE4	SPRITE	last	$32E6	SPRITE_A8A508	$88DAF4
asset_88DAE4	$88DAE4	WRAM	normal	$7F0900	FILE_AFD149	$88DAFB
asset_88DB03	$88DB03	SPRITE		$362E	SPRITE_A8AC30	$88DB04
asset_88DB03	$88DB03	SPRITE	last	$35BA	SPRITE_A89D72	$88DB09
asset_88DB15	$88DB15	SPRITE		$3000	SPRITE_A8A31D	$88DB16
asset_88DB15	$88DB15	SPRITE	last	$3000	SPRITE_A8A1EA	$88DB1B
asset_88DB21	$88DB21	SPRITE	last	$3000	SPRITE_A8B4B3	$88DB22
asset_88DB28	$88DB28	SPRITE		$387E	SPRITE_A880CE	$88DB29
asset_88DB28	$88DB28	SPRITE		$3A4E	SPRITE_A892F7	$88DB2E
asset_88DB28	$88DB28	SPRITE		$3000	SPRITE_A8A31D	$88DB33
asset_88DB28	$88DB28	SPRITE	last	$32E6	SPRITE_A8A508	$88DB38
asset_88DB28	$88DB28	WRAM	normal	$7F0900	FILE_AFD149	$88DB3F
asset_88DB47	$88DB47	SPRITE		$387E	SPRITE_A880CE	$88DB48
asset_88DB47	$88DB47	SPRITE		$3000	SPRITE_A8A31D	$88DB4D
asset_88DB47	$88DB47	SPRITE	last	$32E6	SPRITE_A8A508	$88DB52
asset_88DB47	$88DB47	WRAM	normal	$7F0100	FILE_A6ADA9	$88DB59
asset_88DB47	$88DB47	WRAM	normal	$7F0900	FILE_AFD149	$88DB5F
asset_88DB67	$88DB67	SPRITE		$387E	SPRITE_A880CE	$88DB68
asset_88DB67	$88DB67	SPRITE		$3000	SPRITE_A8A31D	$88DB6D
asset_88DB67	$88DB67	SPRITE	last	$32E6	SPRITE_A8A508	$88DB72
asset_88DB67	$88DB67	WRAM	normal	$7F0100	FILE_A6ADA9	$88DB79
asset_88DB67	$88DB67	WRAM	normal	$7F0900	FILE_AFD149	$88DB7F
asset_88DB87	$88DB87	SPRITE		$387E	SPRITE_A880CE	$88DB88
asset_88DB87	$88DB87	SPRITE		$3000	SPRITE_A8A31D	$88DB8D
asset_88DB87	$88DB87	SPRITE	last	$32E6	SPRITE_A8A508	$88DB92
asset_88DB87	$88DB87	WRAM	normal	$7F0100	FILE_A6ADA9	$88DB99
asset_88DB87	$88DB87	WRAM	normal	$7F0900	FILE_AFD149	$88DB9F
asset_88DBA7	$88DBA7	SPRITE		$387E	SPRITE_A880CE	$88DBA8
asset_88DBA7	$88DBA7	SPRITE		$3000	SPRITE_A8A31D	$88DBAD
asset_88DBA7	$88DBA7	SPRITE	last	$32E6	SPRITE_A8A508	$88DBB2
asset_88DBA7	$88DBA7	WRAM	normal	$7F0900	FILE_AFD149	$88DBB9
asset_88DBC1	$88DBC1	SPRITE		$387E	SPRITE_A880CE	$88DBC2
asset_88DBC1	$88DBC1	SPRITE		$3B4C	SPRITE_A890F4	$88DBC7
asset_88DBC1	$88DBC1	SPRITE		$3000	SPRITE_A8A31D	$88DBCC
asset_88DBC1	$88DBC1	SPRITE	last	$32E6	SPRITE_A8A508	$88DBD1
asset_88DBC1	$88DBC1	WRAM	normal	$7F0900	FILE_AFD149	$88DBD8
asset_88DBE0	$88DBE0	SPRITE		$387E	SPRITE_A880CE	$88DBE1
asset_88DBE0	$88DBE0	SPRITE		$3000	SPRITE_A8A31D	$88DBE6
asset_88DBE0	$88DBE0	SPRITE	last	$32E6	SPRITE_A8A508	$88DBEB
asset_88DBE0	$88DBE0	WRAM	normal	$7F0900	FILE_AFD149	$88DBF2
asset_88DBFA	$88DBFA	SPRITE		$387E	SPRITE_A880CE	$88DBFB
asset_88DBFA	$88DBFA	SPRITE		$3BC8	SPRITE_A8858F	$88DC00
asset_88DBFA	$88DBFA	SPRITE		$3000	SPRITE_A8A31D	$88DC05
asset_88DBFA	$88DBFA	SPRITE	last	$32E6	SPRITE_A8A508	$88DC0A
asset_88DBFA	$88DBFA	WRAM	normal	$7F0900	FILE_AFD149	$88DC11
asset_88DC19	$88DC19	SPRITE		$387E	SPRITE_A880CE	$88DC1A
asset_88DC19	$88DC19	SPRITE		$3000	SPRITE_A8A31D	$88DC1F
asset_88DC19	$88DC19	SPRITE	last	$32E6	SPRITE_A8A508	$88DC24
asset_88DC19	$88DC19	WRAM	normal	$7F0900	FILE_AFD149	$88DC2B
asset_88DC33	$88DC33	SPRITE		$34BC	SPRITE_A8AB73	$88DC34
asset_88DC33	$88DC33	SPRITE		$3A4E	SPRITE_A892F7	$88DC39
asset_88DC33	$88DC33	SPRITE		$3000	SPRITE_A8A31D	$88DC3E
asset_88DC33	$88DC33	SPRITE	last	$32E6	SPRITE_A8A508	$88DC43
asset_88DC33	$88DC33	WRAM	normal	$7F0100	FILE_A6ADA9	$88DC4A
asset_88DC33	$88DC33	WRAM	normal	$7F0900	FILE_AFD149	$88DC50
asset_88DC58	$88DC58	SPRITE		$34BC	SPRITE_A88804	$88DC59
asset_88DC58	$88DC58	SPRITE		$3000	SPRITE_A8A31D	$88DC5E
asset_88DC58	$88DC58	SPRITE	last	$32E6	SPRITE_A8A508	$88DC63
asset_88DC58	$88DC58	WRAM	normal	$7F0900	FILE_AFD149	$88DC6A
asset_88DC72	$88DC72	SPRITE		$34BC	SPRITE_A8AB73	$88DC73
asset_88DC72	$88DC72	SPRITE		$3000	SPRITE_A8A31D	$88DC78
asset_88DC72	$88DC72	SPRITE	last	$32E6	SPRITE_A8A508	$88DC7D
asset_88DC72	$88DC72	WRAM	normal	$7F0900	FILE_AFD149	$88DC84
asset_88DC8C	$88DC8C	SPRITE		$387E	SPRITE_A880CE	$88DC8D
asset_88DC8C	$88DC8C	SPRITE		$34BC	SPRITE_A8A6F0	$88DC92
asset_88DC8C	$88DC8C	SPRITE	last	$3000	SPRITE_A8A31D	$88DC97
asset_88DC8C	$88DC8C	WRAM	normal	$7F0900	FILE_AFD149	$88DC9E
asset_88DCA6	$88DCA6	SPRITE		$387E	SPRITE_A880CE	$88DCA7
asset_88DCA6	$88DCA6	SPRITE		$34BC	SPRITE_A8A6F0	$88DCAC
asset_88DCA6	$88DCA6	SPRITE	last	$3000	SPRITE_A8A31D	$88DCB1
asset_88DCA6	$88DCA6	WRAM	normal	$7F0900	FILE_AFD149	$88DCB8
asset_88DCC0	$88DCC0	SPRITE	last	$34BC	SPRITE_A88804	$88DCC1
asset_88DCC0	$88DCC0	WRAM	normal	$7F0100	FILE_A6ADA9	$88DCC8
asset_88DCC0	$88DCC0	WRAM	normal	$7F0900	FILE_AFD149	$88DCCE
asset_88DCD6	$88DCD6	SPRITE		$3B4C	SPRITE_A890F4	$88DCD7
asset_88DCD6	$88DCD6	SPRITE		$34BC	SPRITE_A8AB73	$88DCDC
asset_88DCD6	$88DCD6	SPRITE		$3000	SPRITE_A8A31D	$88DCE1
asset_88DCD6	$88DCD6	SPRITE	last	$32E6	SPRITE_A8A508	$88DCE6
asset_88DCD6	$88DCD6	WRAM	normal	$7F0900	FILE_AFD149	$88DCED
asset_88DCF5	$88DCF5	SPRITE	last	$34BC	SPRITE_A88804	$88DCF6
asset_88DCF5	$88DCF5	WRAM	normal	$7F0100	FILE_A6ADA9	$88DCFD
asset_88DCF5	$88DCF5	WRAM	normal	$7F0900	FILE_AFD149	$88DD03
asset_88DD0B	$88DD0B	SPRITE		$387E	SPRITE_A880CE	$88DD0C
asset_88DD0B	$88DD0B	SPRITE		$3000	SPRITE_A8A31D	$88DD11
asset_88DD0B	$88DD0B	SPRITE	last	$32E6	SPRITE_A8A508	$88DD16
asset_88DD0B	$88DD0B	WRAM	normal	$7F0900	FILE_AFD149	$88DD1D
asset_88DD25	$88DD25	SPRITE		$387E	SPRITE_A880CE	$88DD26
asset_88DD25	$88DD25	SPRITE		$3000	SPRITE_A8A31D	$88DD2B
asset_88DD25	$88DD25	SPRITE	last	$32E6	SPRITE_A8A508	$88DD30
asset_88DD25	$88DD25	WRAM	normal	$7F0900	FILE_AFD149	$88DD37
asset_88DD3F	$88DD3F	SPRITE		$387E	SPRITE_A880CE	$88DD40
asset_88DD3F	$88DD3F	SPRITE		$3000	SPRITE_A8A31D	$88DD45
asset_88DD3F	$88DD3F	SPRITE	last	$32E6	SPRITE_A8A508	$88DD4A
asset_88DD3F	$88DD3F	WRAM	normal	$7F0900	FILE_AFD149	$88DD51
asset_88DD59	$88DD59	SPRITE		$3000	SPRITE_A8A31D	$88DD5A
asset_88DD59	$88DD59	SPRITE	last	$32E6	SPRITE_A8A508	$88DD5F
asset_88DD59	$88DD59	WRAM	normal	$7F0900	FILE_AFD149	$88DD66
asset_88DD6E	$88DD6E	SPRITE		$387E	SPRITE_A880CE	$88DD6F
asset_88DD6E	$88DD6E	SPRITE		$3000	SPRITE_A8A31D	$88DD74
asset_88DD6E	$88DD6E	SPRITE	last	$32E6	SPRITE_A8A508	$88DD79
asset_88DD6E	$88DD6E	WRAM	normal	$7F0900	FILE_AFD149	$88DD80
asset_88DD88	$88DD88	SPRITE	last	$3000	SPRITE_A8A31D	$88DD89
asset_88DD88	$88DD88	WRAM	normal	$7F0900	FILE_AFD149	$88DD90
asset_88DD98	$88DD98	SPRITE		$3000	SPRITE_A8A31D	$88DD99
asset_88DD98	$88DD98	SPRITE	last	$32E6	SPRITE_A8A508	$88DD9E
asset_88DD98	$88DD98	WRAM	normal	$7F0900	FILE_AFD149	$88DDA5
asset_88DDAD	$88DDAD	SPRITE		$3BA8	SPRITE_A8B42C	$88DDAE
asset_88DDAD	$88DDAD	SPRITE		$3000	SPRITE_A8A31D	$88DDB3
asset_88DDAD	$88DDAD	SPRITE	last	$32E6	SPRITE_A8A508	$88DDB8
asset_88DDAD	$88DDAD	WRAM	normal	$7F0900	FILE_AFD149	$88DDBF
asset_88DDC7	$88DDC7	SPRITE		$387E	SPRITE_A880CE	$88DDC8
asset_88DDC7	$88DDC7	SPRITE		$3BC8	SPRITE_A8858F	$88DDCD
asset_88DDC7	$88DDC7	SPRITE		$3000	SPRITE_A8A31D	$88DDD2
asset_88DDC7	$88DDC7	SPRITE	last	$3196	SPRITE_A88930	$88DDD7
asset_88DDC7	$88DDC7	WRAM	normal	$7F0900	FILE_AFD149	$88DDDE
asset_88DDE6	$88DDE6	SPRITE		$3000	SPRITE_A8A31D	$88DDE7
asset_88DDE6	$88DDE6	SPRITE	last	$34BC	SPRITE_A8A81E	$88DDEC
asset_88DDE6	$88DDE6	WRAM	normal	$7F0100	FILE_A6ADA9	$88DDF3
asset_88DDFB	$88DDFB	SPRITE		$35B6	SPRITE_A88023	$88DDFC
asset_88DDFB	$88DDFB	SPRITE		$387C	SPRITE_A8916C	$88DE01
asset_88DDFB	$88DDFB	SPRITE		$32E6	SPRITE_A8A508	$88DE06
asset_88DDFB	$88DDFB	SPRITE	last	$3000	SPRITE_A8A31D	$88DE0B
asset_88DDFB	$88DDFB	WRAM	normal	$7F0900	FILE_AAFCB2	$88DE12
asset_88DE1A	$88DE1A	SPRITE		$3A4E	SPRITE_A892F7	$88DE1B
asset_88DE1A	$88DE1A	SPRITE		$3B4E	SPRITE_A89076	$88DE20
asset_88DE1A	$88DE1A	SPRITE		$34BC	SPRITE_A8A6F0	$88DE25
asset_88DE1A	$88DE1A	SPRITE	last	$3000	SPRITE_A8A31D	$88DE2A
asset_88DE1A	$88DE1A	WRAM	normal	$7F0900	FILE_AAFCB2	$88DE31
asset_88DE39	$88DE39	SPRITE		$387C	SPRITE_A8916C	$88DE3A
asset_88DE39	$88DE39	SPRITE		$3BA8	SPRITE_A8B42C	$88DE3F
asset_88DE39	$88DE39	SPRITE		$34BC	SPRITE_A8A6F0	$88DE44
asset_88DE39	$88DE39	SPRITE		$3000	SPRITE_A8A31D	$88DE49
asset_88DE39	$88DE39	SPRITE	last	$3196	SPRITE_A88930	$88DE4E
asset_88DE39	$88DE39	WRAM	normal	$7F0900	FILE_AAFCB2	$88DE55
asset_88DE5D	$88DE5D	SPRITE		$34BC	SPRITE_A8A6F0	$88DE5E
asset_88DE5D	$88DE5D	SPRITE	last	$3000	SPRITE_A8A31D	$88DE63
asset_88DE5D	$88DE5D	WRAM	normal	$7F0900	FILE_AAFCB2	$88DE6A
asset_88DE72	$88DE72	SPRITE		$3582	SPRITE_A88C21	$88DE73
asset_88DE72	$88DE72	SPRITE	last	$3000	SPRITE_A8A31D	$88DE78
asset_88DE72	$88DE72	WRAM	normal	$7F0900	FILE_AAFCB2	$88DE7F
asset_88DE87	$88DE87	SPRITE		$3BA8	SPRITE_A8B42C	$88DE88
asset_88DE87	$88DE87	SPRITE	last	$3000	SPRITE_A8A31D	$88DE8D
asset_88DE87	$88DE87	WRAM	normal	$7F0900	FILE_AAFCB2	$88DE94
asset_88DE9C	$88DE9C	SPRITE		$32E6	SPRITE_A8A508	$88DE9D
asset_88DE9C	$88DE9C	SPRITE	last	$3B4E	SPRITE_A8B3D1	$88DEA2
asset_88DE9C	$88DE9C	WRAM	normal	$7F0900	FILE_AAFCB2	$88DEA9
asset_88DEB1	$88DEB1	SPRITE	last	$3000	SPRITE_A8A31D	$88DEB2
asset_88DEB1	$88DEB1	WRAM	normal	$7F0900	FILE_AAFCB2	$88DEB9
asset_88DEC1	$88DEC1	SPRITE		$32E6	SPRITE_A8941F	$88DEC2
asset_88DEC1	$88DEC1	SPRITE		$387C	SPRITE_A88D6E	$88DEC7
asset_88DEC1	$88DEC1	SPRITE		$37BC	SPRITE_A8B7CB	$88DECC
asset_88DEC1	$88DEC1	SPRITE	last	$3000	SPRITE_A8A31D	$88DED1
asset_88DEC1	$88DEC1	WRAM	normal	$7F0900	FILE_AAFCB2	$88DED8
asset_88DEE0	$88DEE0	SPRITE		$3BA8	SPRITE_A8B42C	$88DEE1
asset_88DEE0	$88DEE0	SPRITE	last	$3000	SPRITE_A8A31D	$88DEE6
asset_88DEE0	$88DEE0	WRAM	normal	$7F0900	FILE_AAFCB2	$88DEED
asset_88DEF5	$88DEF5	SPRITE		$3BA8	SPRITE_A8B42C	$88DEF6
asset_88DEF5	$88DEF5	SPRITE		$3614	SPRITE_A8BC47	$88DEFB
asset_88DEF5	$88DEF5	SPRITE		$34BC	SPRITE_A8A6F0	$88DF00
asset_88DEF5	$88DEF5	SPRITE	last	$3000	SPRITE_A8A31D	$88DF05
asset_88DEF5	$88DEF5	WRAM	normal	$7F0900	FILE_AAFCB2	$88DF0C
asset_88DF14	$88DF14	SPRITE		$34BC	SPRITE_A8A6F0	$88DF15
asset_88DF14	$88DF14	SPRITE	last	$3000	SPRITE_A8A31D	$88DF1A
asset_88DF14	$88DF14	WRAM	normal	$7F0900	FILE_AAFCB2	$88DF21
asset_88DF29	$88DF29	SPRITE		$3BA8	SPRITE_A8B42C	$88DF2A
asset_88DF29	$88DF29	SPRITE		$3582	SPRITE_A88C21	$88DF2F
asset_88DF29	$88DF29	SPRITE		$34BC	SPRITE_A8A6F0	$88DF34
asset_88DF29	$88DF29	SPRITE	last	$3000	SPRITE_A8A31D	$88DF39
asset_88DF29	$88DF29	WRAM	normal	$7F0900	FILE_AAFCB2	$88DF40
asset_88DF48	$88DF48	SPRITE	last	$3000	SPRITE_A8A31D	$88DF49
asset_88DF48	$88DF48	WRAM	normal	$7F0900	FILE_AAFCB2	$88DF50
asset_88DF58	$88DF58	SPRITE		$35B6	SPRITE_A88023	$88DF59
asset_88DF58	$88DF58	SPRITE	last	$3000	SPRITE_A8A31D	$88DF5E
asset_88DF58	$88DF58	WRAM	normal	$7F0900	FILE_AAFCB2	$88DF65
asset_88DF6D	$88DF6D	SPRITE		$32E6	SPRITE_A8941F	$88DF6E
asset_88DF6D	$88DF6D	SPRITE		$3BA8	SPRITE_A8B42C	$88DF73
asset_88DF6D	$88DF6D	SPRITE		$35B6	SPRITE_A88023	$88DF78
asset_88DF6D	$88DF6D	SPRITE		$3582	SPRITE_A8B45A	$88DF7D
asset_88DF6D	$88DF6D	SPRITE		$34BC	SPRITE_A8A6F0	$88DF82
asset_88DF6D	$88DF6D	SPRITE	last	$3000	SPRITE_A8A31D	$88DF87
asset_88DF6D	$88DF6D	WRAM	normal	$7F0900	FILE_AAFCB2	$88DF8E
asset_88DF96	$88DF96	SPRITE		$387E	SPRITE_A880CE	$88DF97
asset_88DF96	$88DF96	SPRITE	last	$3000	SPRITE_A8A31D	$88DF9C
asset_88DF96	$88DF96	WRAM	normal	$7F0100	FILE_A6ADA9	$88DFA3
asset_88DF96	$88DF96	WRAM	normal	$7F0900	FILE_AAFCB2	$88DFA9
asset_88DFB1	$88DFB1	SPRITE		$34BC	SPRITE_A8A6F0	$88DFB2
asset_88DFB1	$88DFB1	SPRITE	last	$3000	SPRITE_A8A31D	$88DFB7
asset_88DFB1	$88DFB1	WRAM	normal	$7F0900	FILE_AAFCB2	$88DFBE
asset_88DFC6	$88DFC6	SPRITE		$3000	SPRITE_A8A31D	$88DFC7
asset_88DFC6	$88DFC6	SPRITE		$34BC	SPRITE_A8A6F0	$88DFCC
asset_88DFC6	$88DFC6	SPRITE		$3BC8	SPRITE_A8B8E5	$88DFD1
asset_88DFC6	$88DFC6	SPRITE	last	$3BA8	SPRITE_A8B42C	$88DFD6
asset_88DFC6	$88DFC6	WRAM	normal	$7F0900	FILE_AAFCB2	$88DFDD
asset_88DFE5	$88DFE5	SPRITE		$34BC	SPRITE_A8A6F0	$88DFE6
asset_88DFE5	$88DFE5	SPRITE		$387C	SPRITE_A88D6E	$88DFEB
asset_88DFE5	$88DFE5	SPRITE	last	$3000	SPRITE_A8A31D	$88DFF0
asset_88DFE5	$88DFE5	WRAM	normal	$7F0900	FILE_AAFCB2	$88DFF7
asset_88DFFF	$88DFFF	SPRITE		$34BC	SPRITE_A8A6F0	$88E000
asset_88DFFF	$88DFFF	SPRITE		$3000	SPRITE_A8A31D	$88E005
asset_88DFFF	$88DFFF	SPRITE	last	$3BC8	SPRITE_A8B8E5	$88E00A
asset_88DFFF	$88DFFF	WRAM	normal	$7F0900	FILE_AAFCB2	$88E011
asset_88E019	$88E019	SPRITE		$37BC	SPRITE_A8B7CB	$88E01A
asset_88E019	$88E019	SPRITE		$34BC	SPRITE_A8A6F0	$88E01F
asset_88E019	$88E019	SPRITE	last	$3000	SPRITE_A8A31D	$88E024
asset_88E019	$88E019	WRAM	normal	$7F0900	FILE_AAFCB2	$88E02B
asset_88E033	$88E033	SPRITE		$35B6	SPRITE_A88023	$88E034
asset_88E033	$88E033	SPRITE		$3A4E	SPRITE_A888AF	$88E039
asset_88E033	$88E033	SPRITE	last	$3000	SPRITE_A8A31D	$88E03E
asset_88E033	$88E033	WRAM	normal	$7F0900	FILE_AAFCB2	$88E045
asset_88E04D	$88E04D	SPRITE		$3000	SPRITE_A8A31D	$88E04E
asset_88E04D	$88E04D	SPRITE		$34BC	SPRITE_A8A6F0	$88E053
asset_88E04D	$88E04D	SPRITE		$3BA8	SPRITE_A8B42C	$88E058
asset_88E04D	$88E04D	SPRITE	last	$3BC8	SPRITE_A8B8E5	$88E05D
asset_88E04D	$88E04D	WRAM	normal	$7F0900	FILE_AAFCB2	$88E064
asset_88E06C	$88E06C	SPRITE		$3000	SPRITE_A8A31D	$88E06D
asset_88E06C	$88E06C	SPRITE	last	$32E6	SPRITE_A8A508	$88E072
asset_88E06C	$88E06C	WRAM	normal	$7F0900	FILE_AAFCB2	$88E079
asset_88E081	$88E081	SPRITE	last	$3000	SPRITE_A89E1F	$88E082
asset_88E088	$88E088	SPRITE	last	$3000	SPRITE_A89E1F	$88E089
asset_88E088	$88E088	WRAM	normal	$7F0900	FILE_AAFCB2	$88E090
asset_88E098	$88E098	SPRITE		$3196	SPRITE_A88930	$88E099
asset_88E098	$88E098	SPRITE	last	$32E6	SPRITE_A8951A	$88E09E
asset_88E0A6	$88E0A6	SPRITE		$3196	SPRITE_A88930	$88E0A7
asset_88E0A6	$88E0A6	SPRITE		$32E6	SPRITE_A8951A	$88E0AC
asset_88E0A6	$88E0A6	SPRITE	last	$350A	SPRITE_A89076	$88E0B1
asset_88E0A6	$88E0A6	WRAM	normal	$7F0000	FILE_98BA75	$88E0B8
asset_88E0A6	$88E0A6	WRAM	normal	$7F0100	FILE_A3DDC4	$88E0BE
asset_88E0A6	$88E0A6	WRAM	normal	$7F0700	FILE_AA9453	$88E0C4
asset_88E0CC	$88E0CC	SPRITE	last	$3000	SPRITE_A8A31D	$88E0CD
asset_88E0CC	$88E0CC	WRAM	normal	$7F0000	FILE_98BA75	$88E0D4
asset_88E0DC	$88E0DC	SPRITE	last	$3000	SPRITE_A8A31D	$88E0DD
asset_88E0DC	$88E0DC	WRAM	normal	$7F0000	FILE_98BA75	$88E0E4
asset_88E0EC	$88E0EC	SPRITE	last	$3000	SPRITE_A8A31D	$88E0ED
asset_88E0EC	$88E0EC	WRAM	normal	$7F0000	FILE_98BA75	$88E0F4
asset_88E0FC	$88E0FC	SPRITE	last	$3000	SPRITE_A8A31D	$88E0FD
asset_88E0FC	$88E0FC	WRAM	normal	$7F0000	FILE_98BA75	$88E104
asset_88E10C	$88E10C	SPRITE		$37BC	SPRITE_A88FB6	$88E10D
asset_88E10C	$88E10C	SPRITE		$3582	SPRITE_A8ADFB	$88E112
asset_88E10C	$88E10C	SPRITE	last	$3000	SPRITE_A8A31D	$88E117
asset_88E10C	$88E10C	WRAM	normal	$7F0000	FILE_98BA75	$88E11E
asset_88E126	$88E126	SPRITE		$3A94	SPRITE_A88ED3	$88E127
asset_88E126	$88E126	SPRITE		$32E6	SPRITE_A8A508	$88E12C
asset_88E126	$88E126	SPRITE		$34BC	SPRITE_A8A6F0	$88E131
asset_88E126	$88E126	SPRITE	last	$3000	SPRITE_A8A31D	$88E136
asset_88E126	$88E126	WRAM	normal	$7F0000	FILE_98BA75	$88E13D
asset_88E145	$88E145	SPRITE		$3BC8	SPRITE_A8B8E5	$88E146
asset_88E145	$88E145	SPRITE		$37BC	SPRITE_A88FB6	$88E14B
asset_88E145	$88E145	SPRITE		$3196	SPRITE_A88930	$88E150
asset_88E145	$88E145	SPRITE		$3582	SPRITE_A8ADFB	$88E155
asset_88E145	$88E145	SPRITE	last	$3000	SPRITE_A8A31D	$88E15A
asset_88E145	$88E145	WRAM	normal	$7F0000	FILE_98BA75	$88E161
asset_88E169	$88E169	SPRITE		$37BC	SPRITE_A88FB6	$88E16A
asset_88E169	$88E169	SPRITE		$3582	SPRITE_A8ADFB	$88E16F
asset_88E169	$88E169	SPRITE		$3196	SPRITE_A88930	$88E174
asset_88E169	$88E169	SPRITE	last	$3000	SPRITE_A8A31D	$88E179
asset_88E169	$88E169	WRAM	normal	$7F0000	FILE_98BA75	$88E180
asset_88E169	$88E169	WRAM	normal	$7F0940	FILE_BFF154	$88E186
asset_88E18E	$88E18E	SPRITE	last	$3000	SPRITE_A8A31D	$88E18F
asset_88E18E	$88E18E	WRAM	normal	$7F0000	FILE_98BA75	$88E196
asset_88E19E	$88E19E	SPRITE		$37BC	SPRITE_A88FB6	$88E19F
asset_88E19E	$88E19E	SPRITE		$3830	SPRITE_A88B98	$88E1A4
asset_88E19E	$88E19E	SPRITE	last	$3000	SPRITE_A8A31D	$88E1A9
asset_88E19E	$88E19E	WRAM	normal	$7F0000	FILE_98BA75	$88E1B0
asset_88E1B8	$88E1B8	SPRITE	last	$3000	SPRITE_A8A31D	$88E1B9
asset_88E1B8	$88E1B8	WRAM	normal	$7F0000	FILE_98BA75	$88E1C0
asset_88E1C8	$88E1C8	SPRITE		$387E	SPRITE_A88AC2	$88E1C9
asset_88E1C8	$88E1C8	SPRITE		$3B4C	SPRITE_A890F4	$88E1CE
asset_88E1C8	$88E1C8	SPRITE		$3582	SPRITE_A8ADFB	$88E1D3
asset_88E1C8	$88E1C8	SPRITE	last	$3000	SPRITE_A8A31D	$88E1D8
asset_88E1C8	$88E1C8	WRAM	normal	$7F0000	FILE_98BA75	$88E1DF
asset_88E1C8	$88E1C8	WRAM	normal	$7F0940	FILE_BFF154	$88E1E5
asset_88E1ED	$88E1ED	SPRITE		$3BA8	SPRITE_A8B42C	$88E1EE
asset_88E1ED	$88E1ED	SPRITE	last	$3000	SPRITE_A8A31D	$88E1F3
asset_88E1ED	$88E1ED	WRAM	normal	$7F0000	FILE_98BA75	$88E1FA
asset_88E1ED	$88E1ED	WRAM	normal	$7F0940	FILE_BFF154	$88E200
asset_88E208	$88E208	SPRITE	last	$3000	SPRITE_A8A31D	$88E209
asset_88E208	$88E208	WRAM	normal	$7F0000	FILE_98BA75	$88E210
asset_88E208	$88E208	WRAM	normal	$7F0940	FILE_BFF154	$88E216
asset_88E21E	$88E21E	SPRITE		$37BC	SPRITE_A88FB6	$88E21F
asset_88E21E	$88E21E	SPRITE		$34BC	SPRITE_A8A6F0	$88E224
asset_88E21E	$88E21E	SPRITE	last	$3000	SPRITE_A8A31D	$88E229
asset_88E21E	$88E21E	WRAM	normal	$7F0000	FILE_98BA75	$88E230
asset_88E21E	$88E21E	WRAM	normal	$7F0940	FILE_BFF154	$88E236
asset_88E23E	$88E23E	SPRITE		$3BC8	SPRITE_A8B8E5	$88E23F
asset_88E23E	$88E23E	SPRITE		$3BC8	SPRITE_A8858F	$88E244
asset_88E23E	$88E23E	SPRITE		$3830	SPRITE_A88B98	$88E249
asset_88E23E	$88E23E	SPRITE		$3B4C	SPRITE_A890F4	$88E24E
asset_88E23E	$88E23E	SPRITE		$3582	SPRITE_A8ADFB	$88E253
asset_88E23E	$88E23E	SPRITE		$34BC	SPRITE_A8A6F0	$88E258
asset_88E23E	$88E23E	SPRITE	last	$3000	SPRITE_A8A31D	$88E25D
asset_88E23E	$88E23E	WRAM	normal	$7F0000	FILE_98BA75	$88E264
asset_88E23E	$88E23E	WRAM	normal	$7F0940	FILE_BFF154	$88E26A
asset_88E272	$88E272	SPRITE		$3BC8	SPRITE_A8B8E5	$88E273
asset_88E272	$88E272	SPRITE		$37BC	SPRITE_A88FB6	$88E278
asset_88E272	$88E272	SPRITE	last	$3000	SPRITE_A8A31D	$88E27D
asset_88E272	$88E272	WRAM	normal	$7F0000	FILE_98BA75	$88E284
asset_88E28C	$88E28C	SPRITE		$34BC	SPRITE_A8A6F0	$88E28D
asset_88E28C	$88E28C	SPRITE		$3B4E	SPRITE_A89076	$88E292
asset_88E28C	$88E28C	SPRITE	last	$3000	SPRITE_A8A31D	$88E297
asset_88E28C	$88E28C	WRAM	normal	$7F0000	FILE_98BA75	$88E29E
asset_88E2A6	$88E2A6	SPRITE		$34BC	SPRITE_A8A6F0	$88E2A7
asset_88E2A6	$88E2A6	SPRITE	last	$3000	SPRITE_A8A31D	$88E2AC
asset_88E2A6	$88E2A6	WRAM	normal	$7F0000	FILE_98BA75	$88E2B3
asset_88E2BB	$88E2BB	SPRITE	last	$3000	SPRITE_A8A31D	$88E2BC
asset_88E2BB	$88E2BB	WRAM	normal	$7F0000	FILE_98BA75	$88E2C3
asset_88E2BB	$88E2BB	WRAM	normal	$7F0940	FILE_BFF154	$88E2C9
asset_88E2D1	$88E2D1	SPRITE	last	$3000	SPRITE_A8A31D	$88E2D2
asset_88E2D1	$88E2D1	WRAM	normal	$7F0000	FILE_98BA75	$88E2D9
asset_88E2D1	$88E2D1	WRAM	normal	$7F0940	FILE_BFF154	$88E2DF
asset_88E2E7	$88E2E7	SPRITE	last	$3000	SPRITE_A8A31D	$88E2E8
asset_88E2E7	$88E2E7	WRAM	normal	$7F0000	FILE_98BA75	$88E2EF
asset_88E2F7	$88E2F7	SPRITE	last	$3000	SPRITE_A8A31D	$88E2F8
asset_88E2F7	$88E2F7	WRAM	normal	$7F0000	FILE_98BA75	$88E2FF
asset_88E307	$88E307	SPRITE		$3582	SPRITE_A8ADFB	$88E308
asset_88E307	$88E307	SPRITE		$3196	SPRITE_A88930	$88E30D
asset_88E307	$88E307	SPRITE		$3B4E	SPRITE_A89076	$88E312
asset_88E307	$88E307	SPRITE		$37BC	SPRITE_A88FB6	$88E317
asset_88E307	$88E307	SPRITE	last	$3000	SPRITE_A8A31D	$88E31C
asset_88E307	$88E307	WRAM	normal	$7F0000	FILE_98BA75	$88E323
asset_88E307	$88E307	WRAM	normal	$7F0940	FILE_BFF154	$88E329
asset_88E331	$88E331	SPRITE		$3196	SPRITE_A88930	$88E332
asset_88E331	$88E331	SPRITE	last	$3000	SPRITE_A8A31D	$88E337
asset_88E331	$88E331	WRAM	normal	$7F0000	FILE_98BA75	$88E33E
asset_88E346	$88E346	SPRITE	last	$3000	SPRITE_A8A31D	$88E347
asset_88E346	$88E346	WRAM	normal	$7F0000	FILE_98BA75	$88E34E
asset_88E356	$88E356	SPRITE		$34BC	SPRITE_A8A6F0	$88E357
asset_88E356	$88E356	SPRITE		$3582	SPRITE_A8ADFB	$88E35C
asset_88E356	$88E356	SPRITE	last	$3000	SPRITE_A8A31D	$88E361
asset_88E356	$88E356	WRAM	normal	$7F0000	FILE_98BA75	$88E368
asset_88E356	$88E356	WRAM	normal	$7F0940	FILE_BFF154	$88E36E
asset_88E376	$88E376	SPRITE	last	$3000	SPRITE_A8A31D	$88E377
asset_88E376	$88E376	WRAM	normal	$7F0000	FILE_98BA75	$88E37E
asset_88E386	$88E386	SPRITE		$3582	SPRITE_A8ADFB	$88E387
asset_88E386	$88E386	SPRITE	last	$3000	SPRITE_A8A31D	$88E38C
asset_88E386	$88E386	WRAM	normal	$7F0000	FILE_98BA75	$88E393
asset_88E386	$88E386	WRAM	normal	$7F0940	FILE_BFF154	$88E399
asset_88E3A1	$88E3A1	SPRITE		$3BC8	SPRITE_A8B8E5	$88E3A2
asset_88E3A1	$88E3A1	SPRITE		$3582	SPRITE_A8ADFB	$88E3A7
asset_88E3A1	$88E3A1	SPRITE		$3B4E	SPRITE_A89076	$88E3AC
asset_88E3A1	$88E3A1	SPRITE	last	$3000	SPRITE_A8A31D	$88E3B1
asset_88E3A1	$88E3A1	WRAM	normal	$7F0000	FILE_98BA75	$88E3B8
asset_88E3A1	$88E3A1	WRAM	normal	$7F0940	FILE_BFF154	$88E3BE
asset_88E3C6	$88E3C6	SPRITE		$3BC8	SPRITE_A8B8E5	$88E3C7
asset_88E3C6	$88E3C6	SPRITE		$3582	SPRITE_A8ADFB	$88E3CC
asset_88E3C6	$88E3C6	SPRITE	last	$3000	SPRITE_A8A31D	$88E3D1
asset_88E3C6	$88E3C6	WRAM	normal	$7F0000	FILE_98BA75	$88E3D8
asset_88E3E0	$88E3E0	SPRITE		$3B4E	SPRITE_A89076	$88E3E1
asset_88E3E0	$88E3E0	SPRITE	last	$3000	SPRITE_A8A31D	$88E3E6
asset_88E3E0	$88E3E0	WRAM	normal	$7F0000	FILE_98BA75	$88E3ED
asset_88E3E0	$88E3E0	WRAM	normal	$7F0940	FILE_BFF154	$88E3F3
asset_88E3FB	$88E3FB	SPRITE		$3B4E	SPRITE_A8B3D1	$88E3FC
asset_88E3FB	$88E3FB	SPRITE	last	$3000	SPRITE_A8A31D	$88E401
asset_88E3FB	$88E3FB	WRAM	normal	$7F0000	FILE_98BA75	$88E408
asset_88E3FB	$88E3FB	WRAM	normal	$7F0940	FILE_BFF154	$88E40E
asset_88E416	$88E416	SPRITE		$387C	SPRITE_A8908D	$88E417
asset_88E416	$88E416	SPRITE		$32E6	SPRITE_A8A508	$88E41C
asset_88E416	$88E416	SPRITE		$3582	SPRITE_A8ADFB	$88E421
asset_88E416	$88E416	SPRITE	last	$3000	SPRITE_A8A31D	$88E426
asset_88E416	$88E416	WRAM	normal	$7F0000	FILE_98BA75	$88E42D
asset_88E416	$88E416	WRAM	normal	$7F0940	FILE_BFF154	$88E433
asset_88E43B	$88E43B	SPRITE		$3582	SPRITE_A8ADFB	$88E43C
asset_88E43B	$88E43B	SPRITE	last	$3000	SPRITE_A8A31D	$88E441
asset_88E43B	$88E43B	WRAM	normal	$7F0000	FILE_98BA75	$88E448
asset_88E450	$88E450	SPRITE	last	$3000	SPRITE_A8A31D	$88E451
asset_88E450	$88E450	WRAM	normal	$7F0000	FILE_98BA75	$88E458
asset_88E460	$88E460	SPRITE		$37BC	SPRITE_A88FB6	$88E461
asset_88E460	$88E460	SPRITE	last	$3000	SPRITE_A8A31D	$88E466
asset_88E460	$88E460	WRAM	normal	$7F0000	FILE_98BA75	$88E46D
asset_88E460	$88E460	WRAM	normal	$7F0940	FILE_BFF154	$88E473
asset_88E47B	$88E47B	SPRITE		$3A94	SPRITE_A88ED3	$88E47C
asset_88E47B	$88E47B	SPRITE		$3582	SPRITE_A8ADFB	$88E481
asset_88E47B	$88E47B	SPRITE		$34BC	SPRITE_A8A6F0	$88E486
asset_88E47B	$88E47B	SPRITE	last	$3000	SPRITE_A8A31D	$88E48B
asset_88E47B	$88E47B	WRAM	normal	$7F0000	FILE_98BA75	$88E492
asset_88E47B	$88E47B	WRAM	normal	$7F0940	FILE_BFF154	$88E498
asset_88E4A1	$88E4A1	SPRITE	last	$31F4	SPRITE_A8C4AE	$88E4A2
asset_88E4A8	$88E4A8	SPRITE		$37BC	SPRITE_A8B7CB	$88E4A9
asset_88E4A8	$88E4A8	SPRITE	last	$34F0	SPRITE_A886BF	$88E4AE
asset_88E4B4	$88E4B4	SPRITE		$37BC	SPRITE_A8B7CB	$88E4B5
asset_88E4B4	$88E4B4	SPRITE	last	$3000	SPRITE_A8A31D	$88E4BA
asset_88E4C0	$88E4C0	SPRITE	last	$31F4	SPRITE_A8C4AE	$88E4C1
asset_88E4C7	$88E4C7	SPRITE		$37BC	SPRITE_A8B7CB	$88E4C8
asset_88E4C7	$88E4C7	SPRITE		$34BC	SPRITE_A8A6F0	$88E4CD
asset_88E4C7	$88E4C7	SPRITE		$3BA8	SPRITE_A8B42C	$88E4D2
asset_88E4C7	$88E4C7	SPRITE	last	$3000	SPRITE_A8A31D	$88E4D7
asset_88E4DD	$88E4DD	SPRITE		$3000	SPRITE_A9FD14	$88E4DE
asset_88E4DD	$88E4DD	SPRITE	last	$3200	SPRITE_A9FD63	$88E4E3
asset_88E4E9	$88E4E9	SPRITE		$387C	SPRITE_A88CD6	$88E4EA
asset_88E4E9	$88E4E9	SPRITE		$32E6	SPRITE_A8A508	$88E4EF
asset_88E4E9	$88E4E9	SPRITE	last	$3000	SPRITE_A8A31D	$88E4F4
asset_88E4E9	$88E4E9	WRAM	normal	$7F0900	FILE_AAFCB2	$88E4FB
asset_88E503	$88E503	SPRITE		$32E6	SPRITE_A8A508	$88E504
asset_88E503	$88E503	SPRITE		$3582	SPRITE_A8ADFB	$88E509
asset_88E503	$88E503	SPRITE	last	$3000	SPRITE_A8A31D	$88E50E
asset_88E514	$88E514	SPRITE		$3000	SPRITE_A8B095	$88E515
asset_88E514	$88E514	SPRITE	last	$324E	SPRITE_A8B76E	$88E51A
asset_88E520	$88E520	SPRITE	last	$3000	SPRITE_A89F74	$88E521
asset_88E527	$88E527	SPRITE	last	$34BC	SPRITE_A8A6F0	$88E528
asset_88E527	$88E527	WRAM	normal	$7F0900	FILE_AAFCB2	$88E52F
asset_88E537	$88E537	SPRITE		$3000	SPRITE_A9FD14	$88E538
asset_88E537	$88E537	SPRITE	last	$3200	SPRITE_AAEEC3	$88E53D
asset_88E543	$88E543	SPRITE	last	$3000	SPRITE_BEFE68	$88E544
asset_88E54A	$88E54A	SPRITE	last	$3000	SPRITE_BEFCD2	$88E54B
asset_88E551	$88E551	SPRITE		$3000	SPRITE_A9FD14	$88E552
asset_88E551	$88E551	SPRITE	last	$3200	SPRITE_98E8B6	$88E557
asset_88E55D	$88E55D	SPRITE	last	$31F4	SPRITE_A8C4AE	$88E55E
asset_88E564	$88E564	SPRITE	last	$31F4	SPRITE_A8C4AE	$88E565
asset_88E56B	$88E56B	SPRITE	last	$31F4	SPRITE_A8C4AE	$88E56C
asset_88E572	$88E572	SPRITE	last	$31F4	SPRITE_A8C4AE	$88E573
asset_88E579	$88E579	SPRITE	last	$31F4	SPRITE_A8C4AE	$88E57A
asset_88E580	$88E580	SPRITE	last	$31F4	SPRITE_A8C4AE	$88E581
asset_88E587	$88E587	SPRITE		$3000	SPRITE_A9FD14	$88E588
asset_88E587	$88E587	SPRITE	last	$3200	SPRITE_A9FD63	$88E58D
asset_88E593	$88E593	SPRITE		$3000	SPRITE_A9FD14	$88E594
asset_88E593	$88E593	SPRITE	last	$3200	SPRITE_A7D275	$88E599
asset_88E59F	$88E59F	SPRITE		$3000	SPRITE_A9FD14	$88E5A0
asset_88E59F	$88E59F	SPRITE	last	$3200	SPRITE_AEFC68	$88E5A5
asset_88E5AB	$88E5AB	SPRITE		$3000	SPRITE_A9FD14	$88E5AC
asset_88E5AB	$88E5AB	SPRITE		$3200	SPRITE_AEFCEC	$88E5B1
asset_88E5AB	$88E5AB	SPRITE	last	$3300	SPRITE_A9FDB7	$88E5B6
asset_88E5BC	$88E5BC	SPRITE		$3000	SPRITE_A9FD14	$88E5BD
asset_88E5BC	$88E5BC	SPRITE	last	$3200	SPRITE_A9FE03	$88E5C2
asset_88E5C8	$88E5C8	SPRITE		$3000	SPRITE_A9FD14	$88E5C9
asset_88E5C8	$88E5C8	SPRITE	last	$3200	SPRITE_A7D1A2	$88E5CE
asset_88E5D4	$88E5D4	SPRITE		$3000	SPRITE_A9FD14	$88E5D5
asset_88E5D4	$88E5D4	SPRITE	last	$3200	SPRITE_AAEEC3	$88E5DA
asset_88E5E0	$88E5E0	SPRITE		$3000	SPRITE_A9FD14	$88E5E1
asset_88E5E0	$88E5E0	SPRITE		$3200	SPRITE_96DB4A	$88E5E6
asset_88E5E0	$88E5E0	SPRITE	last	$3300	SPRITE_9A8000	$88E5EB
asset_88E5F1	$88E5F1	SPRITE		$3000	SPRITE_A9FD14	$88E5F2
asset_88E5F1	$88E5F1	SPRITE	last	$3200	SPRITE_99F98B	$88E5F7
asset_88E5FD	$88E5FD	SPRITE		$3000	SPRITE_A9FD14	$88E5FE
asset_88E5FD	$88E5FD	SPRITE	last	$3200	SPRITE_98E8B6	$88E603
asset_88E609	$88E609	SPRITE	last	$31F4	SPRITE_A8C4AE	$88E60A
asset_88E610	$88E610	SPRITE	last	$31F4	SPRITE_A8C4AE	$88E611
asset_88E617	$88E617	SPRITE	last	$31F4	SPRITE_A8C4AE	$88E618
asset_88E61E	$88E61E	SPRITE	last	$31F4	SPRITE_A8C4AE	$88E61F
asset_88E625	$88E625	SPRITE	last	$31F4	SPRITE_A8C4AE	$88E626
asset_88E62C	$88E62C	SPRITE	last	$31F4	SPRITE_A8C4AE	$88E62D
asset_88E633	$88E633	SPRITE		$3000	SPRITE_A9FD14	$88E634
asset_88E633	$88E633	SPRITE	last	$3200	SPRITE_A9FD63	$88E639
asset_88E63F	$88E63F	SPRITE		$3000	SPRITE_A9FD14	$88E640
asset_88E63F	$88E63F	SPRITE	last	$3200	SPRITE_A7D275	$88E645
asset_88E64B	$88E64B	SPRITE		$3000	SPRITE_A9FD14	$88E64C
asset_88E64B	$88E64B	SPRITE	last	$3200	SPRITE_AEFC68	$88E651
asset_88E657	$88E657	SPRITE		$3000	SPRITE_A9FD14	$88E658
asset_88E657	$88E657	SPRITE	last	$3200	SPRITE_AEFCEC	$88E65D
asset_88E663	$88E663	SPRITE		$3000	SPRITE_A9FD14	$88E664
asset_88E663	$88E663	SPRITE	last	$3200	SPRITE_A9FE03	$88E669
asset_88E66F	$88E66F	SPRITE		$3000	SPRITE_A9FD14	$88E670
asset_88E66F	$88E66F	SPRITE	last	$3200	SPRITE_A7D1A2	$88E675
asset_88E67B	$88E67B	SPRITE		$3000	SPRITE_A9FD14	$88E67C
asset_88E67B	$88E67B	SPRITE	last	$3200	SPRITE_AAEEC3	$88E681
asset_88E687	$88E687	SPRITE		$3000	SPRITE_A9FD14	$88E688
asset_88E687	$88E687	SPRITE	last	$3200	SPRITE_A7D1A2	$88E68D
asset_88E693	$88E693	SPRITE		$3000	SPRITE_A9FD14	$88E694
asset_88E693	$88E693	SPRITE	last	$3200	SPRITE_99F98B	$88E699
asset_88E69F	$88E69F	SPRITE		$3000	SPRITE_A9FD14	$88E6A0
asset_88E69F	$88E69F	SPRITE	last	$3200	SPRITE_98E8B6	$88E6A5
asset_88E6AB	$88E6AB	SPRITE	last	$31F4	SPRITE_A8C4AE	$88E6AC
asset_88E6B2	$88E6B2	SPRITE	last	$31F4	SPRITE_A8C4AE	$88E6B3
asset_88E6B9	$88E6B9	SPRITE	last	$31F4	SPRITE_A8C4AE	$88E6BA
asset_88E6C0	$88E6C0	SPRITE	last	$31F4	SPRITE_A8C4AE	$88E6C1
asset_88E6C7	$88E6C7	SPRITE	last	$31F4	SPRITE_A8C4AE	$88E6C8
asset_88E6CE	$88E6CE	SPRITE	last	$31F4	SPRITE_A8C4AE	$88E6CF
asset_88E6D5	$88E6D5	SPRITE		$3000	SPRITE_A9FD14	$88E6D6
asset_88E6D5	$88E6D5	SPRITE	last	$3200	SPRITE_A9FD63	$88E6DB
asset_88E6E1	$88E6E1	SPRITE		$3000	SPRITE_A9FD14	$88E6E2
asset_88E6E1	$88E6E1	SPRITE	last	$3200	SPRITE_A7D275	$88E6E7
asset_88E6ED	$88E6ED	SPRITE		$3000	SPRITE_A9FD14	$88E6EE
asset_88E6ED	$88E6ED	SPRITE	last	$3200	SPRITE_AEFC68	$88E6F3
asset_88E6F9	$88E6F9	SPRITE		$3000	SPRITE_A9FD14	$88E6FA
asset_88E6F9	$88E6F9	SPRITE	last	$3200	SPRITE_AEFCEC	$88E6FF
asset_88E705	$88E705	SPRITE		$3000	SPRITE_A9FD14	$88E706
asset_88E705	$88E705	SPRITE	last	$3200	SPRITE_A9FE03	$88E70B
asset_88E711	$88E711	SPRITE		$3000	SPRITE_A9FD14	$88E712
asset_88E711	$88E711	SPRITE	last	$3200	SPRITE_A7D1A2	$88E717
asset_88E71D	$88E71D	SPRITE		$3000	SPRITE_A9FD14	$88E71E
asset_88E71D	$88E71D	SPRITE	last	$3200	SPRITE_AAEEC3	$88E723
asset_88E729	$88E729	SPRITE		$3000	SPRITE_A9FD14	$88E72A
asset_88E729	$88E729	SPRITE	last	$3200	SPRITE_A7D1A2	$88E72F
asset_88E735	$88E735	SPRITE		$3000	SPRITE_A9FD14	$88E736
asset_88E735	$88E735	SPRITE	last	$3200	SPRITE_99F98B	$88E73B
asset_88E741	$88E741	SPRITE		$3000	SPRITE_A9FD14	$88E742
asset_88E741	$88E741	SPRITE	last	$3200	SPRITE_98E8B6	$88E747
asset_88E74D	$88E74D	SPRITE	last	$31F4	SPRITE_A8C4AE	$88E74E
asset_88E754	$88E754	SPRITE	last	$31F4	SPRITE_A8C4AE	$88E755
asset_88E75B	$88E75B	SPRITE	last	$31F4	SPRITE_A8C4AE	$88E75C
asset_88E762	$88E762	SPRITE	last	$31F4	SPRITE_A8C4AE	$88E763
asset_88E769	$88E769	SPRITE	last	$31F4	SPRITE_A8C4AE	$88E76A
asset_88E770	$88E770	SPRITE	last	$31F4	SPRITE_A8C4AE	$88E771
asset_88E777	$88E777	SPRITE		$3000	SPRITE_A9FD14	$88E778
asset_88E777	$88E777	SPRITE	last	$3200	SPRITE_A9FD63	$88E77D
asset_88E783	$88E783	SPRITE		$3000	SPRITE_A9FD14	$88E784
asset_88E783	$88E783	SPRITE	last	$3200	SPRITE_A7D275	$88E789
asset_88E78F	$88E78F	SPRITE		$3000	SPRITE_A9FD14	$88E790
asset_88E78F	$88E78F	SPRITE	last	$3200	SPRITE_AEFC68	$88E795
asset_88E79B	$88E79B	SPRITE		$3000	SPRITE_A9FD14	$88E79C
asset_88E79B	$88E79B	SPRITE	last	$3200	SPRITE_AEFCEC	$88E7A1
asset_88E7A7	$88E7A7	SPRITE		$3000	SPRITE_A9FD14	$88E7A8
asset_88E7A7	$88E7A7	SPRITE	last	$3200	SPRITE_A9FE03	$88E7AD
asset_88E7B3	$88E7B3	SPRITE		$3000	SPRITE_A9FD14	$88E7B4
asset_88E7B3	$88E7B3	SPRITE	last	$3200	SPRITE_A7D1A2	$88E7B9
asset_88E7BF	$88E7BF	SPRITE		$3000	SPRITE_A9FD14	$88E7C0
asset_88E7BF	$88E7BF	SPRITE	last	$3200	SPRITE_AAEEC3	$88E7C5
asset_88E7CB	$88E7CB	SPRITE		$3000	SPRITE_A9FD14	$88E7CC
asset_88E7CB	$88E7CB	SPRITE	last	$3200	SPRITE_A7D1A2	$88E7D1
asset_88E7D7	$88E7D7	SPRITE		$3000	SPRITE_A9FD14	$88E7D8
asset_88E7D7	$88E7D7	SPRITE	last	$3200	SPRITE_99F98B	$88E7DD
asset_88E7E3	$88E7E3	SPRITE		$3000	SPRITE_A9FD14	$88E7E4
asset_88E7E3	$88E7E3	SPRITE	last	$3200	SPRITE_98E8B6	$88E7E9
asset_88E7EF	$88E7EF	SPRITE	last	$31F4	SPRITE_A8C4AE	$88E7F0
asset_88E7F6	$88E7F6	SPRITE	last	$31F4	SPRITE_A8C4AE	$88E7F7
asset_88E7FD	$88E7FD	SPRITE		$3000	SPRITE_BEDCDD	$88E7FE
asset_88E7FD	$88E7FD	SPRITE		$337A	SPRITE_AEF8F3	$88E803
asset_88E7FD	$88E7FD	SPRITE		$347C	SPRITE_AEFAAE	$88E808
asset_88E7FD	$88E7FD	SPRITE		$349E	SPRITE_AEFAF8	$88E80D
asset_88E7FD	$88E7FD	SPRITE	last	$359C	SPRITE_AEFB97	$88E812
asset_88E818	$88E818	SPRITE		$3000	SPRITE_BEDCDD	$88E819
asset_88E818	$88E818	SPRITE		$337A	SPRITE_AEF8F3	$88E81E
asset_88E818	$88E818	SPRITE	last	$347C	SPRITE_99F9F1	$88E823
asset_88E829	$88E829	SPRITE		$3000	SPRITE_BEDCDD	$88E82A
asset_88E829	$88E829	SPRITE		$337A	SPRITE_AEF8F3	$88E82F
asset_88E829	$88E829	SPRITE	last	$347C	SPRITE_96C7B4	$88E834
asset_88E83B	$88E83B	SPRITE		$309A	SPRITE_A8C2E9	$88E83C
asset_88E83B	$88E83B	SPRITE		$311E	SPRITE_A8C393	$88E841
asset_88E83B	$88E83B	SPRITE		$3248	SPRITE_A8C541	$88E846
asset_88E83B	$88E83B	SPRITE		$3156	SPRITE_A8C3F1	$88E84B
asset_88E83B	$88E83B	SPRITE	last	$3000	SPRITE_A8C1F8	$88E850
asset_88E83B	$88E83B	WRAM	normal	$7F0000	FILE_A7838B	$88E857
asset_88E85F	$88E85F	SPRITE		$3000	SPRITE_A8C1F8	$88E860
asset_88E85F	$88E85F	SPRITE	last	$31F4	SPRITE_A8C4AE	$88E865
asset_88E85F	$88E85F	WRAM	normal	$7F0000	FILE_A7838B	$88E86C
asset_88E874	$88E874	SPRITE		$3000	SPRITE_A8C1F8	$88E875
asset_88E874	$88E874	SPRITE	last	$351E	SPRITE_A8D850	$88E87A
asset_88E874	$88E874	WRAM	normal	$7F0000	FILE_A7838B	$88E881
asset_88E889	$88E889	SPRITE		$311E	SPRITE_A8C393	$88E88A
asset_88E889	$88E889	SPRITE		$3200	SPRITE_A8C4C3	$88E88F
asset_88E889	$88E889	SPRITE	last	$3156	SPRITE_A8C3F1	$88E894
asset_88E889	$88E889	WRAM	normal	$7F0000	FILE_A7838B	$88E89B
asset_88E8A3	$88E8A3	SPRITE		$3512	SPRITE_A8C97A	$88E8A4
asset_88E8A3	$88E8A3	SPRITE		$3312	SPRITE_A8C64A	$88E8A9
asset_88E8A3	$88E8A3	SPRITE	last	$3000	SPRITE_A8C1F8	$88E8AE
asset_88E8A3	$88E8A3	WRAM	normal	$7F0000	FILE_A7838B	$88E8B5
asset_88E8BD	$88E8BD	SPRITE		$3312	SPRITE_A8C64A	$88E8BE
asset_88E8BD	$88E8BD	SPRITE		$3000	SPRITE_A8C1F8	$88E8C3
asset_88E8BD	$88E8BD	SPRITE	last	$34DA	SPRITE_A8C908	$88E8C8
asset_88E8BD	$88E8BD	WRAM	normal	$7F0000	FILE_A7838B	$88E8CF
asset_88E8D7	$88E8D7	SPRITE		$309A	SPRITE_A8C2E9	$88E8D8
asset_88E8D7	$88E8D7	SPRITE		$31F4	SPRITE_A8C4AE	$88E8DD
asset_88E8D7	$88E8D7	SPRITE	last	$38D0	SPRITE_A8DAEF	$88E8E2
asset_88E8D7	$88E8D7	WRAM	normal	$7F0000	FILE_A7838B	$88E8E9
asset_88E8F1	$88E8F1	SPRITE		$3248	SPRITE_A8C541	$88E8F2
asset_88E8F1	$88E8F1	SPRITE		$3200	SPRITE_A8C4C3	$88E8F7
asset_88E8F1	$88E8F1	SPRITE		$3156	SPRITE_A8C3F1	$88E8FC
asset_88E8F1	$88E8F1	SPRITE		$3512	SPRITE_A8C97A	$88E901
asset_88E8F1	$88E8F1	SPRITE	last	$34DA	SPRITE_A8C908	$88E906
asset_88E8F1	$88E8F1	WRAM	normal	$7F0000	FILE_A7838B	$88E90D
asset_88E915	$88E915	SPRITE		$39E4	SPRITE_A8D486	$88E916
asset_88E915	$88E915	SPRITE		$37BA	SPRITE_A8D3CB	$88E91B
asset_88E915	$88E915	SPRITE		$369A	SPRITE_A8D1E8	$88E920
asset_88E915	$88E915	SPRITE		$3000	SPRITE_A8C991	$88E925
asset_88E915	$88E915	SPRITE		$3D00	SPRITE_BEBA27	$88E92A
asset_88E915	$88E915	SPRITE	last	$3E40	SPRITE_BED7CC	$88E92F
asset_88E915	$88E915	WRAM	normal	$7F0000	FILE_B3B6AF	$88E936
asset_88E915	$88E915	WRAM	normal	$7F03C0	FILE_B3F6FE	$88E93C
asset_88E915	$88E915	WRAM	normal	$7F0600	FILE_B4FDFE	$88E942
asset_88E94A	$88E94A	SPRITE		$362E	SPRITE_A8AC30	$88E94B
asset_88E94A	$88E94A	SPRITE	last	$3BC8	SPRITE_A8B8E5	$88E950
asset_88E94A	$88E94A	WRAM	normal	$7F0000	FILE_B3B6AF	$88E957
asset_88E95F	$88E95F	SPRITE		$3116	SPRITE_A8CB10	$88E960
asset_88E95F	$88E95F	SPRITE	last	$3000	SPRITE_A8C991	$88E965
asset_88E95F	$88E95F	WRAM	normal	$7F0000	FILE_B3B6AF	$88E96C
asset_88E95F	$88E95F	WRAM	normal	$7F08C0	FILE_B4FB76	$88E972
asset_88E97A	$88E97A	SPRITE		$3116	SPRITE_A8CB10	$88E97B
asset_88E97A	$88E97A	SPRITE	last	$3000	SPRITE_A8C991	$88E980
asset_88E97A	$88E97A	WRAM	normal	$7F0600	FILE_B4FDFE	$88E987
asset_88E98F	$88E98F	SPRITE		$3C62	SPRITE_A8DCC2	$88E990
asset_88E98F	$88E98F	SPRITE		$3CA8	SPRITE_A8DD3B	$88E995
asset_88E98F	$88E98F	SPRITE	last	$3000	SPRITE_A8C991	$88E99A
asset_88E98F	$88E98F	WRAM	normal	$7F0000	FILE_B3B6AF	$88E9A1
asset_88E9A9	$88E9A9	SPRITE		$3C62	SPRITE_A8DCC2	$88E9AA
asset_88E9A9	$88E9A9	SPRITE		$3CA8	SPRITE_A8DD3B	$88E9AF
asset_88E9A9	$88E9A9	SPRITE	last	$3000	SPRITE_A8C991	$88E9B4
asset_88E9A9	$88E9A9	WRAM	normal	$7F0000	FILE_B3B6AF	$88E9BB
asset_88E9C3	$88E9C3	SPRITE		$3C62	SPRITE_A8DCC2	$88E9C4
asset_88E9C3	$88E9C3	SPRITE		$3CA8	SPRITE_A8DD3B	$88E9C9
asset_88E9C3	$88E9C3	SPRITE		$3000	SPRITE_A8C991	$88E9CE
asset_88E9C3	$88E9C3	SPRITE	last	$38D0	SPRITE_A8DAEF	$88E9D3
asset_88E9C3	$88E9C3	WRAM	normal	$7F0000	FILE_B3B6AF	$88E9DA
asset_88E9E2	$88E9E2	SPRITE		$3C62	SPRITE_A8DCC2	$88E9E3
asset_88E9E2	$88E9E2	SPRITE		$3CA8	SPRITE_A8DD3B	$88E9E8
asset_88E9E2	$88E9E2	SPRITE	last	$3000	SPRITE_A8C991	$88E9ED
asset_88E9E2	$88E9E2	WRAM	normal	$7F0000	FILE_B3B6AF	$88E9F4
asset_88E9FC	$88E9FC	SPRITE		$3512	SPRITE_A8C97A	$88E9FD
asset_88E9FC	$88E9FC	SPRITE		$369A	SPRITE_A8D1E8	$88EA02
asset_88E9FC	$88E9FC	SPRITE		$3704	SPRITE_A8D286	$88EA07
asset_88E9FC	$88E9FC	SPRITE	last	$39E4	SPRITE_A8D486	$88EA0C
asset_88E9FC	$88E9FC	WRAM	normal	$7F0000	FILE_B3B6AF	$88EA13
asset_88E9FC	$88E9FC	WRAM	normal	$7F03C0	FILE_B3F6FE	$88EA19
asset_88E9FC	$88E9FC	WRAM	normal	$7F0600	FILE_B4FDFE	$88EA1F
asset_88EA27	$88EA27	SPRITE		$3116	SPRITE_A8CB10	$88EA28
asset_88EA27	$88EA27	SPRITE	last	$3000	SPRITE_A8C991	$88EA2D
asset_88EA27	$88EA27	WRAM	normal	$7F0000	FILE_B3B6AF	$88EA34
asset_88EA3C	$88EA3C	SPRITE		$369A	SPRITE_A8D1E8	$88EA3D
asset_88EA3C	$88EA3C	SPRITE	last	$375A	SPRITE_A8D31E	$88EA42
asset_88EA3C	$88EA3C	WRAM	normal	$7F0000	FILE_B3B6AF	$88EA49
asset_88EA51	$88EA51	SPRITE		$3116	SPRITE_A8CB10	$88EA52
asset_88EA51	$88EA51	SPRITE	last	$3000	SPRITE_A8C991	$88EA57
asset_88EA51	$88EA51	WRAM	normal	$7F0000	FILE_B3B6AF	$88EA5E
asset_88EA66	$88EA66	SPRITE		$3116	SPRITE_A8CB10	$88EA67
asset_88EA66	$88EA66	SPRITE		$3000	SPRITE_A8C991	$88EA6C
asset_88EA66	$88EA66	SPRITE	last	$382A	SPRITE_A8D9AB	$88EA71
asset_88EA66	$88EA66	WRAM	normal	$7F0000	FILE_B3B6AF	$88EA78
asset_88EA80	$88EA80	SPRITE	last	$3116	SPRITE_A8CB10	$88EA81
asset_88EA80	$88EA80	WRAM	normal	$7F0000	FILE_B3B6AF	$88EA88
asset_88EA90	$88EA90	SPRITE	last	$3A88	SPRITE_A8D587	$88EA91
asset_88EA90	$88EA90	WRAM	normal	$7F0000	FILE_B3B6AF	$88EA98
asset_88EAA0	$88EAA0	SPRITE		$369A	SPRITE_A8D1E8	$88EAA1
asset_88EAA0	$88EAA0	SPRITE		$3704	SPRITE_A8D286	$88EAA6
asset_88EAA0	$88EAA0	SPRITE		$39E4	SPRITE_A8D486	$88EAAB
asset_88EAA0	$88EAA0	SPRITE	last	$37BA	SPRITE_A8D3CB	$88EAB0
asset_88EAA0	$88EAA0	WRAM	normal	$7F0000	FILE_B3B6AF	$88EAB7
asset_88EABF	$88EABF	SPRITE		$3A88	SPRITE_A8D587	$88EAC0
asset_88EABF	$88EABF	SPRITE		$3704	SPRITE_A8D286	$88EAC5
asset_88EABF	$88EABF	SPRITE		$375A	SPRITE_A8D31E	$88EACA
asset_88EABF	$88EABF	SPRITE	last	$3D00	SPRITE_BEBA27	$88EACF
asset_88EABF	$88EABF	WRAM	normal	$7F0000	FILE_B3B6AF	$88EAD6
asset_88EABF	$88EABF	WRAM	normal	$7F03C0	FILE_B3F6FE	$88EADC
asset_88EABF	$88EABF	WRAM	normal	$7F0600	FILE_B4FDFE	$88EAE2
asset_88EAEA	$88EAEA	SPRITE		$3000	SPRITE_A8C991	$88EAEB
asset_88EAEA	$88EAEA	SPRITE	last	$3888	SPRITE_A8DA65	$88EAF0
asset_88EAEA	$88EAEA	WRAM	normal	$7F0000	FILE_B3B6AF	$88EAF7
asset_88EAFF	$88EAFF	SPRITE		$3512	SPRITE_A8C97A	$88EB00
asset_88EAFF	$88EAFF	SPRITE	last	$375A	SPRITE_A8D31E	$88EB05
asset_88EAFF	$88EAFF	WRAM	normal	$7F0000	FILE_B3B6AF	$88EB0C
asset_88EB14	$88EB14	SPRITE		$3C62	SPRITE_A8DCC2	$88EB15
asset_88EB14	$88EB14	SPRITE		$3CA8	SPRITE_A8DD3B	$88EB1A
asset_88EB14	$88EB14	SPRITE	last	$3000	SPRITE_A8C991	$88EB1F
asset_88EB14	$88EB14	WRAM	normal	$7F0000	FILE_B3B6AF	$88EB26
asset_88EB2E	$88EB2E	SPRITE		$3C62	SPRITE_A8DCC2	$88EB2F
asset_88EB2E	$88EB2E	SPRITE		$3CA8	SPRITE_A8DD3B	$88EB34
asset_88EB2E	$88EB2E	SPRITE	last	$3000	SPRITE_A8C991	$88EB39
asset_88EB2E	$88EB2E	WRAM	normal	$7F0000	FILE_B3B6AF	$88EB40
asset_88EB48	$88EB48	SPRITE		$3C62	SPRITE_A8DCC2	$88EB49
asset_88EB48	$88EB48	SPRITE		$3CA8	SPRITE_A8DD3B	$88EB4E
asset_88EB48	$88EB48	SPRITE		$375A	SPRITE_A8D31E	$88EB53
asset_88EB48	$88EB48	SPRITE		$3888	SPRITE_A8DA65	$88EB58
asset_88EB48	$88EB48	SPRITE	last	$3000	SPRITE_A8C991	$88EB5D
asset_88EB48	$88EB48	WRAM	normal	$7F0000	FILE_B3B6AF	$88EB64
asset_88EB6C	$88EB6C	SPRITE		$3116	SPRITE_A8CB10	$88EB6D
asset_88EB6C	$88EB6C	SPRITE		$3000	SPRITE_A8C991	$88EB72
asset_88EB6C	$88EB6C	SPRITE	last	$3D00	SPRITE_BED7FD	$88EB77
asset_88EB6C	$88EB6C	WRAM	normal	$7F0000	FILE_B3B6AF	$88EB7E
asset_88EB86	$88EB86	SPRITE		$375A	SPRITE_A8D31E	$88EB87
asset_88EB86	$88EB86	SPRITE		$369A	SPRITE_A8D1E8	$88EB8C
asset_88EB86	$88EB86	SPRITE		$3704	SPRITE_A8D286	$88EB91
asset_88EB86	$88EB86	SPRITE	last	$37BA	SPRITE_A8D3CB	$88EB96
asset_88EB86	$88EB86	WRAM	normal	$7F03C0	FILE_B3F6FE	$88EB9D
asset_88EB86	$88EB86	WRAM	normal	$7F0600	FILE_B4FDFE	$88EBA3
asset_88EBAB	$88EBAB	SPRITE		$3116	SPRITE_A8CB10	$88EBAC
asset_88EBAB	$88EBAB	SPRITE		$3D00	SPRITE_BEC259	$88EBB1
asset_88EBAB	$88EBAB	SPRITE	last	$38B2	SPRITE_A8DABA	$88EBB6
asset_88EBAB	$88EBAB	WRAM	normal	$7F03C0	FILE_B3F6FE	$88EBBD
asset_88EBAB	$88EBAB	WRAM	normal	$7F0600	FILE_B4FDFE	$88EBC3
asset_88EBCB	$88EBCB	SPRITE	last	$3116	SPRITE_A8CB10	$88EBCC
asset_88EBCB	$88EBCB	WRAM	normal	$7F03C0	FILE_B3F6FE	$88EBD3
asset_88EBCB	$88EBCB	WRAM	normal	$7F0600	FILE_B4FDFE	$88EBD9
asset_88EBE1	$88EBE1	SPRITE		$3704	SPRITE_A8D286	$88EBE2
asset_88EBE1	$88EBE1	SPRITE	last	$38D0	SPRITE_A8DAEF	$88EBE7
asset_88EBED	$88EBED	WRAM	normal	$7F03C0	FILE_B3F6FE	$88EBEF
asset_88EBED	$88EBED	WRAM	normal	$7F0600	FILE_B4FDFE	$88EBF5
asset_88EBFD	$88EBFD	SPRITE		$3116	SPRITE_A8CB10	$88EBFE
asset_88EBFD	$88EBFD	SPRITE		$3000	SPRITE_A8C991	$88EC03
asset_88EBFD	$88EBFD	SPRITE		$38D0	SPRITE_A8DAEF	$88EC08
asset_88EBFD	$88EBFD	SPRITE	last	$3C62	SPRITE_BEC373	$88EC0D
asset_88EBFD	$88EBFD	WRAM	normal	$7F03C0	FILE_B3F6FE	$88EC14
asset_88EBFD	$88EBFD	WRAM	normal	$7F0600	FILE_B4FDFE	$88EC1A
asset_88EC22	$88EC22	SPRITE		$3000	SPRITE_A8A31D	$88EC23
asset_88EC22	$88EC22	SPRITE		$38D0	SPRITE_A8DAEF	$88EC28
asset_88EC22	$88EC22	SPRITE		$3BC8	SPRITE_A8B8E5	$88EC2D
asset_88EC22	$88EC22	SPRITE	last	$3116	SPRITE_A8CB10	$88EC32
asset_88EC38	$88EC38	SPRITE		$3000	SPRITE_A8A31D	$88EC39
asset_88EC38	$88EC38	SPRITE		$38D0	SPRITE_A8DAEF	$88EC3E
asset_88EC38	$88EC38	SPRITE		$3BC8	SPRITE_A8B8E5	$88EC43
asset_88EC38	$88EC38	SPRITE	last	$3116	SPRITE_A8CB10	$88EC48
asset_88EC4E	$88EC4E	SPRITE		$3960	SPRITE_A8DBF3	$88EC4F
asset_88EC4E	$88EC4E	SPRITE	last	$3116	SPRITE_A8CB10	$88EC54
asset_88EC4E	$88EC4E	WRAM	normal	$7F0000	VRAM_A1878F	$88EC5B
asset_88EC63	$88EC63	SPRITE	last	$362E	SPRITE_A8AC30	$88EC64
asset_88EC6A	$88EC6A	SPRITE		$3C62	SPRITE_A8DCC2	$88EC6B
asset_88EC6A	$88EC6A	SPRITE	last	$3CA8	SPRITE_A8DD3B	$88EC70
asset_88EC6A	$88EC6A	WRAM	normal	$7F0000	FILE_B3B6AF	$88EC77
asset_88EC7F	$88EC7F	SPRITE		$3000	SPRITE_A9FD14	$88EC80
asset_88EC7F	$88EC7F	SPRITE	last	$3200	SPRITE_98E8B6	$88EC85
asset_88EC7F	$88EC7F	WRAM	normal	$7F0000	FILE_B3B6AF	$88EC8C
asset_88EC94	$88EC94	SPRITE	last	$31F4	SPRITE_A8C4AE	$88EC95
asset_88EC94	$88EC94	WRAM	normal	$7F0000	FILE_B3B6AF	$88EC9C
asset_88EC94	$88EC94	WRAM	normal	$7F03C0	FILE_B3F6FE	$88ECA2
asset_88EC94	$88EC94	WRAM	normal	$7F0600	FILE_B4FDFE	$88ECA8
asset_88ECB0	$88ECB0	SPRITE	last	$31F4	SPRITE_A8C4AE	$88ECB1
asset_88ECB0	$88ECB0	WRAM	normal	$7F0000	FILE_B3B6AF	$88ECB8
asset_88ECC0	$88ECC0	SPRITE		$369A	SPRITE_A8D1E8	$88ECC1
asset_88ECC0	$88ECC0	SPRITE	last	$382A	SPRITE_A8D9AB	$88ECC6
asset_88ECC0	$88ECC0	WRAM	normal	$7F0000	FILE_B3B6AF	$88ECCD
asset_88ECD5	$88ECD5	SPRITE		$3116	SPRITE_A8CB10	$88ECD6
asset_88ECD5	$88ECD5	SPRITE	last	$3CA8	SPRITE_A8DD3B	$88ECDB
asset_88ECD5	$88ECD5	WRAM	normal	$7F0000	FILE_B3B6AF	$88ECE2
asset_88ECEA	$88ECEA	SPRITE		$3CA8	SPRITE_A8DD3B	$88ECEB
asset_88ECEA	$88ECEA	SPRITE	last	$382A	SPRITE_A8D9AB	$88ECF0
asset_88ECEA	$88ECEA	WRAM	normal	$7F0000	FILE_B3B6AF	$88ECF7
asset_88ECFF	$88ECFF	SPRITE	last	$3CA8	SPRITE_A8DD3B	$88ED00
asset_88ECFF	$88ECFF	WRAM	normal	$7F0000	FILE_B3B6AF	$88ED07
asset_88ED0F	$88ED0F	SPRITE	last	$3CA8	SPRITE_A8DD3B	$88ED10
asset_88ED0F	$88ED0F	WRAM	normal	$7F0000	FILE_B3B6AF	$88ED17
asset_88ED0F	$88ED0F	WRAM	normal	$7F03C0	FILE_B3F6FE	$88ED1D
asset_88ED0F	$88ED0F	WRAM	normal	$7F0600	FILE_B4FDFE	$88ED23
asset_88ED2B	$88ED2B	SPRITE	last	$3200	SPRITE_98E925	$88ED2C
asset_88ED32	$88ED32	SPRITE	last	$3D2A	SPRITE_A8DE12	$88ED33
asset_88ED39	$88ED39	SPRITE	last	$31F4	SPRITE_A8C4AE	$88ED3A
asset_88ED39	$88ED39	WRAM	normal	$7F0000	FILE_B3B6AF	$88ED41
asset_88ED49	$88ED49	SPRITE	last	$31F4	SPRITE_A8C4AE	$88ED4A
asset_88ED50	$88ED50	SPRITE	last	$31F4	SPRITE_A8C4AE	$88ED51
asset_88ED57	$88ED57	SPRITE	last	$31F4	SPRITE_A8C4AE	$88ED58
asset_88ED5E	$88ED5E	SPRITE	last	$31F4	SPRITE_A8C4AE	$88ED5F
asset_88ED65	$88ED65	SPRITE	last	$31F4	SPRITE_A8C4AE	$88ED66
asset_88ED6C	$88ED6C	SPRITE	last	$31F4	SPRITE_A8C4AE	$88ED6D
asset_88ED73	$88ED73	SPRITE	last	$31F4	SPRITE_A8C4AE	$88ED74
asset_88ED7A	$88ED7A	SPRITE	last	$31F4	SPRITE_A8C4AE	$88ED7B
asset_88ED81	$88ED81	SPRITE	last	$31F4	SPRITE_A8C4AE	$88ED82
asset_88ED88	$88ED88	SPRITE	last	$31F4	SPRITE_A8C4AE	$88ED89
asset_88ED8F	$88ED8F	SPRITE	last	$31F4	SPRITE_A8C4AE	$88ED90
asset_88ED96	$88ED96	SPRITE	last	$31F4	SPRITE_A8C4AE	$88ED97
asset_88ED9D	$88ED9D	SPRITE		$3000	SPRITE_A9FD14	$88ED9E
asset_88ED9D	$88ED9D	SPRITE	last	$3200	SPRITE_A9FD63	$88EDA3
asset_88EDA9	$88EDA9	SPRITE		$3000	SPRITE_A9FD14	$88EDAA
asset_88EDA9	$88EDA9	SPRITE	last	$3200	SPRITE_A7D275	$88EDAF
asset_88EDB5	$88EDB5	SPRITE		$3000	SPRITE_A9FD14	$88EDB6
asset_88EDB5	$88EDB5	SPRITE		$3200	SPRITE_AEFC68	$88EDBB
asset_88EDB5	$88EDB5	SPRITE	last	$3300	SPRITE_98EB06	$88EDC0
asset_88EDC6	$88EDC6	SPRITE		$3000	SPRITE_A9FD14	$88EDC7
asset_88EDC6	$88EDC6	SPRITE		$3200	SPRITE_AEFCEC	$88EDCC
asset_88EDC6	$88EDC6	SPRITE	last	$3300	SPRITE_A9FDB7	$88EDD1
asset_88EDD7	$88EDD7	SPRITE		$3000	SPRITE_A9FD14	$88EDD8
asset_88EDD7	$88EDD7	SPRITE		$3200	SPRITE_A9FE03	$88EDDD
asset_88EDD7	$88EDD7	SPRITE	last	$3300	SPRITE_92FCFF	$88EDE2
asset_88EDE8	$88EDE8	SPRITE		$3000	SPRITE_A9FD14	$88EDE9
asset_88EDE8	$88EDE8	SPRITE		$3200	SPRITE_A7D1A2	$88EDEE
asset_88EDE8	$88EDE8	SPRITE	last	$3300	SPRITE_92FB86	$88EDF3
asset_88EDF9	$88EDF9	SPRITE		$3000	SPRITE_A9FD14	$88EDFA
asset_88EDF9	$88EDF9	SPRITE	last	$3200	SPRITE_AAEEC3	$88EDFF
asset_88EE05	$88EE05	SPRITE		$3000	SPRITE_A9FD14	$88EE06
asset_88EE05	$88EE05	SPRITE		$3200	SPRITE_96DB4A	$88EE0B
asset_88EE05	$88EE05	SPRITE	last	$3300	SPRITE_9A8000	$88EE10
asset_88EE16	$88EE16	SPRITE		$3000	SPRITE_A9FD14	$88EE17
asset_88EE16	$88EE16	SPRITE	last	$3200	SPRITE_99F98B	$88EE1C
asset_88EE22	$88EE22	SPRITE		$3000	SPRITE_A9FD14	$88EE23
asset_88EE22	$88EE22	SPRITE	last	$3200	SPRITE_98E8B6	$88EE28
asset_88EE2E	$88EE2E	SPRITE		$3000	SPRITE_A9FD14	$88EE2F
asset_88EE2E	$88EE2E	SPRITE	last	$3200	SPRITE_97FB9D	$88EE34
asset_88EE3A	$88EE3A	SPRITE		$3000	SPRITE_A9FD14	$88EE3B
asset_88EE3A	$88EE3A	SPRITE	last	$3200	SPRITE_96C5AD	$88EE40
asset_88EE46	$88EE46	SPRITE		$3000	SPRITE_A9FD14	$88EE47
asset_88EE46	$88EE46	SPRITE	last	$3200	SPRITE_A1FF71	$88EE4C
asset_88EE52	$88EE52	SPRITE		$3000	SPRITE_A9FD14	$88EE53
asset_88EE52	$88EE52	SPRITE	last	$3200	SPRITE_ACF9E8	$88EE58
asset_88EE5E	$88EE5E	SPRITE		$3000	SPRITE_98E90A	$88EE5F
asset_88EE5E	$88EE5E	SPRITE	last	$3200	SPRITE_98E978	$88EE64
asset_88EE6A	$88EE6A	SPRITE		$3000	SPRITE_98E90A	$88EE6B
asset_88EE6A	$88EE6A	SPRITE	last	$3200	SPRITE_98E978	$88EE70
asset_88EE76	$88EE76	SPRITE		$3000	SPRITE_98E90A	$88EE77
asset_88EE76	$88EE76	SPRITE		$3200	SPRITE_98EA9F	$88EE7C
asset_88EE76	$88EE76	SPRITE	last	$3300	SPRITE_98EB06	$88EE81
asset_88EE87	$88EE87	SPRITE		$3000	SPRITE_98E90A	$88EE88
asset_88EE87	$88EE87	SPRITE	last	$3300	SPRITE_98EC48	$88EE8D
asset_88EE93	$88EE93	SPRITE		$3000	SPRITE_98E90A	$88EE94
asset_88EE93	$88EE93	SPRITE		$3200	SPRITE_97FB54	$88EE99
asset_88EE93	$88EE93	SPRITE	last	$3300	SPRITE_92FA63	$88EE9E
asset_88EEA4	$88EEA4	SPRITE		$3000	SPRITE_98E90A	$88EEA5
asset_88EEA4	$88EEA4	SPRITE		$3200	SPRITE_96DB4A	$88EEAA
asset_88EEA4	$88EEA4	SPRITE	last	$3300	SPRITE_9A8000	$88EEAF
asset_88EEB5	$88EEB5	SPRITE		$3000	SPRITE_98E90A	$88EEB6
asset_88EEB5	$88EEB5	SPRITE		$3200	SPRITE_96DB4A	$88EEBB
asset_88EEB5	$88EEB5	SPRITE	last	$3300	SPRITE_9A8000	$88EEC0
asset_88EEC6	$88EEC6	SPRITE		$3000	SPRITE_98E90A	$88EEC7
asset_88EEC6	$88EEC6	SPRITE		$3200	SPRITE_96DB4A	$88EECC
asset_88EEC6	$88EEC6	SPRITE	last	$3300	SPRITE_9A8000	$88EED1
asset_88EED7	$88EED7	SPRITE		$3000	SPRITE_98E90A	$88EED8
asset_88EED7	$88EED7	SPRITE	last	$3200	SPRITE_9A803C	$88EEDD
asset_88EEE3	$88EEE3	SPRITE		$3000	SPRITE_98E90A	$88EEE4
asset_88EEE3	$88EEE3	SPRITE	last	$3200	SPRITE_9BEAFD	$88EEE9
asset_88EEEF	$88EEEF	SPRITE		$3000	SPRITE_98E90A	$88EEF0
asset_88EEEF	$88EEEF	SPRITE	last	$3200	SPRITE_9BEB52	$88EEF5
asset_88EEFB	$88EEFB	SPRITE		$3000	SPRITE_98E90A	$88EEFC
asset_88EEFB	$88EEFB	SPRITE		$3200	SPRITE_98E978	$88EF01
asset_88EEFB	$88EEFB	SPRITE	last	$3D00	SPRITE_BEBA27	$88EF06
asset_88EF0C	$88EF0C	SPRITE		$3000	SPRITE_98E90A	$88EF0D
asset_88EF0C	$88EF0C	SPRITE	last	$3200	SPRITE_BECCBB	$88EF12
asset_88EF18	$88EF18	SPRITE		$3000	SPRITE_98E90A	$88EF19
asset_88EF18	$88EF18	SPRITE	last	$3200	SPRITE_A8D1E8	$88EF1E
asset_88EF24	$88EF24	SPRITE	last	$3000	SPRITE_96C5AD	$88EF25
asset_88EF2B	$88EF2B	SPRITE		$3000	SPRITE_BEC83D	$88EF2C
asset_88EF2B	$88EF2B	SPRITE	last	$3D00	SPRITE_A8ADFB	$88EF31
asset_88EF2B	$88EF2B	WRAM	normal	$7F0000	VRAM_A1878F	$88EF38
asset_88EF40	$88EF40	SPRITE	last	$31F4	SPRITE_A8C4AE	$88EF41
asset_88EF47	$88EF47	SPRITE	last	$375A	SPRITE_A8D31E	$88EF48
asset_88EF4E	$88EF4E	SPRITE	last	$375A	SPRITE_A8D31E	$88EF4F
asset_88EF55	$88EF55	SPRITE	last	$375A	SPRITE_A8D31E	$88EF56
asset_88EF5C	$88EF5C	SPRITE	last	$3000	SPRITE_A8989D	$88EF5D
asset_88EF63	$88EF63	SPRITE	last	$375A	SPRITE_A8D31E	$88EF64
asset_88EF6A	$88EF6A	SPRITE		$3888	SPRITE_A8DA65	$88EF6B
asset_88EF6A	$88EF6A	SPRITE	last	$3960	SPRITE_A8DBF3	$88EF70
asset_88EF76	$88EF76	SPRITE	last	$3D00	SPRITE_BEBBF6	$88EF77
asset_88EF7D	$88EF7D	SPRITE	last	$3D00	SPRITE_BEBBF6	$88EF7E
asset_88EF84	$88EF84	SPRITE	last	$3D00	SPRITE_BEBBF6	$88EF85
asset_88EF8B	$88EF8B	SPRITE	last	$31F4	SPRITE_A8C4AE	$88EF8C
asset_88EF92	$88EF92	SPRITE	last	$3D00	SPRITE_BEC259	$88EF93
